1784851200000000,65098.98000000,65113.86000000,65095.00000000,65095.00000000,7.88054000,1784851259999999,513037.94691930,1243,1.12440000,73198.88907140,0
1784851260000000,65095.01000000,65095.01000000,65058.00000000,65061.18000000,9.28511000,1784851319999999,604241.13394720,2259,4.02063000,261611.50322370,0
1784851320000000,65061.17000000,65108.00000000,65061.17000000,65077.59000000,4.01821000,1784851379999999,261513.34607950,2477,2.37388000,154477.85202370,0
1784851380000000,65077.58000000,65077.58000000,65045.15000000,65045.15000000,8.81122000,1784851439999999,573202.02777040,1091,0.37738000,24555.68133860,0
1784851440000000,65045.15000000,65045.16000000,65017.95000000,65029.99000000,7.46921000,1784851499999999,485738.04211910,1794,2.94109000,191263.09742580,0
1784851500000000,65029.99000000,65030.00000000,64952.41000000,64952.41000000,20.67319000,1784851559999999,1343598.02619500,3296,2.00914000,130571.32047270,0
1784851560000000,64952.42000000,65015.46000000,64952.42000000,65015.46000000,8.33477000,1784851619999999,541671.86565450,2316,4.80412000,312218.31203510,0
1784851620000000,65015.46000000,65015.46000000,64990.00000000,64990.01000000,2.42181000,1784851679999999,157417.17042600,866,0.98396000,63952.81494490,0
1784851680000000,64990.01000000,64990.01000000,64966.00000000,64972.72000000,6.81296000,1784851739999999,442691.79580430,1020,0.71776000,46632.79193320,0
1784851740000000,64972.73000000,64972.73000000,64938.01000000,64944.02000000,6.96934000,1784851799999999,452691.67778650,1371,1.31067000,85118.25956830,0
1784851800000000,64944.03000000,64966.36000000,64901.01000000,64908.05000000,12.26797000,1784851859999999,796742.35592460,2538,2.86029000,185750.93982430,0
1784851860000000,64908.05000000,64912.02000000,64894.84000000,64912.02000000,3.48082000,1784851919999999,225919.45225670,1225,2.05414000,133325.03149100,0
1784851920000000,64912.01000000,64940.00000000,64908.00000000,64940.00000000,4.65516000,1784851979999999,302190.03252570,1246,2.75562000,178888.23357560,0
1784851980000000,64940.00000000,64951.73000000,64937.12000000,64951.73000000,3.30379000,1784852039999999,214561.43993640,1174,1.84880000,120064.10062910,0
1784852040000000,64951.73000000,64951.73000000,64934.67000000,64934.67000000,1.89766000,1784852099999999,123236.25691570,844,0.24636000,15997.77165110,0
1784852100000000,64934.68000000,64946.93000000,64934.67000000,64940.00000000,3.10170000,1784852159999999,201421.63804560,796,2.17906000,141501.08572010,0
1784852160000000,64940.00000000,64940.00000000,64936.23000000,64937.09000000,1.07159000,1784852219999999,69586.08232830,424,0.30035000,19503.71032410,0
1784852220000000,64937.09000000,64950.00000000,64923.24000000,64923.25000000,2.49670000,1784852279999999,162130.72254330,1575,1.15735000,75156.68427780,0
1784852280000000,64923.24000000,64949.45000000,64907.07000000,64949.44000000,7.84475000,1784852339999999,509269.05084540,1640,2.20688000,143284.40130770,0
1784852340000000,64949.45000000,64950.00000000,64930.01000000,64930.01000000,1.66443000,1784852399999999,108092.05694890,993,0.28620000,18586.78042430,0
1784852400000000,64930.01000000,64930.01000000,64912.00000000,64928.48000000,3.47958000,1784852459999999,225881.42291200,1106,2.60343000,169001.23216720,0
1784852460000000,64928.49000000,64952.01000000,64928.48000000,64951.75000000,4.80318000,1784852519999999,311965.54113330,1061,2.44922000,159073.28426500,0
1784852520000000,64951.75000000,64957.09000000,64942.00000000,64954.66000000,2.08786000,1784852579999999,135607.57656520,1248,0.82442000,53545.95515500,0
1784852580000000,64954.65000000,64990.68000000,64954.65000000,64988.55000000,5.18258000,1784852639999999,336742.48449130,1172,2.91562000,189419.98081100,0
1784852640000000,64988.56000000,64988.56000000,64970.00000000,64970.01000000,3.24151000,1784852699999999,210629.58639030,882,0.14433000,9379.15575820,0
1784852700000000,64970.00000000,64970.01000000,64917.74000000,64917.74000000,3.10442000,1784852759999999,201610.69217550,1166,0.32220000,20930.96533680,0
1784852760000000,64917.74000000,64937.05000000,64914.01000000,64930.00000000,1.59755000,1784852819999999,103724.88045260,1071,1.18809000,77137.73869820,0
1784852820000000,64930.00000000,64930.01000000,64903.03000000,64903.04000000,0.99835000,1784852879999999,64809.36884630,917,0.20348000,13209.82128610,0
1784852880000000,64903.03000000,64903.03000000,64888.00000000,64888.01000000,3.25620000,1784852939999999,211301.55404430,560,0.37857000,24564.71050890,0
1784852940000000,64888.01000000,64888.01000000,64881.53000000,64881.54000000,0.85744000,1784852999999999,55633.63924650,441,0.24633000,15982.84802460,0
1784853000000000,64881.54000000,64913.70000000,64881.53000000,64882.01000000,5.28033000,1784853059999999,342660.75753310,1579,3.61955000,234870.51877970,0
1784853060000000,64882.01000000,64882.01000000,64880.00000000,64880.00000000,1.44498000,1784853119999999,93751.05624040,509,0.17541000,11380.80984150,0
1784853120000000,64880.01000000,64885.69000000,64828.00000000,64839.65000000,16.54596000,1784853179999999,1072968.57080220,2345,4.56991000,296324.65835910,0
1784853180000000,64839.64000000,64839.65000000,64777.07000000,64809.63000000,21.47030000,1784853239999999,1391398.51903040,5240,4.91529000,318492.98895100,0
1784853240000000,64809.63000000,64834.83000000,64809.63000000,64834.83000000,2.79555000,1784853299999999,181192.37692600,1203,1.94653000,126163.62832700,0
1784853300000000,64834.83000000,64875.26000000,64832.59000000,64875.26000000,4.63515000,1784853359999999,300574.60158630,1440,3.48839000,226222.31531110,0
1784853360000000,64875.26000000,64906.77000000,64875.26000000,64906.00000000,7.44107000,1784853419999999,482918.76123960,1368,1.78613000,115911.02748670,0
1784853420000000,64906.00000000,64906.00000000,64870.00000000,64870.01000000,5.24353000,1784853479999999,340234.98297770,1710,0.83336000,54064.30103840,0
1784853480000000,64870.00000000,64870.00000000,64794.92000000,64794.93000000,23.03189000,1784853539999999,1493474.74712190,2627,0.81170000,52618.56082450,0
1784853540000000,64794.93000000,64818.99000000,64794.01000000,64794.01000000,4.99691000,1784853599999999,323839.66709490,2437,1.99166000,129070.78420210,0
1784853600000000,64794.00000000,64794.00000000,64762.18000000,64775.99000000,5.83976000,1784853659999999,378287.13233650,2191,1.75029000,113363.73270080,0
1784853660000000,64776.00000000,64802.97000000,64776.00000000,64780.01000000,5.45527000,1784853719999999,353465.86170460,1732,3.05366000,197857.44940420,0
1784853720000000,64780.00000000,64840.31000000,64778.12000000,64830.01000000,16.04803000,1784853779999999,1040168.04522430,2599,10.43204000,676165.32254700,0
1784853780000000,64830.00000000,64856.00000000,64830.00000000,64844.66000000,5.70873000,1784853839999999,370167.71044680,1262,4.33607000,281152.53391800,0
1784853840000000,64844.66000000,64859.45000000,64844.66000000,64856.00000000,2.98166000,1784853899999999,193368.36764820,636,2.17039000,140750.20576340,0
1784853900000000,64856.00000000,64912.50000000,64852.00000000,64912.49000000,9.18257000,1784853959999999,595709.41689200,1500,8.55605000,555056.92832310,0
1784853960000000,64912.50000000,64931.25000000,64912.49000000,64919.44000000,4.07537000,1784854019999999,264583.87522050,1106,1.13000000,73361.98250840,0
1784854020000000,64919.45000000,64920.33000000,64906.00000000,64920.33000000,3.67636000,1784854079999999,238652.95853630,1658,1.25529000,81485.13321880,0
1784854080000000,64920.32000000,64926.00000000,64919.86000000,64925.11000000,2.14722000,1784854139999999,139407.60217950,773,1.53581000,99712.48611020,0
1784854140000000,64925.10000000,64932.26000000,64912.53000000,64932.25000000,1.93219000,1784854199999999,125445.23098130,1053,1.39240000,90400.59662630,0
1784854200000000,64932.26000000,64940.00000000,64919.28000000,64940.00000000,2.89914000,1784854259999999,188241.64665290,1252,1.37684000,89398.07832320,0
1784854260000000,64940.01000000,64949.16000000,64939.10000000,64943.04000000,12.07942000,1784854319999999,784512.22630370,1556,1.49332000,96985.01972950,0
1784854320000000,64943.04000000,64947.71000000,64932.00000000,64932.01000000,1.34887000,1784854379999999,87593.53979990,1001,0.38391000,24930.98411090,0
1784854380000000,64932.01000000,64934.00000000,64931.39000000,64931.39000000,0.86688000,1784854439999999,56288.73703310,365,0.51136000,33203.74777880,0
1784854440000000,64931.40000000,64931.40000000,64920.42000000,64921.48000000,2.72902000,1784854499999999,177184.73524450,868,0.91206000,59215.33903400,0
1784854500000000,64921.48000000,64921.48000000,64904.45000000,64919.99000000,1.10651000,1784854559999999,71830.27632020,1008,0.46871000,30426.58614460,0
1784854560000000,64920.00000000,64940.93000000,64919.99000000,64934.37000000,12.08979000,1784854619999999,785048.17299610,533,11.04513000,717217.13156760,0
1784854620000000,64934.36000000,64954.00000000,64934.36000000,64951.02000000,3.53025000,1784854679999999,229273.25165590,1311,2.62039000,170179.27236200,0
1784854680000000,64951.03000000,64962.78000000,64951.03000000,64962.78000000,2.40547000,1784854739999999,156249.32016510,541,2.22175000,144314.95587620,0
1784854740000000,64962.79000000,64974.00000000,64962.78000000,64973.99000000,1.35520000,1784854799999999,88046.50421210,843,1.20282000,78146.30114580,0
1784854800000000,64974.00000000,64974.00000000,64955.09000000,64955.10000000,2.14356000,1784854859999999,139266.48204910,1218,0.47729000,31008.87546600,0
1784854860000000,64955.10000000,64975.99000000,64944.37000000,64975.99000000,5.68152000,1784854919999999,369073.99131490,1925,2.31731000,150539.72403030,0
1784854920000000,64976.00000000,64984.76000000,64972.01000000,64972.01000000,2.49261000,1784854979999999,161977.01355330,1194,0.89738000,58313.68867410,0
1784854980000000,64972.01000000,64978.00000000,64962.01000000,64978.00000000,1.76213000,1784855039999999,114484.17075260,1022,1.18379000,76910.10504420,0
1784855040000000,64978.00000000,65100.00000000,64977.99000000,65092.00000000,22.72015000,1784855099999999,1477977.47768570,4163,20.49456000,1333166.89141760,0
1784855100000000,65092.00000000,65125.52000000,65086.00000000,65086.01000000,12.14910000,1784855159999999,790977.81138580,2776,7.24203000,471503.79943010,0
1784855160000000,65086.00000000,65089.24000000,65062.00000000,65072.79000000,6.20933000,1784855219999999,404099.93118220,2420,3.09068000,201129.99164450,0
1784855220000000,65072.78000000,65088.00000000,65062.40000000,65062.41000000,6.07849000,1784855279999999,395544.23570360,2164,3.64176000,236972.02529130,0
1784855280000000,65062.41000000,65067.11000000,65058.00000000,65067.11000000,2.65426000,1784855339999999,172683.69360310,749,0.68513000,44574.38724660,0
1784855340000000,65067.10000000,65088.00000000,65066.93000000,65084.00000000,3.94861000,1784855399999999,256949.76747830,1311,2.07425000,134977.08514570,0
1784855400000000,65084.01000000,65090.00000000,65073.35000000,65073.36000000,4.00539000,1784855459999999,260689.66659600,1296,1.72110000,112010.85163130,0
1784855460000000,65073.35000000,65073.35000000,65046.41000000,65046.41000000,0.89588000,1784855519999999,58281.25864900,1032,0.22583000,14690.09382350,0
1784855520000000,65046.42000000,65046.42000000,65024.88000000,65042.12000000,4.72905000,1784855579999999,307529.39993130,2170,3.20989000,208736.18102410,0
1784855580000000,65042.11000000,65058.69000000,65042.11000000,65058.68000000,16.09300000,1784855639999999,1046910.57223650,692,15.89443000,1033993.60269450,0
1784855640000000,65058.69000000,65058.69000000,65045.40000000,65045.41000000,2.58708000,1784855699999999,168299.05332400,883,0.27976000,18200.17034460,0
1784855700000000,65045.40000000,65045.40000000,65014.00000000,65023.99000000,3.31348000,1784855759999999,215448.86515870,1656,1.27085000,82627.36869290,0
1784855760000000,65024.00000000,65050.00000000,65016.61000000,65016.62000000,2.94511000,1784855819999999,191527.54283390,1981,1.58276000,102929.94811410,0
1784855820000000,65016.61000000,65018.35000000,64996.16000000,65015.99000000,6.69584000,1784855879999999,435281.63331320,1449,0.88910000,57800.14344930,0
1784855880000000,65015.99000000,65024.01000000,65004.86000000,65004.87000000,3.52788000,1784855939999999,229361.11731390,1616,0.52392000,34065.22057710,0
1784855940000000,65004.87000000,65034.00000000,64996.99000000,65033.99000000,3.13003000,1784855999999999,203478.97956510,1602,2.20703000,143478.46551540,0
1784856000000000,65033.99000000,65034.00000000,65019.38000000,65033.55000000,1.98943000,1784856059999999,129371.63099440,1069,0.51171000,33275.82777340,0
1784856060000000,65033.54000000,65033.54000000,65006.00000000,65006.00000000,2.86676000,1784856119999999,186401.75964810,1197,0.94382000,61364.44701180,0
1784856120000000,65006.00000000,65007.05000000,64996.00000000,65007.05000000,1.73889000,1784856179999999,113026.75578940,842,0.91134000,59236.15452760,0
1784856180000000,65007.05000000,65030.08000000,65007.05000000,65030.08000000,5.48315000,1784856239999999,356509.65996690,1258,1.76902000,115015.11949710,0
1784856240000000,65030.08000000,65039.99000000,65026.00000000,65039.99000000,1.59286000,1784856299999999,103585.25414940,731,0.83546000,54330.72822990,0
1784856300000000,65039.99000000,65081.82000000,65039.99000000,65081.82000000,3.44791000,1784856359999999,224318.46015330,1225,2.74641000,178672.60057540,0
1784856360000000,65081.82000000,65114.79000000,65081.81000000,65109.58000000,4.29848000,1784856419999999,279848.16624790,1748,2.18902000,142494.48796450,0
1784856420000000,65109.58000000,65116.54000000,65086.00000000,65116.54000000,5.47256000,1784856479999999,356300.01298100,1433,3.30150000,214962.15476060,0
1784856480000000,65116.53000000,65116.54000000,65102.05000000,65106.20000000,1.76233000,1784856539999999,114739.66949270,710,0.76003000,49480.69898950,0
1784856540000000,65106.19000000,65106.90000000,65006.05000000,65018.57000000,129.98718000,1784856599999999,8454373.84725120,2621,40.05655000,2605024.68124170,0
1784856600000000,65018.56000000,65077.04000000,65018.56000000,65042.01000000,137.97625000,1784856659999999,8976579.45947690,6747,121.74806000,7920677.65765230,0
1784856660000000,65042.00000000,65071.96000000,65037.20000000,65037.21000000,11.28649000,1784856719999999,734340.90363030,2886,7.35884000,478810.40752590,0
1784856720000000,65037.21000000,65048.00000000,65037.20000000,65044.50000000,1.82672000,1784856779999999,118813.77886980,871,0.59265000,38546.56980500,0
1784856780000000,65044.51000000,65107.99000000,65044.50000000,65107.99000000,22.39079000,1784856839999999,1457416.95767760,2110,22.27568000,1449925.46045430,0
1784856840000000,65108.00000000,65136.00000000,65107.99000000,65127.29000000,3.96586000,1784856899999999,258279.24360280,1559,3.13698000,204293.39599130,0
1784856900000000,65127.29000000,65129.55000000,65116.00000000,65122.96000000,3.26017000,1784856959999999,212312.79279170,1844,1.01546000,66126.87502530,0
1784856960000000,65122.97000000,65136.00000000,65122.97000000,65125.59000000,2.07275000,1784857019999999,134996.79628480,1159,1.30588000,85049.05898650,0
1784857020000000,65125.59000000,65147.99000000,65120.00000000,65147.98000000,5.51450000,1784857079999999,359164.19676610,1747,1.13058000,73638.50823760,0
1784857080000000,65147.99000000,65156.00000000,65144.18000000,65156.00000000,2.29153000,1784857139999999,149288.24327120,937,1.00850000,65703.23413580,0
1784857140000000,65156.00000000,65168.00000000,65125.99000000,65125.99000000,13.54221000,1784857199999999,882137.77075690,2198,0.98268000,64027.59651520,0
1784857200000000,65126.00000000,65154.00000000,65126.00000000,65144.01000000,16.91104000,1784857259999999,1101643.02200480,2297,13.23986000,862473.07724480,0
1784857260000000,65144.00000000,65150.00000000,65142.00000000,65150.00000000,1.25210000,1784857319999999,81566.85728290,568,0.83254000,54235.06533580,0
1784857320000000,65149.99000000,65158.00000000,65131.00000000,65131.00000000,5.54530000,1784857379999999,361246.84624240,1845,2.54653000,165903.77407220,0
1784857380000000,65131.00000000,65131.01000000,65131.00000000,65131.01000000,2.23555000,1784857439999999,145603.61552620,346,0.84762000,55206.34669620,0
1784857440000000,65131.00000000,65133.62000000,65100.20000000,65100.20000000,4.22917000,1784857499999999,275392.37251270,1842,1.09591000,71363.13865050,0
1784857500000000,65100.20000000,65110.00000000,65094.00000000,65094.01000000,4.25917000,1784857559999999,277274.76547670,1600,2.11510000,137693.28599990,0
1784857560000000,65094.01000000,65114.00000000,65094.00000000,65107.82000000,4.69248000,1784857619999999,305518.61462860,1126,1.51756000,98796.71286270,0
1784857620000000,65107.82000000,65130.15000000,65091.50000000,65130.15000000,10.59931000,1784857679999999,690046.60031080,1935,7.58932000,494085.06592510,0
1784857680000000,65130.15000000,65130.15000000,65117.71000000,65122.92000000,2.18330000,1784857739999999,142187.08055880,836,0.81931000,53355.48481860,0
1784857740000000,65122.92000000,65125.96000000,65089.99000000,65090.00000000,33.62835000,1784857799999999,2189304.58713610,1065,4.09496000,266580.01871190,0
1784857800000000,65090.00000000,65109.97000000,65086.00000000,65090.01000000,39.28153000,1784857859999999,2557276.04241400,3096,33.10888000,2155407.38327040,0
1784857860000000,65090.01000000,65104.00000000,65080.00000000,65088.62000000,4.31121000,1784857919999999,280649.89439880,1572,1.20275000,78288.25127470,0
1784857920000000,65088.62000000,65103.96000000,65076.00000000,65103.96000000,2.22029000,1784857979999999,144505.90070520,1407,1.30488000,84927.49179150,0
1784857980000000,65103.96000000,65118.00000000,65088.01000000,65117.99000000,3.16292000,1784858039999999,205913.59781610,1554,2.16792000,141140.52913690,0
1784858040000000,65117.99000000,65125.48000000,65099.99000000,65100.00000000,20.30274000,1784858099999999,1321952.30280340,1143,1.65568000,107807.67192520,0
1784858100000000,65100.00000000,65112.29000000,65088.56000000,65090.00000000,23.93042000,1784858159999999,1557912.61270340,2804,17.31699000,1127391.89962470,0
1784858160000000,65090.01000000,65090.34000000,65080.00000000,65080.01000000,2.22446000,1784858219999999,144780.26354650,1157,0.83122000,54099.91878090,0
1784858220000000,65080.00000000,65080.01000000,65070.39000000,65070.40000000,1.34775000,1784858279999999,87708.30784850,436,0.71296000,46397.53039960,0
1784858280000000,65070.39000000,65090.00000000,65064.00000000,65089.99000000,6.31253000,1784858339999999,410784.18318300,1300,3.89568000,253522.66508260,0
1784858340000000,65090.00000000,65090.00000000,65086.00000000,65086.00000000,1.23668000,1784858399999999,80495.27862510,527,0.29967000,19505.51563170,0
1784858400000000,65086.00000000,65094.00000000,65086.00000000,65094.00000000,5.93793000,1784858459999999,386484.80224860,510,4.82775000,314225.94789840,0
1784858460000000,65094.00000000,65112.00000000,65093.99000000,65111.98000000,5.95243000,1784858519999999,387515.09812260,1302,4.44082000,289097.19555060,0
1784858520000000,65111.98000000,65111.98000000,65102.01000000,65104.57000000,1.94912000,1784858579999999,126899.93509970,794,0.62148000,40461.45499210,0
1784858580000000,65104.57000000,65124.01000000,65104.57000000,65122.92000000,3.18617000,1784858639999999,207467.77019290,1217,2.62216000,170737.94359550,0
1784858640000000,65122.92000000,65122.92000000,65080.56000000,65080.56000000,2.34450000,1784858699999999,152632.58260110,1873,0.33970000,22112.26311020,0
1784858700000000,65080.55000000,65080.55000000,65066.00000000,65066.01000000,1.55709000,1784858759999999,101322.46862710,634,0.26659000,17346.32037830,0
1784858760000000,65066.01000000,65078.90000000,65064.00000000,65078.90000000,1.94281000,1784858819999999,126415.47282880,665,1.00606000,65463.84442900,0
1784858820000000,65078.90000000,65087.79000000,65068.00000000,65087.78000000,1.37003000,1784858879999999,89156.86983680,1045,0.78261000,50928.35453470,0
1784858880000000,65087.79000000,65119.39000000,65087.78000000,65117.99000000,5.90628000,1784858939999999,384505.10612960,809,5.15956000,335879.45591920,0
1784858940000000,65118.00000000,65123.10000000,65115.99000000,65123.10000000,5.99221000,1784858999999999,390222.96978380,435,4.96057000,323044.57575800,0
1784859000000000,65123.09000000,65135.07000000,65123.09000000,65132.45000000,3.56451000,1784859059999999,232156.92905780,1132,2.32096000,151159.65089960,0
1784859060000000,65132.45000000,65143.83000000,65126.00000000,65143.82000000,2.88282000,1784859119999999,187772.40629660,1026,1.08873000,70913.87265070,0
1784859120000000,65143.83000000,65182.64000000,65143.82000000,65182.64000000,5.82907000,1784859179999999,379853.12111540,1409,4.91582000,320331.13401460,0
1784859180000000,65182.64000000,65187.57000000,65176.00000000,65181.49000000,4.66602000,1784859239999999,304138.17264910,1040,2.18790000,142611.07543800,0
1784859240000000,65181.50000000,65181.50000000,65170.00000000,65170.01000000,2.74267000,1784859299999999,178753.68648630,748,0.79555000,51849.22348050,0
1784859300000000,65170.00000000,65170.01000000,65160.00000000,65160.00000000,4.53627000,1784859359999999,295614.16734210,1030,1.31671000,85803.84203840,0
1784859360000000,65160.01000000,65160.01000000,65118.00000000,65118.01000000,4.52800000,1784859419999999,294975.46306620,1737,0.71442000,46545.55882630,0
1784859420000000,65118.01000000,65134.02000000,65116.00000000,65116.01000000,6.35601000,1784859479999999,413963.87396640,1485,5.15443000,335704.30599650,0
1784859480000000,65116.00000000,65124.00000000,65116.00000000,65119.72000000,2.17793000,1784859539999999,141829.24655140,777,1.30026000,84673.13914710,0
1784859540000000,65119.73000000,65126.82000000,65119.72000000,65126.81000000,1.94471000,1784859599999999,126646.49266180,786,1.84913000,120421.92392880,0
1784859600000000,65126.82000000,65126.82000000,65110.00000000,65111.51000000,4.63672000,1784859659999999,301933.77344430,801,1.18393000,77088.49844870,0
1784859660000000,65111.51000000,65111.51000000,65080.47000000,65092.56000000,5.49535000,1784859719999999,357722.77576970,1433,1.51848000,98856.09962900,0
1784859720000000,65092.56000000,65106.00000000,65092.55000000,65106.00000000,1.03620000,1784859779999999,67458.77870650,651,0.87300000,56833.85381830,0
1784859780000000,65106.00000000,65118.51000000,65105.99000000,65114.01000000,3.00029000,1784859839999999,195365.86762350,879,1.19488000,77802.90064010,0
1784859840000000,65114.02000000,65155.00000000,65114.01000000,65155.00000000,3.67436000,1784859899999999,239325.17927120,1263,3.46002000,225367.48188680,0
1784859900000000,65154.99000000,65160.00000000,65148.41000000,65160.00000000,5.04979000,1784859959999999,329036.00363690,934,1.79080000,116684.72004250,0
1784859960000000,65160.00000000,65173.94000000,65150.80000000,65168.71000000,2.50140000,1784860019999999,163003.48699070,1316,1.65589000,107906.02838100,0
1784860020000000,65168.71000000,65168.72000000,65156.00000000,65156.93000000,3.14013000,1784860079999999,204630.10909310,673,0.81456000,53080.31232790,0
1784860080000000,65156.94000000,65156.94000000,65140.01000000,65140.01000000,3.51306000,1784860139999999,228890.12178810,852,0.99666000,64937.19585510,0
1784860140000000,65140.01000000,65163.01000000,65132.51000000,65163.01000000,72.47337000,1784860199999999,4721817.73034550,970,47.31499000,3082479.09689680,0
1784860200000000,65163.00000000,65163.01000000,65110.08000000,65116.36000000,86.58177000,1784860259999999,5638336.39521380,4400,12.71362000,827814.47431750,0
1784860260000000,65116.37000000,65116.37000000,65084.00000000,65084.01000000,5.91510000,1784860319999999,385059.27928330,1127,0.59530000,38750.96522460,0
1784860320000000,65084.00000000,65084.01000000,65068.64000000,65068.65000000,5.04039000,1784860379999999,328004.76336140,650,0.87712000,57078.38914820,0
1784860380000000,65068.65000000,65068.65000000,64998.00000000,64998.00000000,9.57045000,1784860439999999,622375.54343870,2865,0.91573000,59565.36630820,0
1784860440000000,64998.00000000,64998.00000000,64947.93000000,64947.93000000,10.31500000,1784860499999999,670184.64435950,3175,2.88803000,187630.18711290,0
1784860500000000,64947.94000000,64958.26000000,64925.45000000,64958.26000000,8.81282000,1784860559999999,572358.70218590,2240,2.89040000,187701.11317870,0
1784860560000000,64958.26000000,64958.26000000,64936.99000000,64937.00000000,11.26397000,1784860619999999,731569.52221170,1893,1.98041000,128623.77921170,0
1784860620000000,64937.00000000,64967.96000000,64936.99000000,64967.96000000,6.24327000,1784860679999999,405500.53220320,1278,2.81282000,182690.17845830,0
1784860680000000,64967.96000000,64982.70000000,64967.95000000,64982.70000000,3.84349000,1784860739999999,249736.21864960,1074,3.57750000,232454.76695530,0
1784860740000000,64982.70000000,64988.00000000,64981.99000000,64988.00000000,1.67712000,1784860799999999,108985.40212170,574,0.89064000,57877.23668140,0
1784860800000000,64988.00000000,65070.00000000,64988.00000000,65053.84000000,9.40210000,1784860859999999,611525.27785950,3094,5.68228000,369527.12129470,0
1784860860000000,65053.83000000,65053.83000000,65036.55000000,65051.99000000,3.15809000,1784860919999999,205420.19924020,1511,2.15284000,140031.87807220,0
1784860920000000,65052.00000000,65062.00000000,65042.39000000,65042.40000000,2.60181000,1784860979999999,169263.23983400,1258,1.48825000,96819.43764720,0
1784860980000000,65042.40000000,65049.29000000,65042.00000000,65049.29000000,2.05918000,1784861039999999,133934.32013710,558,1.66230000,108120.32064330,0
1784861040000000,65049.30000000,65059.99000000,65049.29000000,65059.98000000,1.59068000,1784861099999999,103484.41748870,921,1.24904000,81258.20690800,0
1784861100000000,65059.98000000,65064.43000000,65056.35000000,65058.81000000,2.35237000,1784861159999999,153045.44301130,1054,0.95611000,62204.13815050,0
1784861160000000,65058.81000000,65058.82000000,65041.99000000,65042.00000000,3.41983000,1784861219999999,222466.64846470,783,0.54295000,35322.18777120,0
1784861220000000,65041.99000000,65042.00000000,64945.66000000,64945.66000000,6.66812000,1784861279999999,433405.33613900,3347,0.48776000,31714.98468490,0
1784861280000000,64945.67000000,64968.00000000,64942.00000000,64949.89000000,5.77707000,1784861339999999,375234.09247450,2517,3.47758000,225876.54101870,0
1784861340000000,64949.90000000,64978.00000000,64949.90000000,64978.00000000,4.60671000,1784861399999999,299292.58031140,1396,3.28894000,213671.55606600,0
1784861400000000,64978.00000000,64984.57000000,64952.46000000,64984.57000000,6.18488000,1784861459999999,401795.50107060,2367,2.91163000,189157.02205390,0
1784861460000000,64984.56000000,65013.72000000,64984.56000000,65013.72000000,3.37747000,1784861519999999,219525.26958420,1585,2.64798000,172108.62238820,0
1784861520000000,65013.71000000,65027.80000000,65002.00000000,65023.02000000,4.64121000,1784861579999999,301755.30519600,1757,2.02246000,131483.45159470,0
1784861580000000,65023.02000000,65023.03000000,65008.00000000,65010.01000000,4.79403000,1784861639999999,311675.46114260,1036,1.22271000,79491.40778090,0
1784861640000000,65010.01000000,65012.00000000,65010.00000000,65012.00000000,4.27017000,1784861699999999,277603.93442420,446,3.91677000,254629.37712130,0
1784861700000000,65012.00000000,65029.17000000,65011.99000000,65029.17000000,2.44849000,1784861759999999,159206.30986890,1305,1.36132000,88517.32394190,0
1784861760000000,65029.17000000,65055.52000000,65026.00000000,65048.56000000,6.59707000,1784861819999999,429079.11361740,1538,3.55808000,231397.86159070,0
1784861820000000,65048.56000000,65069.99000000,65043.71000000,65069.98000000,5.94310000,1784861879999999,386642.90703570,2083,4.04584000,263209.97695070,0
1784861880000000,65069.99000000,65094.56000000,65069.98000000,65091.13000000,17.42331000,1784861939999999,1134046.10716910,1535,4.89863000,318796.34977170,0
1784861940000000,65091.14000000,65116.99000000,65091.13000000,65116.99000000,5.90758000,1784861999999999,384607.95777630,1250,5.52412000,359640.50783210,0
1784862000000000,65116.99000000,65120.11000000,65078.00000000,65100.00000000,12.32044000,1784862059999999,802219.51841830,2591,2.10826000,137237.62420930,0
1784862060000000,65099.99000000,65135.69000000,65099.99000000,65135.68000000,7.19937000,1784862119999999,468821.66448530,1396,6.34798000,413385.72678110,0
1784862120000000,65135.69000000,65145.60000000,65135.68000000,65145.59000000,4.46393000,1784862179999999,290797.17088700,639,1.89497000,123441.58200860,0
1784862180000000,65145.59000000,65163.23000000,65130.02000000,65162.93000000,9.91321000,1784862239999999,645890.16227180,2555,5.11398000,333193.11474450,0
1784862240000000,65162.93000000,65169.98000000,65162.93000000,65169.98000000,2.34029000,1784862299999999,152511.90614350,378,2.16209000,140899.69196470,0
1784862300000000,65169.97000000,65203.20000000,65169.97000000,65203.20000000,8.72068000,1784862359999999,568419.15872040,1030,8.49838000,553930.50602760,0
1784862360000000,65203.21000000,65216.24000000,65198.00000000,65208.00000000,5.54664000,1784862419999999,361682.22009560,1194,3.02899000,197503.65258540,0
1784862420000000,65207.99000000,65301.06000000,65200.00000000,65301.05000000,20.84114000,1784862479999999,1359805.22292090,3432,17.00265000,1109447.42591650,0
1784862480000000,65301.05000000,65317.47000000,65296.00000000,65301.19000000,9.92799000,1784862539999999,648346.78363100,2031,4.75016000,310206.57155380,0
1784862540000000,65301.19000000,65302.00000000,65269.23000000,65278.78000000,11.21584000,1784862599999999,732279.57002360,1182,3.30872000,216035.17253250,0
1784862600000000,65278.77000000,65278.78000000,65260.65000000,65272.92000000,7.83340000,1784862659999999,511286.86882300,1411,4.25239000,277540.31902140,0
1784862660000000,65272.93000000,65278.00000000,65258.00000000,65278.00000000,6.13667000,1784862719999999,400525.12834270,1533,3.60140000,235048.72132820,0
1784862720000000,65278.00000000,65314.00000000,65277.99000000,65313.99000000,8.58206000,1784862779999999,560357.65300310,1923,8.16042000,532826.56527890,0
1784862780000000,65314.00000000,65319.79000000,65310.00000000,65319.78000000,6.91669000,1784862839999999,451785.62589520,1058,2.93635000,191796.35830780,0
1784862840000000,65319.78000000,65319.79000000,65316.85000000,65316.86000000,5.97181000,1784862899999999,390074.96527520,859,3.79127000,247644.10792560,0
1784862900000000,65316.85000000,65400.00000000,65316.85000000,65381.45000000,24.39990000,1784862959999999,1594799.18733310,5340,18.57540000,1214059.20129720,0
1784862960000000,65381.46000000,65387.89000000,65376.43000000,65376.44000000,6.85831000,1784863019999999,448417.58867050,1269,2.64729000,173087.75825400,0
1784863020000000,65376.44000000,65388.05000000,65354.00000000,65388.05000000,10.89675000,1784863079999999,712285.49825080,2283,8.14623000,532491.07876950,0
1784863080000000,65388.04000000,65400.00000000,65388.04000000,65389.22000000,6.94942000,1784863139999999,454481.75607800,1288,4.59118000,300256.51677940,0
1784863140000000,65389.22000000,65389.22000000,65346.96000000,65360.69000000,5.39595000,1784863199999999,352703.75039990,2100,1.64834000,107734.68988330,0
1784863200000000,65360.69000000,65370.93000000,65335.45000000,65370.93000000,10.18343000,1784863259999999,665513.74535160,2429,6.64137000,434050.05605240,0
1784863260000000,65370.92000000,65376.64000000,65360.00000000,65367.31000000,6.17535000,1784863319999999,403687.28158910,1036,3.50970000,229427.55095350,0
1784863320000000,65367.31000000,65387.65000000,65354.01000000,65387.64000000,10.53391000,1784863379999999,688603.60386550,4100,7.19101000,470073.24847490,0
1784863380000000,65387.64000000,65387.64000000,65316.61000000,65316.61000000,11.33950000,1784863439999999,740958.61011830,3199,2.13778000,139678.97151900,0
1784863440000000,65316.60000000,65337.33000000,65316.60000000,65317.47000000,8.75844000,1784863499999999,572112.87471060,2238,6.22188000,406414.22281790,0
1784863500000000,65317.46000000,65330.00000000,65305.54000000,65330.00000000,3.92683000,1784863559999999,256489.45206830,1717,2.55760000,167056.97308250,0
1784863560000000,65330.00000000,65372.00000000,65329.10000000,65364.01000000,6.13530000,1784863619999999,400997.56366270,2289,3.44456000,225132.41067800,0
1784863620000000,65364.01000000,65398.00000000,65362.00000000,65363.25000000,4.05666000,1784863679999999,265230.59750050,2350,1.88084000,122972.21792430,0
1784863680000000,65363.24000000,65363.25000000,65350.00000000,65352.83000000,5.46744000,1784863739999999,357337.76616550,774,0.38245000,24995.31849980,0
1784863740000000,65352.83000000,65352.84000000,65324.20000000,65324.21000000,3.62819000,1784863799999999,237064.33551160,1330,0.82138000,53660.19364100,0
1784863800000000,65324.21000000,65349.02000000,65324.20000000,65347.11000000,1.57433000,1784863859999999,102867.51973890,1613,0.95539000,62423.29031430,0
1784863860000000,65347.11000000,65363.25000000,65346.00000000,65360.01000000,1.78439000,1784863919999999,116624.63383790,1363,1.23453000,80686.74984670,0
1784863920000000,65360.01000000,65360.01000000,65326.69000000,65326.69000000,4.06902000,1784863979999999,265904.03083930,1460,1.29652000,84729.03632990,0
1784863980000000,65326.69000000,65326.69000000,65278.00000000,65288.00000000,10.86494000,1784864039999999,709476.38891360,1448,2.80183000,182946.62412950,0
1784864040000000,65288.00000000,65313.05000000,65287.99000000,65313.04000000,2.36728000,1784864099999999,154587.01701550,1158,2.08474000,136138.46784340,0
1784864100000000,65313.04000000,65323.46000000,65308.13000000,65308.57000000,2.91378000,1784864159999999,190314.51583850,1385,1.67093000,109133.15748640,0
1784864160000000,65308.56000000,65308.57000000,65298.59000000,65304.97000000,2.21314000,1784864219999999,144531.06314470,880,0.63467000,41444.55938430,0
1784864220000000,65304.97000000,65304.97000000,65283.63000000,65295.99000000,3.98464000,1784864279999999,260172.92665380,1484,0.54313000,35460.91086730,0
1784864280000000,65296.00000000,65317.33000000,65295.99000000,65316.72000000,4.59916000,1784864339999999,300392.66770520,1482,2.11137000,137897.82294700,0
1784864340000000,65316.72000000,65323.46000000,65306.00000000,65306.00000000,3.36334000,1784864399999999,219690.08811940,1014,0.58205000,38018.85822080,0
1784864400000000,65306.00000000,65336.00000000,65306.00000000,65333.84000000,6.24933000,1784864459999999,408215.18641950,1616,3.32587000,217247.40798670,0
1784864460000000,65333.84000000,65333.84000000,65320.83000000,65320.83000000,8.38917000,1784864519999999,548054.14889750,975,2.21880000,144941.07407580,0
1784864520000000,65320.83000000,65354.00000000,65320.83000000,65354.00000000,3.13486000,1784864579999999,204832.79339740,1083,2.98077000,194764.68796190,0
1784864580000000,65354.00000000,65389.17000000,65354.00000000,65389.17000000,2.09850000,1784864639999999,137188.68505990,966,1.93244000,126332.45887320,0
1784864640000000,65389.17000000,65415.26000000,65386.00000000,65411.98000000,13.01408000,1784864699999999,851116.29824060,2112,8.63532000,564734.14314430,0
1784864700000000,65411.98000000,65411.98000000,65396.00000000,65403.21000000,5.97281000,1784864759999999,390645.32812780,1680,0.86903000,56837.06079270,0
1784864760000000,65403.22000000,65403.22000000,65391.39000000,65394.02000000,2.69902000,1784864819999999,176514.42668600,1360,0.59404000,38848.69698000,0
1784864820000000,65394.02000000,65400.00000000,65394.01000000,65400.00000000,2.04078000,1784864879999999,133461.34742530,336,1.15516000,75541.93454190,0
1784864880000000,65400.00000000,65464.35000000,65399.99000000,65450.01000000,12.89936000,1784864939999999,844097.95383670,2772,10.44106000,683193.67515750,0
1784864940000000,65450.00000000,65454.00000000,65448.98000000,65448.98000000,1.98640000,1784864999999999,130010.50118760,547,1.17846000,77129.42030110,0
1784865000000000,65448.98000000,65448.99000000,65421.46000000,65433.25000000,4.50503000,1784865059999999,294775.53517610,1549,2.22055000,145278.22570580,0
1784865060000000,65433.25000000,65445.59000000,65433.24000000,65439.73000000,2.59087000,1784865119999999,169548.25349060,758,1.38942000,90921.48559950,0
1784865120000000,65439.73000000,65445.17000000,65439.72000000,65445.17000000,1.89277000,1784865179999999,123871.24307580,331,1.05250000,68879.65066820,0
1784865180000000,65445.16000000,65445.17000000,65412.67000000,65412.68000000,4.39473000,1784865239999999,287553.09169050,1302,0.23382000,15297.55493670,0
1784865240000000,65412.68000000,65412.69000000,65412.67000000,65412.69000000,1.62844000,1784865299999999,106520.62138220,277,1.28092000,83788.41016600,0
1784865300000000,65412.69000000,65427.34000000,65412.68000000,65427.34000000,6.51290000,1784865359999999,426074.68677590,447,6.02707000,394294.73820220,0
1784865360000000,65427.33000000,65458.94000000,65427.33000000,65458.94000000,2.37382000,1784865419999999,155346.57857010,1269,1.18045000,77251.31081440,0
1784865420000000,65458.93000000,65458.93000000,65450.93000000,65450.94000000,3.14495000,1784865479999999,205847.94301710,552,0.27218000,17814.43684920,0
1784865480000000,65450.93000000,65459.05000000,65450.93000000,65459.04000000,1.37083000,1784865539999999,89728.07215980,611,1.30918000,85692.69864420,0
1784865540000000,65459.04000000,65459.05000000,65456.69000000,65456.70000000,5.43159000,1784865599999999,355540.80999100,1118,0.50739000,33212.27431650,0
1784865600000000,65456.70000000,65469.86000000,65424.23000000,65429.94000000,29.23088000,1784865659999999,1913035.30034370,2723,3.51295000,229930.21184450,0
1784865660000000,65429.95000000,65438.48000000,65424.24000000,65438.01000000,8.62788000,1784865719999999,564574.97358310,1530,2.21271000,144784.46441660,0
1784865720000000,65438.01000000,65441.69000000,65438.00000000,65441.69000000,1.30452000,1784865779999999,85365.71416320,495,1.03565000,67771.31929100,0
1784865780000000,65441.69000000,65458.00000000,65441.68000000,65448.76000000,6.44219000,1784865839999999,421668.73462170,1751,1.19602000,78278.95617430,0
1784865840000000,65448.76000000,65448.77000000,65440.13000000,65440.13000000,7.28493000,1784865899999999,476760.86235720,1115,1.48704000,97314.43811210,0
1784865900000000,65440.13000000,65442.00000000,65430.15000000,65432.45000000,3.53576000,1784865959999999,231364.13306220,1240,0.75369000,49317.30018770,0
1784865960000000,65432.45000000,65432.46000000,65414.84000000,65415.05000000,13.31682000,1784866019999999,871172.67415300,1961,5.54055000,362439.21591020,0
1784866020000000,65415.04000000,65430.00000000,65414.84000000,65430.00000000,7.84654000,1784866079999999,513295.47132440,1200,6.41225000,419465.57891830,0
1784866080000000,65430.00000000,65430.00000000,65414.84000000,65414.85000000,2.52876000,1784866139999999,165434.05952260,1117,0.23912000,15643.60066320,0
1784866140000000,65414.85000000,65414.85000000,65402.69000000,65409.48000000,1.89847000,1784866199999999,124180.81505940,822,0.64687000,42310.99719590,0
1784866200000000,65409.48000000,65409.49000000,65388.70000000,65388.71000000,3.32241000,1784866259999999,217299.63554110,1468,0.47368000,30981.54521250,0
1784866260000000,65388.71000000,65403.81000000,65388.70000000,65403.80000000,6.39830000,1784866319999999,418453.36044990,862,1.15189000,75326.54864900,0
1784866320000000,65403.81000000,65418.00000000,65403.80000000,65404.00000000,2.48952000,1784866379999999,162837.07162350,1372,1.21060000,79181.36679520,0
1784866380000000,65404.01000000,65410.30000000,65400.37000000,65403.95000000,5.02522000,1784866439999999,328668.25960120,958,3.83484000,250810.91954740,0
1784866440000000,65403.94000000,65410.30000000,65392.00000000,65392.00000000,3.58231000,1784866499999999,234285.67053020,1241,1.38831000,90799.61525900,0
1784866500000000,65392.00000000,65392.01000000,65373.46000000,65373.46000000,7.17682000,1784866559999999,469257.80368360,1211,2.43321000,159098.56843660,0
1784866560000000,65373.47000000,65377.31000000,65364.05000000,65364.05000000,1.50684000,1784866619999999,98501.46685900,857,0.37779000,24695.72322190,0
1784866620000000,65364.06000000,65371.64000000,65364.06000000,65369.00000000,4.94557000,1784866679999999,323289.77041020,775,1.55765000,101817.05861530,0
1784866680000000,65369.01000000,65383.00000000,65369.01000000,65372.00000000,3.82047000,1784866739999999,249768.50588980,1086,1.59744000,104431.95603820,0
1784866740000000,65372.01000000,65381.65000000,65366.00000000,65381.64000000,3.51190000,1784866799999999,229570.49739660,926,1.91965000,125484.07706530,0
1784866800000000,65381.64000000,65381.65000000,65346.00000000,65346.00000000,4.30085000,1784866859999999,281117.37707690,1481,0.20559000,13439.08118810,0
1784866860000000,65346.01000000,65346.01000000,65333.97000000,65335.26000000,5.50820000,1784866919999999,359900.32483340,1141,1.89091000,123548.97219300,0
1784866920000000,65335.27000000,65354.44000000,65335.26000000,65354.43000000,3.13574000,1784866979999999,204911.05551270,762,1.61584000,105588.36379470,0
1784866980000000,65354.43000000,65443.29000000,65354.43000000,65437.79000000,11.30340000,1784867039999999,739242.40216670,2439,8.79862000,575423.63664130,0
1784867040000000,65437.79000000,65437.80000000,65406.00000000,65412.00000000,3.75310000,1784867099999999,245549.85682390,1372,2.20390000,144194.81868360,0
1784867100000000,65412.01000000,65421.09000000,65412.00000000,65421.09000000,1.02745000,1784867159999999,67209.08014300,435,0.64945000,42483.22189300,0
1784867160000000,65421.08000000,65427.26000000,65397.79000000,65397.79000000,3.58145000,1784867219999999,234281.42497510,1663,0.43902000,28718.20198660,0
1784867220000000,65397.80000000,65425.45000000,65397.79000000,65425.44000000,1.42614000,1784867279999999,93280.99982630,1289,1.21271000,79320.79890230,0
1784867280000000,65425.45000000,65425.45000000,65420.69000000,65420.69000000,1.21340000,1784867339999999,79385.37124020,356,0.22282000,14577.17082410,0
1784867340000000,65420.69000000,65420.70000000,65418.01000000,65418.01000000,0.76134000,1784867399999999,49807.27946460,446,0.27173000,17776.76047000,0
1784867400000000,65418.00000000,65418.00000000,65381.04000000,65382.70000000,3.82351000,1784867459999999,250051.02517740,1525,0.45544000,29779.73150880,0
1784867460000000,65382.71000000,65394.00000000,65382.70000000,65390.01000000,5.37424000,1784867519999999,351430.56237800,889,1.53528000,100390.35099200,0
1784867520000000,65390.00000000,65399.84000000,65390.00000000,65399.83000000,2.82157000,1784867579999999,184516.25783580,731,0.80738000,52799.41687050,0
1784867580000000,65399.83000000,65412.69000000,65399.83000000,65412.69000000,0.87740000,1784867639999999,57385.85839660,473,0.77121000,50440.12958830,0
1784867640000000,65412.69000000,65412.69000000,65379.99000000,65379.99000000,4.00184000,1784867699999999,261706.16092580,1446,0.49675000,32481.99281180,0
1784867700000000,65380.00000000,65380.00000000,65350.28000000,65350.28000000,5.79156000,1784867759999999,378568.37690230,1490,1.63155000,106648.40938400,0
1784867760000000,65350.28000000,65379.92000000,65350.28000000,65370.38000000,2.05567000,1784867819999999,134369.46425760,1223,1.39587000,91238.48429370,0
1784867820000000,65370.38000000,65378.92000000,65360.00000000,65360.00000000,1.28061000,1784867879999999,83715.15175260,1050,0.27344000,17874.45756390,0
1784867880000000,65360.00000000,65360.01000000,65350.00000000,65350.00000000,3.93049000,1784867939999999,256869.12199930,1098,2.15468000,140813.74163560,0
1784867940000000,65350.01000000,65350.01000000,65334.00000000,65334.01000000,2.61849000,1784867999999999,171110.19741840,1069,0.14185000,9269.20487550,0
1784868000000000,65334.00000000,65334.01000000,65312.00000000,65312.00000000,2.18029000,1784868059999999,142426.44607590,1135,0.24209000,15813.97464360,0
1784868060000000,65312.00000000,65316.15000000,65304.01000000,65304.24000000,4.25636000,1784868119999999,277989.97232030,1438,1.37084000,89526.91319250,0
1784868120000000,65304.24000000,65314.00000000,65304.23000000,65314.00000000,1.35652000,1784868179999999,88591.96802600,446,0.73017000,47686.20970360,0
1784868180000000,65314.00000000,65336.58000000,65313.99000000,65336.58000000,2.55984000,1784868239999999,167234.70228550,868,2.40992000,157440.33810500,0
1784868240000000,65336.58000000,65341.29000000,65332.88000000,65332.88000000,13.17685000,1784868299999999,860953.69813520,649,4.86946000,318161.75930440,0
1784868300000000,65332.88000000,65340.86000000,65323.19000000,65340.86000000,17.78585000,1784868359999999,1161981.10415850,827,8.31186000,543049.11952920,0
1784868360000000,65340.95000000,65354.01000000,65338.43000000,65338.44000000,1.85841000,1784868419999999,121440.74123060,1125,0.68174000,44548.82133800,0
1784868420000000,65338.44000000,65345.20000000,65332.01000000,65332.02000000,0.90290000,1784868479999999,58996.96108760,796,0.37271000,24353.72377390,0
1784868480000000,65332.01000000,65332.02000000,65324.13000000,65324.13000000,0.80686000,1784868539999999,52712.90681490,519,0.14038000,9171.12140770,0
1784868540000000,65324.13000000,65334.31000000,65324.13000000,65334.31000000,6.22779000,1784868599999999,406853.05462420,449,5.94160000,388157.92507900,0
1784868600000000,65334.30000000,65341.99000000,65320.00000000,65320.01000000,8.33496000,1784868659999999,544610.99710360,1127,0.26550000,17347.31594300,0
1784868660000000,65320.01000000,65320.01000000,65316.68000000,65316.69000000,1.05340000,1784868719999999,68806.30630120,443,0.25518000,16667.62898050,0
1784868720000000,65316.68000000,65316.69000000,65311.05000000,65311.06000000,0.67766000,1784868779999999,44260.30279070,341,0.18960000,12383.01936990,0
1784868780000000,65311.06000000,65320.00000000,65308.47000000,65311.11000000,4.78504000,1784868839999999,312532.63601100,914,2.59994000,169807.28419730,0
1784868840000000,65311.11000000,65314.79000000,65308.14000000,65308.14000000,1.83034000,1784868899999999,119545.50052030,683,1.21225000,79176.32145530,0
1784868900000000,65308.15000000,65308.15000000,65305.99000000,65306.00000000,1.24520000,1784868959999999,81319.14073540,249,0.14199000,9272.81830420,0
1784868960000000,65306.00000000,65306.00000000,65300.01000000,65300.02000000,0.99697000,1784869019999999,65104.97981740,493,0.14109000,9213.50250860,0
1784869020000000,65300.01000000,65300.01000000,65272.79000000,65284.25000000,4.63044000,1784869079999999,302275.27692880,1195,2.01051000,131240.10395350,0
1784869080000000,65284.24000000,65284.25000000,65272.26000000,65272.27000000,0.86497000,1784869139999999,56462.38499430,694,0.23179000,15130.17849250,0
1784869140000000,65272.26000000,65318.55000000,65272.26000000,65318.00000000,31.78259000,1784869199999999,2075481.51321480,997,28.53419000,1863310.75241040,0
1784869200000000,65318.01000000,65318.01000000,65285.06000000,65285.06000000,34.00265000,1784869259999999,2220119.33537600,2506,3.89816000,254505.22885650,0
1784869260000000,65285.06000000,65285.07000000,65264.00000000,65264.01000000,3.97159000,1784869319999999,259267.53756450,1082,0.23544000,15369.57404800,0
1784869320000000,65264.01000000,65274.61000000,65248.00000000,65274.60000000,13.94490000,1784869379999999,910011.96961670,1566,7.38260000,481767.70704930,0
1784869380000000,65274.61000000,65274.61000000,65252.11000000,65272.00000000,6.98149000,1784869439999999,455658.19091230,1464,1.66254000,108500.84399880,0
1784869440000000,65272.01000000,65281.02000000,65266.99000000,65266.99000000,8.17858000,1784869499999999,533818.03493780,1546,4.71292000,307611.56406020,0
1784869500000000,65267.00000000,65303.20000000,65266.00000000,65303.20000000,8.55312000,1784869559999999,558325.62405460,1216,8.12004000,530057.73933180,0
1784869560000000,65303.21000000,65349.65000000,65303.20000000,65349.64000000,6.15200000,1784869619999999,401934.78264100,1758,3.63372000,237375.23614340,0
1784869620000000,65349.65000000,65394.00000000,65349.64000000,65393.99000000,11.80719000,1784869679999999,771812.88628570,2237,7.41699000,484850.95331860,0
1784869680000000,65393.99000000,65394.00000000,65370.00000000,65383.07000000,4.10062000,1784869739999999,268080.89555580,1710,3.28405000,214689.40620820,0
1784869740000000,65383.07000000,65383.30000000,65371.58000000,65371.58000000,1.66506000,1784869799999999,108857.11019060,609,0.77622000,50745.63867580,0
1784869800000000,65371.58000000,65371.58000000,65354.00000000,65354.00000000,1.12552000,1784869859999999,73573.24656130,621,0.13769000,9000.67203970,0
1784869860000000,65354.00000000,65358.94000000,65347.93000000,65358.94000000,3.81716000,1784869919999999,249447.52495790,633,3.33471000,217919.59840870,0
1784869920000000,65358.93000000,65358.94000000,65358.93000000,65358.94000000,3.39610000,1784869979999999,221965.46510140,151,0.29284000,19139.71198960,0
1784869980000000,65358.94000000,65358.94000000,65358.93000000,65358.94000000,0.53447000,1784870039999999,34932.39054410,102,0.32270000,21091.32993800,0
1784870040000000,65358.94000000,65358.94000000,65351.65000000,65351.66000000,0.49163000,1784870099999999,32131.70892400,344,0.21061000,13765.08272210,0
1784870100000000,65351.66000000,65351.66000000,65344.69000000,65351.65000000,4.80567000,1784870159999999,314047.16632330,812,1.29339000,84519.74941100,0
1784870160000000,65351.66000000,65353.62000000,65346.00000000,65353.62000000,2.65697000,1784870219999999,173631.38350100,567,1.87588000,122585.03250140,0
1784870220000000,65353.62000000,65375.62000000,65353.62000000,65375.61000000,3.34288000,1784870279999999,218498.18685200,1104,3.13005000,204587.74353680,0
1784870280000000,65375.62000000,65375.62000000,65355.41000000,65355.41000000,1.92746000,1784870339999999,125987.81129010,910,0.78710000,51445.64534260,0
1784870340000000,65355.42000000,65355.42000000,65355.41000000,65355.41000000,1.47338000,1784870399999999,96293.35782830,254,0.38425000,25112.82013500,0
1784870400000000,65355.42000000,65355.42000000,65347.94000000,65347.95000000,0.75382000,1784870459999999,49262.54880850,385,0.47393000,30971.23714370,0
1784870460000000,65347.94000000,65361.58000000,65347.94000000,65347.95000000,8.47369000,1784870519999999,553787.66796920,1114,5.74906000,375703.73812490,0
1784870520000000,65347.95000000,65347.96000000,65334.02000000,65338.78000000,4.46945000,1784870579999999,292052.08590460,1008,0.80557000,52635.80449050,0
1784870580000000,65338.78000000,65338.78000000,65338.77000000,65338.77000000,0.37525000,1784870639999999,24518.37653570,125,0.30932000,20210.59142960,0
1784870640000000,65338.77000000,65368.01000000,65338.00000000,65368.00000000,41.81940000,1784870699999999,2733146.10045790,745,34.48421000,2253664.05914300,0
1784870700000000,65368.01000000,65368.01000000,65322.74000000,65329.25000000,46.07963000,1784870759999999,3010482.67574710,2870,3.77804000,246803.57145880,0
1784870760000000,65329.25000000,65338.00000000,65329.24000000,65337.99000000,1.49228000,1784870819999999,97495.33916620,500,1.03477000,67606.06830620,0
1784870820000000,65337.99000000,65338.00000000,65337.99000000,65338.00000000,0.44888000,1784870879999999,29328.92066320,128,0.37120000,24253.46560000,0
1784870880000000,65337.99000000,65338.00000000,65337.99000000,65338.00000000,0.72563000,1784870939999999,47411.20897540,160,0.32917000,21507.30946000,0
1784870940000000,65337.99000000,65338.00000000,65334.29000000,65334.30000000,0.79845000,1784870999999999,52167.59146600,250,0.26091000,17046.80596400,0
1784871000000000,65334.30000000,65334.30000000,65320.00000000,65320.01000000,2.51619000,1784871059999999,164375.32571110,801,0.43746000,28576.54107460,0
1784871060000000,65320.00000000,65320.00000000,65318.31000000,65318.31000000,0.51864000,1784871119999999,33877.18660470,255,0.24031000,15696.87285250,0
1784871120000000,65318.32000000,65318.32000000,65312.29000000,65312.30000000,1.35538000,1784871179999999,88530.61406870,434,0.73528000,48027.24899320,0
1784871180000000,65312.30000000,65312.30000000,65290.00000000,65290.00000000,1.57976000,1784871239999999,103165.47472770,766,0.36238000,23664.77915710,0
1784871240000000,65290.00000000,65294.00000000,65289.95000000,65293.99000000,1.93710000,1784871299999999,126475.36120560,720,0.89676000,58549.77661700,0
1784871300000000,65294.00000000,65298.62000000,65284.00000000,65284.01000000,1.24609000,1784871359999999,81360.09242120,927,0.66008000,43099.04351520,0
1784871360000000,65284.01000000,65284.01000000,65284.00000000,65284.00000000,0.51666000,1784871419999999,33729.63384110,151,0.24011000,15675.34364110,0
1784871420000000,65284.00000000,65297.32000000,65284.00000000,65297.32000000,2.47847000,1784871479999999,161812.59458060,745,1.81305000,118370.12779690,0
1784871480000000,65297.32000000,65297.32000000,65276.00000000,65276.01000000,1.89363000,1784871539999999,123625.62394680,776,0.42495000,27741.46047630,0
1784871540000000,65276.01000000,65276.01000000,65272.00000000,65272.01000000,0.82195000,1784871599999999,53650.91516050,268,0.55200000,36030.32260000,0
1784871600000000,65272.01000000,65272.01000000,65272.00000000,65272.00000000,0.78467000,1784871659999999,51216.98548480,208,0.52448000,34233.86380480,0
1784871660000000,65272.01000000,65272.01000000,65272.00000000,65272.01000000,0.46138000,1784871719999999,30115.19650200,172,0.11420000,7454.06354200,0
1784871720000000,65272.01000000,65279.01000000,65264.83000000,65279.00000000,6.15638000,1784871779999999,401813.80515360,1032,4.39999000,287173.87023940,0
1784871780000000,65279.00000000,65288.00000000,65279.00000000,65285.38000000,1.89050000,1784871839999999,123419.69625070,739,1.53039000,99909.71123030,0
1784871840000000,65285.37000000,65311.72000000,65285.37000000,65309.10000000,3.55331000,1784871899999999,232032.14576130,1233,1.86881000,122028.15285190,0
1784871900000000,65309.09000000,65315.01000000,65306.35000000,65315.00000000,4.93980000,1784871959999999,322619.66571900,661,0.84471000,55168.81405900,0
1784871960000000,65315.00000000,65315.01000000,65311.57000000,65311.57000000,1.17457000,1784872019999999,76715.00837490,324,0.56344000,36799.88246100,0
1784872020000000,65311.58000000,65316.00000000,65311.57000000,65315.99000000,1.13536000,1784872079999999,74152.78462400,283,0.97246000,63513.35072840,0
1784872080000000,65316.00000000,65332.81000000,65316.00000000,65320.51000000,2.67321000,1784872139999999,174632.77198660,1115,1.56742000,102392.87787150,0
1784872140000000,65320.52000000,65320.52000000,65306.94000000,65306.95000000,1.23800000,1784872199999999,80856.18112130,651,0.11878000,7757.79572490,0
1784872200000000,65306.94000000,65308.23000000,65295.42000000,65295.43000000,1.53931000,1784872259999999,100523.91340810,875,0.33987000,22195.18317440,0
1784872260000000,65295.43000000,65302.59000000,65288.00000000,65302.58000000,4.56831000,1784872319999999,298276.11469660,1145,2.14974000,140361.17026210,0
1784872320000000,65302.58000000,65302.59000000,65302.58000000,65302.58000000,0.49463000,1784872379999999,32300.61842910,176,0.32837000,21443.41147830,0
1784872380000000,65302.58000000,65302.59000000,65302.58000000,65302.59000000,1.38270000,1784872439999999,90293.87952800,158,0.21620000,14118.41995800,0
1784872440000000,65302.59000000,65317.01000000,65289.78000000,65317.01000000,19.69401000,1784872499999999,1286159.02387070,1891,15.54410000,1015148.74698150,0
1784872500000000,65317.00000000,65317.00000000,65284.40000000,65288.58000000,20.76323000,1784872559999999,1355711.76224760,1793,3.23832000,211417.81397040,0
1784872560000000,65288.59000000,65303.04000000,65288.58000000,65303.03000000,3.08445000,1784872619999999,201391.55645060,688,2.16088000,141092.68590570,0
1784872620000000,65303.04000000,65303.04000000,65303.03000000,65303.03000000,0.59356000,1784872679999999,38761.27038380,125,0.38970000,25448.59468800,0
1784872680000000,65303.03000000,65303.04000000,65303.03000000,65303.04000000,0.36663000,1784872739999999,23942.05196050,131,0.20716000,13528.17776640,0
1784872740000000,65303.04000000,65325.01000000,65300.00000000,65325.00000000,52.58135000,1784872799999999,3434265.53809930,1245,37.32667000,2437830.05734320,0
1784872800000000,65325.01000000,65325.01000000,65288.58000000,65288.59000000,62.71784000,1784872859999999,4095479.90510840,2439,10.17370000,664296.99356050,0
1784872860000000,65288.59000000,65291.19000000,65284.55000000,65284.56000000,2.24220000,1784872919999999,146391.48358970,592,1.32814000,86714.07950780,0
1784872920000000,65284.56000000,65284.56000000,65278.07000000,65278.07000000,1.60781000,1784872979999999,104959.48409870,409,0.30486000,19901.92477760,0
1784872980000000,65278.08000000,65284.00000000,65278.08000000,65282.91000000,5.27772000,1784873039999999,344542.44260330,481,1.96493000,128270.64709710,0
1784873040000000,65282.91000000,65329.01000000,65282.90000000,65329.01000000,104.28926000,1784873099999999,6811861.89229800,1077,58.28898000,3806725.67279530,0
1784873100000000,65329.01000000,65329.01000000,65283.77000000,65287.00000000,119.78505000,1784873159999999,7821258.90313420,4270,14.26105000,931043.00067800,0
1784873160000000,65287.01000000,65292.00000000,65287.00000000,65291.99000000,1.62303000,1784873219999999,105968.81412500,469,1.06681000,69652.49692660,0
1784873220000000,65292.00000000,65292.00000000,65284.88000000,65284.88000000,2.36691000,1784873279999999,154532.92621770,628,0.49425000,32267.73730950,0
1784873280000000,65284.88000000,65315.99000000,65282.00000000,65315.99000000,6.84979000,1784873339999999,447198.26845690,1489,6.15686000,401959.72439320,0
1784873340000000,65315.99000000,65326.00000000,65315.98000000,65326.00000000,2.40270000,1784873399999999,156947.04932610,571,2.16710000,141556.77595730,0
1784873400000000,65326.00000000,65334.66000000,65326.00000000,65332.03000000,2.35237000,1784873459999999,153682.41358120,808,1.79476000,117252.46977130,0
1784873460000000,65332.03000000,65340.00000000,65332.03000000,65339.99000000,1.85058000,1784873519999999,120910.34503760,483,1.66099000,108522.73023450,0
1784873520000000,65340.00000000,65357.99000000,65339.99000000,65357.99000000,2.17420000,1784873579999999,142073.65755980,882,1.64476000,107478.13755820,0
1784873580000000,65357.99000000,65362.00000000,65348.00000000,65348.01000000,6.08506000,1784873639999999,397714.43219170,919,0.85849000,56101.67818810,0
1784873640000000,65348.01000000,65380.45000000,65348.00000000,65380.45000000,14.72717000,1784873699999999,962763.78053040,1043,14.55345000,951409.28085820,0
1784873700000000,65380.44000000,65380.45000000,65366.00000000,65366.01000000,3.75878000,1784873759999999,245716.95751580,684,2.52173000,164847.91613070,0
1784873760000000,65366.01000000,65380.09000000,65362.07000000,65380.08000000,4.43446000,1784873819999999,289893.96338540,1114,1.84559000,120642.00080210,0
1784873820000000,65380.09000000,65400.22000000,65380.08000000,65400.21000000,23.94493000,1784873879999999,1565602.01410320,1072,23.30014000,1523438.01034120,0
1784873880000000,65400.21000000,65400.22000000,65392.00000000,65392.01000000,4.20447000,1784873939999999,274948.93325250,519,0.65047000,42536.22232980,0
1784873940000000,65392.00000000,65499.00000000,65392.00000000,65491.68000000,32.54713000,1784873999999999,2130326.68055300,4082,22.98916000,1504813.21900130,0
1784874000000000,65491.68000000,65495.00000000,65472.00000000,65472.00000000,6.12308000,1784874059999999,400962.33955820,1935,3.58116000,234504.45036560,0
1784874060000000,65472.00000000,65478.43000000,65468.36000000,65478.43000000,5.08217000,1784874119999999,332737.85964740,639,3.19199000,208984.41895300,0
1784874120000000,65478.42000000,65485.47000000,65435.89000000,65440.00000000,15.67563000,1784874179999999,1026031.01147710,1877,9.00322000,589257.56949660,0
1784874180000000,65440.01000000,65447.11000000,65416.00000000,65440.00000000,4.78006000,1784874239999999,312756.75065420,2697,3.37170000,220605.18568170,0
1784874240000000,65440.01000000,65460.00000000,65440.00000000,65460.00000000,2.32408000,1784874299999999,152111.01243850,1225,1.86462000,122037.53472430,0
1784874300000000,65460.00000000,65480.51000000,65459.99000000,65470.67000000,7.61004000,1784874359999999,498212.53814900,1595,1.52838000,100064.15713570,0
1784874360000000,65470.67000000,65470.68000000,65438.94000000,65448.00000000,3.79211000,1784874419999999,248204.96992770,1522,0.79301000,51902.59571720,0
1784874420000000,65448.00000000,65448.01000000,65434.00000000,65435.80000000,6.10605000,1784874479999999,399578.21259610,1159,5.22263000,341763.71192830,0
1784874480000000,65435.80000000,65435.81000000,65430.00000000,65430.01000000,1.55343000,1784874539999999,101647.63042800,515,0.33896000,22178.97718760,0
1784874540000000,65430.00000000,65487.03000000,65425.08000000,65468.00000000,143.34113000,1784874599999999,9383225.72344040,2389,87.88995000,5753111.84859400,0
1784874600000000,65468.00000000,65468.01000000,65381.76000000,65396.00000000,171.81276000,1784874659999999,11238183.65480560,7100,30.20936000,1975925.14459400,0
1784874660000000,65395.99000000,65430.24000000,65395.99000000,65430.23000000,3.31572000,1784874719999999,216892.15803140,1731,3.01024000,196910.19218470,0
1784874720000000,65430.24000000,65432.87000000,65422.00000000,65422.00000000,2.88990000,1784874779999999,189081.29034250,1068,0.84854000,55517.52272530,0
1784874780000000,65422.01000000,65423.20000000,65420.43000000,65423.20000000,2.36982000,1784874839999999,155037.59674920,511,1.34333000,87882.91129700,0
1784874840000000,65423.20000000,65450.18000000,65423.19000000,65450.17000000,3.49043000,1784874899999999,228394.24828440,971,3.25754000,213157.09721120,0
1784874900000000,65450.17000000,65472.80000000,65450.17000000,65472.80000000,2.09335000,1784874959999999,137027.34565620,1162,1.76730000,115684.74531800,0
1784874960000000,65472.80000000,65490.00000000,65472.71000000,65482.14000000,7.58508000,1784875019999999,496677.74995590,1917,3.25647000,213229.20095670,0
1784875020000000,65482.14000000,65496.00000000,65474.00000000,65496.00000000,4.07727000,1784875079999999,266992.57935770,1222,2.61768000,171417.56740400,0
1784875080000000,65496.00000000,65519.93000000,65485.48000000,65504.70000000,25.04845000,1784875139999999,1640732.99732540,3078,18.69186000,1224314.71985760,0
1784875140000000,65504.70000000,65504.70000000,65494.67000000,65494.68000000,3.20147000,1784875199999999,209689.38977160,930,1.24988000,81864.07741830,0
1784875200000000,65494.67000000,65494.68000000,65479.17000000,65479.17000000,4.65133000,1784875259999999,304594.27612880,926,0.48599000,31824.26059190,0
1784875260000000,65479.18000000,65479.18000000,65454.57000000,65465.25000000,8.92858000,1784875319999999,584503.07233410,1822,5.15169000,337237.89973510,0
1784875320000000,65465.25000000,65465.26000000,65465.25000000,65465.26000000,3.19273000,1784875379999999,209012.88615070,313,1.85182000,121229.87777320,0
1784875380000000,65465.25000000,65465.26000000,65465.25000000,65465.26000000,2.90582000,1784875439999999,190230.24919700,248,1.64420000,107637.98049200,0
1784875440000000,65465.26000000,65465.26000000,65452.00000000,65459.45000000,5.57866000,1784875499999999,365184.01881670,1115,2.37143000,155230.20818000,0
1784875500000000,65459.44000000,65459.45000000,65431.15000000,65433.78000000,6.51835000,1784875559999999,426615.52760320,1140,0.62807000,41103.79585270,0
1784875560000000,65433.78000000,65472.59000000,65433.77000000,65472.58000000,11.59297000,1784875619999999,758756.38324630,2162,11.01735000,721081.91665790,0
1784875620000000,65472.58000000,65483.90000000,65472.58000000,65483.89000000,1.42044000,1784875679999999,93007.17656780,521,1.12726000,73809.79777530,0
1784875680000000,65483.90000000,65483.90000000,65483.89000000,65483.90000000,2.60354000,1784875739999999,170489.94540270,267,1.84321000,120700.57931900,0
1784875740000000,65483.89000000,65483.90000000,65453.30000000,65453.30000000,5.41648000,1784875799999999,354652.57434050,1565,0.79518000,52065.08968070,0
1784875800000000,65453.31000000,65462.17000000,65452.91000000,65452.92000000,5.56365000,1784875859999999,364168.82279940,1255,1.57368000,103004.76227500,0
1784875860000000,65452.91000000,65452.91000000,65450.31000000,65450.32000000,0.98063000,1784875919999999,64182.61460860,324,0.24002000,15709.38580640,0
1784875920000000,65450.32000000,65455.48000000,65450.31000000,65455.48000000,1.73194000,1784875979999999,113358.23548410,507,1.32307000,86597.24637510,0
1784875980000000,65455.48000000,65455.48000000,65450.00000000,65450.00000000,2.78739000,1784876039999999,182437.02007870,498,0.96183000,62952.15693130,0
1784876040000000,65450.01000000,65457.73000000,65443.96000000,65457.72000000,9.42648000,1784876099999999,616981.90807690,1513,2.47696000,162121.42472890,0
1784876100000000,65457.73000000,65457.73000000,65434.20000000,65434.21000000,3.48393000,1784876159999999,228006.54766440,1056,0.48208000,31549.02619210,0
1784876160000000,65434.20000000,65440.62000000,65431.15000000,65440.62000000,4.18790000,1784876219999999,274030.68753380,886,1.91592000,125365.67845890,0
1784876220000000,65440.62000000,65440.62000000,65440.61000000,65440.62000000,1.79882000,1784876279999999,117715.88313520,263,0.50550000,33080.23341000,0
1784876280000000,65440.61000000,65462.00000000,65440.61000000,65462.00000000,2.43967000,1784876339999999,159686.70932960,1305,2.02637000,132634.10662930,0
1784876340000000,65461.99000000,65472.00000000,65461.99000000,65472.00000000,1.54158000,1784876399999999,100927.27285540,713,1.38994000,90999.28290840,0
1784876400000000,65472.00000000,65487.40000000,65471.99000000,65484.78000000,2.13563000,1784876459999999,139848.58143570,716,1.38486000,90684.99746750,0
1784876460000000,65484.78000000,65484.78000000,65478.32000000,65481.51000000,2.99179000,1784876519999999,195910.26831600,748,1.62893000,106667.52484140,0
1784876520000000,65481.51000000,65576.92000000,65481.50000000,65576.92000000,31.10442000,1784876579999999,2038208.54489980,5389,24.98982000,1637586.21052390,0
1784876580000000,65576.92000000,65583.70000000,65569.85000000,65581.22000000,12.21345000,1784876639999999,800909.68079490,1817,3.41765000,224107.15326810,0
1784876640000000,65581.21000000,65581.22000000,65547.06000000,65547.06000000,11.69650000,1784876699999999,766890.15272330,1931,2.22138000,145640.18608500,0
1784876700000000,65547.06000000,65548.00000000,65538.00000000,65548.00000000,7.66273000,1784876759999999,502248.27809880,839,1.41979000,93056.04384440,0
1784876760000000,65547.99000000,65573.19000000,65547.99000000,65562.34000000,10.82689000,1784876819999999,709891.23387400,1650,3.28029000,215060.73489500,0
1784876820000000,65562.34000000,65562.34000000,65547.99000000,65559.82000000,6.79158000,1784876879999999,445202.65046800,1164,3.38962000,222198.95030120,0
1784876880000000,65559.82000000,65580.68000000,65559.82000000,65580.67000000,10.59348000,1784876939999999,694563.64980840,1085,5.85852000,384113.30018390,0
1784876940000000,65580.68000000,65622.00000000,65580.67000000,65622.00000000,20.77994000,1784876999999999,1363124.99873910,3011,15.85061000,1039809.28376860,0
1784877000000000,65622.00000000,65722.40000000,65621.99000000,65716.14000000,48.78622000,1784877059999999,3204198.05472820,8091,32.57989000,2139702.06767070,0
1784877060000000,65716.14000000,65753.54000000,65712.07000000,65723.39000000,57.08499000,1784877119999999,3752507.91523590,4524,42.76346000,2811178.59400270,0
1784877120000000,65723.40000000,65749.07000000,65716.90000000,65726.00000000,14.96034000,1784877179999999,983444.33101630,2296,5.81897000,382493.37074710,0
1784877180000000,65726.00000000,65772.00000000,65725.99000000,65756.00000000,23.38580000,1784877239999999,1537680.74702240,2944,14.45356000,950308.28152500,0
1784877240000000,65755.99000000,65765.00000000,65744.05000000,65765.00000000,16.37176000,1784877299999999,1076525.04229700,1471,6.07707000,399589.74292070,0
1784877300000000,65764.99000000,65765.00000000,65718.30000000,65734.02000000,26.55320000,1784877359999999,1745674.18622540,4316,8.93899000,587703.77604660,0
1784877360000000,65734.02000000,65807.14000000,65734.02000000,65801.99000000,32.39601000,1784877419999999,2130827.55110550,4571,19.10444000,1256498.31381900,0
1784877420000000,65801.99000000,65808.59000000,65752.64000000,65757.40000000,18.85325000,1784877479999999,1240213.58601840,4019,5.91641000,389222.97985530,0
1784877480000000,65757.40000000,65757.40000000,65704.01000000,65704.01000000,12.02162000,1784877539999999,790233.19629230,3652,2.15317000,141540.82154620,0
1784877540000000,65704.01000000,65728.00000000,65699.27000000,65721.09000000,28.36423000,1784877599999999,1863972.82158660,2854,24.89844000,1636208.56115470,0
1784877600000000,65721.09000000,65726.17000000,65700.53000000,65703.72000000,7.77289000,1784877659999999,510767.43269280,2059,1.32564000,87114.71281440,0
1784877660000000,65703.73000000,65707.42000000,65688.99000000,65707.42000000,10.83033000,1784877719999999,711454.12127630,1751,6.57668000,432029.29538680,0
1784877720000000,65707.42000000,65732.00000000,65707.40000000,65724.00000000,15.47077000,1784877779999999,1016662.72868890,1652,8.24629000,541887.30407170,0
1784877780000000,65724.01000000,65724.01000000,65664.00000000,65664.00000000,17.32385000,1784877839999999,1138078.88048540,1937,4.98504000,327439.90982830,0
1784877840000000,65664.01000000,65664.01000000,65637.64000000,65645.27000000,6.27101000,1784877899999999,411686.63324930,1327,3.28180000,215457.45872590,0
1784877900000000,65645.26000000,65652.00000000,65626.65000000,65652.00000000,8.88100000,1784877959999999,582987.68953280,2579,3.38925000,222483.94096130,0
1784877960000000,65652.00000000,65665.06000000,65652.00000000,65660.48000000,16.08110000,1784878019999999,1055859.63177910,1096,7.15784000,469966.34641260,0
1784878020000000,65660.47000000,65660.48000000,65625.01000000,65632.06000000,7.43657000,1784878079999999,488151.85461020,1547,3.06666000,201270.17415270,0
1784878080000000,65632.05000000,65632.06000000,65616.10000000,65624.00000000,30.62428000,1784878139999999,2009695.24176550,1572,5.59236000,366978.85234810,0
1784878140000000,65624.00000000,65641.31000000,65623.98000000,65641.31000000,8.52460000,1784878199999999,559442.97919940,951,7.45270000,489099.54785980,0
1784878200000000,65641.31000000,65646.76000000,65598.34000000,65608.00000000,26.31692000,1784878259999999,1727017.51128260,3005,7.35702000,482671.66473920,0
1784878260000000,65608.00000000,65655.09000000,65608.00000000,65644.72000000,28.27668000,1784878319999999,1856038.98523320,2678,16.77863000,1101256.18758860,0
1784878320000000,65644.71000000,65696.99000000,65644.71000000,65696.99000000,24.48517000,1784878379999999,1607784.94119690,3613,13.60501000,893408.11873900,0
1784878380000000,65696.98000000,65696.99000000,65610.77000000,65610.78000000,22.77123000,1784878439999999,1495160.24200940,3788,0.67046000,44019.49866490,0
1784878440000000,65610.77000000,65610.77000000,65551.69000000,65558.20000000,33.76033000,1784878499999999,2213891.60631940,4074,8.29677000,544007.73946810,0
1784878500000000,65558.19000000,65558.20000000,65508.00000000,65520.00000000,29.30055000,1784878559999999,1920281.72694620,3019,11.18250000,732865.26255070,0
1784878560000000,65520.00000000,65532.74000000,65443.87000000,65475.33000000,50.91803000,1784878619999999,3333966.73293750,5206,20.36348000,1333221.87335360,0
1784878620000000,65475.33000000,65488.59000000,65464.89000000,65484.68000000,18.39843000,1784878679999999,1204547.15040020,1685,8.39792000,549835.01751180,0
1784878680000000,65484.67000000,65494.00000000,65478.13000000,65494.00000000,25.86933000,1784878739999999,1694108.23247570,1936,12.15434000,795941.05277010,0
1784878740000000,65493.99000000,65494.00000000,65483.37000000,65483.37000000,14.42265000,1784878799999999,944536.02646250,1270,3.28785000,215320.83015580,0
1784878800000000,65483.37000000,65483.37000000,65435.96000000,65440.00000000,29.46182000,1784878859999999,1928720.22781690,3823,9.08320000,594639.08207640,0
1784878860000000,65439.99000000,65440.00000000,65407.17000000,65418.72000000,22.92145000,1784878919999999,1499622.65822710,3539,7.73308000,505897.46667640,0
1784878920000000,65418.71000000,65420.87000000,65376.04000000,65380.01000000,33.81665000,1784878979999999,2211795.93227310,3507,5.64986000,369467.88602820,0
1784878980000000,65380.01000000,65399.08000000,65320.69000000,65365.68000000,98.60652000,1784879039999999,6444799.88514930,3340,10.58316000,691848.27346060,0
1784879040000000,65365.69000000,65375.75000000,65365.69000000,65369.20000000,26.82655000,1784879099999999,1753686.43123990,1845,11.61944000,759565.92636140,0
1784879100000000,65369.20000000,65375.00000000,65361.22000000,65375.00000000,20.85694000,1784879159999999,1363385.08733980,1612,10.66874000,697405.43108350,0
1784879160000000,65375.00000000,65401.77000000,65366.04000000,65401.76000000,26.46962000,1784879219999999,1730550.84854230,2270,12.11905000,792342.95443400,0
1784879220000000,65401.76000000,65424.33000000,65401.76000000,65424.32000000,15.93804000,1784879279999999,1042444.73672790,1490,10.43518000,682544.46782930,0
1784879280000000,65424.33000000,65431.90000000,65424.32000000,65431.89000000,8.70806000,1784879339999999,569744.49046140,821,7.63993000,499858.89231530,0
1784879340000000,65431.90000000,65456.14000000,65431.89000000,65456.13000000,11.39135000,1784879399999999,745475.94440880,1260,10.56586000,691457.08568500,0
1784879400000000,65456.14000000,65456.14000000,65418.27000000,65418.27000000,17.18591000,1784879459999999,1124678.94219670,1377,8.12240000,531534.45488130,0
1784879460000000,65418.28000000,65436.52000000,65418.27000000,65436.51000000,10.15502000,1784879519999999,664416.01580690,977,9.49135000,620993.59192400,0
1784879520000000,65436.52000000,65466.07000000,65436.51000000,65441.33000000,12.44016000,1784879579999999,814194.56976250,2231,9.34169000,611389.31390490,0
1784879580000000,65441.33000000,65462.15000000,65441.32000000,65462.14000000,7.68274000,1784879639999999,502829.25184040,965,7.24455000,474149.47011940,0
1784879640000000,65462.15000000,65500.00000000,65462.14000000,65500.00000000,20.53455000,1784879699999999,1344654.94949140,2109,14.07018000,921342.18490170,0
1784879700000000,65500.00000000,65504.00000000,65499.99000000,65500.91000000,13.35996000,1784879759999999,875105.35845780,537,7.39686000,484500.23008280,0
1784879760000000,65500.92000000,65506.40000000,65495.75000000,65504.00000000,20.10839000,1784879819999999,1317143.84946060,1116,11.49911000,753215.67212390,0
1784879820000000,65504.00000000,65504.00000000,65503.94000000,65503.95000000,7.81007000,1784879879999999,511590.74507030,375,4.41130000,288957.75203650,0
1784879880000000,65503.95000000,65503.95000000,65498.00000000,65498.01000000,6.02786000,1784879939999999,394820.21405180,490,4.80091000,314454.62532650,0
1784879940000000,65498.01000000,65499.95000000,65498.00000000,65499.95000000,9.99160000,1784879999999999,654438.51204070,430,9.58163000,627585.87634990,0
1784880000000000,65499.94000000,65508.17000000,65488.91000000,65488.91000000,7.49804000,1784880059999999,491105.99918870,1359,5.05874000,331337.91486390,0
1784880060000000,65488.90000000,65488.91000000,65468.00000000,65485.60000000,7.70555000,1784880119999999,504575.66619060,1752,3.95722000,259132.75794260,0
1784880120000000,65485.60000000,65485.60000000,65444.00000000,65444.00000000,10.63329000,1784880179999999,696115.10165910,2082,1.64886000,107918.78645440,0
1784880180000000,65444.01000000,65445.82000000,65438.09000000,65438.09000000,19.01281000,1784880239999999,1244197.85218030,1292,16.93366000,1108131.49523950,0
1784880240000000,65438.09000000,65438.10000000,65436.12000000,65436.13000000,1.62563000,1784880299999999,106377.26969340,507,0.35947000,23522.71262080,0
1784880300000000,65436.13000000,65448.00000000,65430.25000000,65447.99000000,10.10039000,1784880359999999,660907.67481530,1001,5.81479000,380494.03966380,0
1784880360000000,65448.00000000,65448.00000000,65431.00000000,65431.00000000,2.92225000,1784880419999999,191251.38683260,585,1.31843000,86288.39379580,0
1784880420000000,65430.99000000,65441.47000000,65430.98000000,65441.46000000,5.25822000,1784880479999999,344062.38979460,571,0.97581000,63849.91944370,0
1784880480000000,65441.47000000,65464.00000000,65441.46000000,65464.00000000,1.77838000,1784880539999999,116400.75592510,998,1.25683000,82266.70267110,0
1784880540000000,65464.00000000,65499.99000000,65463.99000000,65490.93000000,3.67662000,1784880599999999,240776.10327010,1249,1.97393000,129258.53667890,0
1784880600000000,65490.92000000,65490.93000000,65467.53000000,65467.53000000,2.20240000,1784880659999999,144211.50677060,754,0.60257000,39454.92262310,0
1784880660000000,65467.53000000,65467.54000000,65444.00000000,65444.00000000,7.14659000,1784880719999999,467750.93433910,1158,0.88381000,57843.39357570,0
1784880720000000,65444.00000000,65444.00000000,65428.00000000,65428.00000000,3.27491000,1784880779999999,214295.30008780,901,0.51746000,33859.77444790,0
1784880780000000,65428.01000000,65444.00000000,65425.98000000,65443.99000000,4.22345000,1784880839999999,276358.93199270,1153,3.32188000,217360.22780890,0
1784880840000000,65444.00000000,65453.07000000,65438.95000000,65438.95000000,2.51402000,1784880899999999,164538.47514230,853,1.13124000,74037.74740670,0
1784880900000000,65438.96000000,65446.45000000,65426.74000000,65428.91000000,5.68963000,1784880959999999,372311.41180340,2005,1.58082000,103437.97515160,0
1784880960000000,65428.91000000,65475.38000000,65428.90000000,65475.38000000,5.17621000,1784881019999999,338801.78310600,1907,3.88858000,254512.62682010,0
1784881020000000,65475.38000000,65478.20000000,65461.75000000,65461.75000000,3.39062000,1784881079999999,222000.81555370,875,1.05410000,69016.81084430,0
1784881080000000,65461.76000000,65475.37000000,65438.49000000,65438.49000000,13.22772000,1784881139999999,865974.21394900,1424,10.38805000,680100.16313220,0
1784881140000000,65438.50000000,65438.50000000,65416.00000000,65416.01000000,5.16208000,1784881199999999,337725.88903430,1443,1.56352000,102289.25005900,0
1784881200000000,65416.00000000,65416.01000000,65401.98000000,65401.98000000,1.00297000,1784881259999999,65603.05169250,702,0.28848000,18869.50694160,0
1784881260000000,65401.98000000,65401.98000000,65381.87000000,65381.87000000,2.52497000,1784881319999999,165104.57041990,1053,0.27924000,18258.32554170,0
1784881320000000,65381.87000000,65381.88000000,65365.99000000,65366.00000000,2.87415000,1784881379999999,187902.83303370,973,0.79655000,52072.90789990,0
1784881380000000,65366.00000000,65369.70000000,65360.01000000,65367.08000000,9.54569000,1784881439999999,623931.42286330,1069,8.83123000,577229.39865010,0
1784881440000000,65367.08000000,65367.08000000,65356.00000000,65356.01000000,4.21822000,1784881499999999,275708.25948760,586,0.87253000,57025.36540810,0
1784881500000000,65356.01000000,65356.01000000,65312.00000000,65312.00000000,7.44824000,1784881559999999,486629.58274430,1451,0.52223000,34117.92567740,0
1784881560000000,65312.01000000,65361.29000000,65312.00000000,65361.28000000,9.53239000,1784881619999999,622827.52844720,2046,9.28320000,606546.29504840,0
1784881620000000,65361.29000000,65377.99000000,65361.27000000,65377.98000000,5.20023000,1784881679999999,339905.88753770,875,1.68419000,110091.10876170,0
1784881680000000,65377.99000000,65377.99000000,65372.47000000,65372.48000000,1.65959000,1784881739999999,108499.21612330,435,0.83310000,54466.19833170,0
1784881740000000,65372.48000000,65393.08000000,65372.47000000,65390.01000000,3.14926000,1784881799999999,205894.88599290,928,2.71164000,177278.43032490,0
1784881800000000,65390.01000000,65403.25000000,65390.00000000,65403.12000000,7.41363000,1784881859999999,484833.41509480,1281,7.13224000,466430.62451760,0
1784881860000000,65403.12000000,65413.99000000,65403.11000000,65413.99000000,1.61224000,1784881919999999,105451.73536560,746,1.49001000,97456.92025180,0
1784881920000000,65413.99000000,65424.76000000,65413.61000000,65424.76000000,2.62378000,1784881979999999,171636.36706650,696,2.31200000,151240.19286420,0
1784881980000000,65424.76000000,65424.76000000,65407.07000000,65407.07000000,5.51153000,1784882039999999,360530.90772930,1075,0.73351000,47980.42559810,0
1784882040000000,65407.08000000,65407.08000000,65401.30000000,65401.31000000,1.19119000,1784882099999999,77908.92694590,380,0.66213000,43305.25856300,0
1784882100000000,65401.31000000,65401.31000000,65393.19000000,65393.20000000,3.63559000,1784882159999999,237769.55448370,613,1.10274000,72119.78851140,0
1784882160000000,65393.19000000,65419.87000000,65391.07000000,65419.87000000,10.07847000,1784882219999999,659090.98107880,2166,9.31074000,608882.25425600,0
1784882220000000,65419.86000000,65428.25000000,65408.59000000,65428.24000000,12.79160000,1784882279999999,836808.16370150,1372,4.54114000,297078.21631120,0
1784882280000000,65428.24000000,65444.00000000,65428.24000000,65443.99000000,3.64959000,1784882339999999,238809.32169480,799,2.53427000,165828.98954960,0
1784882340000000,65443.99000000,65451.99000000,65443.99000000,65444.00000000,4.60221000,1784882399999999,301204.24654720,888,1.76152000,115283.78718510,0
1784882400000000,65443.99000000,65448.00000000,65443.99000000,65447.99000000,3.13957000,1784882459999999,205474.40696670,541,2.27083000,148618.44821410,0
1784882460000000,65448.00000000,65448.00000000,65439.95000000,65439.96000000,4.61856000,1784882519999999,302247.52041000,563,3.14013000,205490.59969260,0
1784882520000000,65439.96000000,65439.96000000,65436.04000000,65436.04000000,1.06852000,1784882579999999,69922.64084480,386,0.61126000,39999.93395590,0
1784882580000000,65436.05000000,65436.05000000,65432.00000000,65432.00000000,8.87249000,1784882639999999,580565.34322360,482,8.36027000,547048.91331830,0
1784882640000000,65432.01000000,65445.36000000,65432.00000000,65445.35000000,7.12905000,1784882699999999,466532.12466570,1082,2.53528000,165899.07598790,0
1784882700000000,65445.36000000,65449.25000000,65436.00000000,65436.01000000,6.82684000,1784882759999999,446768.67727540,908,3.93088000,257242.24747210,0
1784882760000000,65436.00000000,65436.01000000,65430.00000000,65430.01000000,2.53607000,1784882819999999,165942.62446220,486,1.81044000,118463.04980440,0
1784882820000000,65430.01000000,65442.00000000,65430.00000000,65434.01000000,7.11442000,1784882879999999,465517.93521530,1222,6.37895000,417388.68621840,0
1784882880000000,65434.00000000,65436.65000000,65428.23000000,65428.24000000,3.91432000,1784882939999999,256129.91305190,628,2.11837000,138613.14832910,0
1784882940000000,65428.24000000,65428.24000000,65424.00000000,65424.01000000,3.26635000,1784882999999999,213703.62901820,477,2.25944000,147825.10851650,0
1784883000000000,65424.00000000,65424.01000000,65416.00000000,65416.00000000,4.22908000,1784883059999999,276681.52770070,617,1.33782000,87525.00281820,0
1784883060000000,65416.00000000,65416.01000000,65381.98000000,65381.98000000,5.34273000,1784883119999999,349406.13456430,1622,0.72346000,47313.80628910,0
1784883120000000,65381.98000000,65381.99000000,65368.00000000,65368.01000000,1.46039000,1784883179999999,95473.53548270,684,0.34929000,22834.81018330,0
1784883180000000,65368.00000000,65368.01000000,65341.00000000,65341.01000000,3.35884000,1784883239999999,219511.34292420,926,0.49260000,32192.38444480,0
1784883240000000,65341.00000000,65341.01000000,65331.00000000,65331.00000000,1.99269000,1784883299999999,130200.03896580,381,0.47943000,31325.64591430,0
1784883300000000,65331.00000000,65331.01000000,65320.00000000,65320.01000000,4.86607000,1784883359999999,317898.24006990,494,3.25277000,212503.43226140,0
1784883360000000,65320.01000000,65335.51000000,65320.00000000,65330.17000000,7.53723000,1784883419999999,492378.44146620,797,5.90266000,385591.78797490,0
1784883420000000,65330.01000000,65330.01000000,65323.99000000,65323.99000000,2.08793000,1784883479999999,136394.27518270,647,1.24882000,81578.85404860,0
1784883480000000,65324.00000000,65324.00000000,65320.46000000,65320.46000000,2.75591000,1784883539999999,180026.63062630,422,0.63980000,41794.22750490,0
1784883540000000,65320.46000000,65320.46000000,65302.18000000,65302.18000000,1.65884000,1784883599999999,108339.04269680,958,0.47002000,30696.39004350,0
1784883600000000,65302.18000000,65306.16000000,65302.18000000,65306.15000000,6.24728000,1784883659999999,407982.73856870,543,5.83997000,381382.90358620,0
1784883660000000,65306.16000000,65311.49000000,65298.00000000,65305.07000000,10.00717000,1784883719999999,653487.26527900,1372,5.28952000,345412.32754550,0
1784883720000000,65305.07000000,65314.66000000,65296.00000000,65296.01000000,2.68590000,1784883779999999,175406.86790020,1177,1.77108000,115663.61565160,0
1784883780000000,65296.00000000,65296.01000000,65288.73000000,65288.74000000,1.86863000,1784883839999999,122006.30011020,470,0.37715000,24624.83671790,0
1784883840000000,65288.74000000,65288.74000000,65200.00000000,65200.01000000,23.84747000,1784883899999999,1555910.65586530,3132,5.42894000,354218.02232420,0
1784883900000000,65200.00000000,65200.01000000,65129.93000000,65135.35000000,36.07326000,1784883959999999,2350807.48105830,3599,12.30030000,801740.93225000,0
1784883960000000,65135.34000000,65166.52000000,65135.34000000,65138.01000000,9.16526000,1784884019999999,597105.02171120,2196,6.46465000,421150.61644260,0
1784884020000000,65138.00000000,65182.00000000,65109.38000000,65146.25000000,19.89092000,1784884079999999,1295936.50412380,4558,8.31680000,541854.74825520,0
1784884080000000,65146.24000000,65162.00000000,65144.00000000,65144.01000000,8.19204000,1784884139999999,533733.11026820,1524,5.44276000,354590.71974010,0
1784884140000000,65144.01000000,65144.01000000,65130.00000000,65130.01000000,5.33329000,1784884199999999,347375.93647210,543,2.94533000,191829.57790000,0
1784884200000000,65130.02000000,65130.02000000,65096.00000000,65116.01000000,14.34588000,1784884259999999,934112.22764950,2665,8.02750000,522633.85002550,0
1784884260000000,65116.01000000,65116.01000000,65069.86000000,65095.75000000,14.09117000,1784884319999999,917126.82140180,2805,7.04469000,458470.84540790,0
1784884320000000,65095.76000000,65105.15000000,65095.75000000,65102.00000000,9.02938000,1784884379999999,587836.04187060,796,5.65811000,368350.18252160,0
1784884380000000,65102.01000000,65106.36000000,65090.00000000,65090.01000000,11.89127000,1784884439999999,774104.61254070,1373,4.54530000,295893.37846510,0
1784884440000000,65090.00000000,65090.00000000,65045.34000000,65045.34000000,5.57515000,1784884499999999,362722.07524830,1969,0.86548000,56304.83873100,0
1784884500000000,65045.34000000,65069.87000000,65000.00000000,65000.01000000,23.67736000,1784884559999999,1539708.78771510,5279,10.39470000,676073.97777800,0
1784884560000000,65000.01000000,65060.00000000,65000.00000000,65050.03000000,9.35928000,1784884619999999,608684.67507440,2584,6.96959000,453222.69538280,0
1784884620000000,65050.04000000,65050.04000000,65034.00000000,65034.00000000,4.74883000,1784884679999999,308868.01802080,891,1.01784000,66198.93674000,0
1784884680000000,65034.01000000,65034.01000000,65014.00000000,65014.01000000,2.58714000,1784884739999999,168229.39006440,1008,0.45299000,29453.76324800,0
1784884740000000,65014.00000000,65014.01000000,64959.98000000,64998.72000000,14.14582000,1784884799999999,919183.71284580,3908,8.84384000,574619.29382100,0
1784884800000000,64998.71000000,65018.00000000,64998.71000000,65000.01000000,21.01448000,1784884859999999,1366149.45745190,1484,15.45530000,1004728.92011020,0
1784884860000000,65000.00000000,65010.00000000,64982.00000000,64982.00000000,5.63656000,1784884919999999,366390.79848460,1398,1.87966000,122183.66084310,0
1784884920000000,64982.01000000,64982.01000000,64952.38000000,64955.13000000,7.38722000,1784884979999999,479866.66918950,1320,3.91905000,254553.95337690,0
1784884980000000,64955.14000000,64993.78000000,64955.14000000,64993.78000000,4.05423000,1784885039999999,263416.85104330,1549,3.63925000,236449.66665780,0
1784885040000000,64993.79000000,64993.79000000,64977.25000000,64977.25000000,4.31436000,1784885099999999,280368.58221110,967,0.86835000,56427.07582950,0
1784885100000000,64977.25000000,65030.00000000,64969.99000000,65008.63000000,8.06234000,1784885159999999,524012.46446640,3118,5.56075000,361414.07355090,0
1784885160000000,65008.63000000,65017.99000000,65004.00000000,65004.00000000,6.39194000,1784885219999999,415528.80270250,1210,3.53143000,229570.53616050,0
1784885220000000,65004.00000000,65004.01000000,64986.00000000,64986.00000000,4.06919000,1784885279999999,264467.66465200,1036,0.48924000,31797.82614460,0
1784885280000000,64986.01000000,64986.01000000,64960.60000000,64975.66000000,10.40397000,1784885339999999,675949.21756780,2241,7.92971000,515200.34552940,0
1784885340000000,64975.65000000,64987.08000000,64965.42000000,64965.43000000,4.50570000,1784885399999999,292774.13423390,1270,2.78723000,181115.17439690,0
1784885400000000,64965.43000000,64990.33000000,64965.42000000,64989.82000000,9.91791000,1784885459999999,644425.46278030,1897,8.54196000,555016.73266790,0
1784885460000000,64989.81000000,64989.81000000,64967.39000000,64969.99000000,7.44400000,1784885519999999,483688.89043680,981,2.36338000,153550.26405400,0
1784885520000000,64970.00000000,65014.78000000,64969.99000000,64991.13000000,11.56020000,1784885579999999,751340.83646240,2462,9.02133000,586312.69687540,0
1784885580000000,64991.13000000,64999.99000000,64974.21000000,64996.02000000,4.39270000,1784885639999999,285440.83959340,1846,3.18616000,207031.07392950,0
1784885640000000,64996.01000000,64996.02000000,64960.67000000,64983.99000000,7.59970000,1784885699999999,493761.65631910,2213,4.79195000,311327.18673230,0
1784885700000000,64984.00000000,65001.08000000,64978.00000000,64978.01000000,6.55459000,1784885759999999,425993.52098470,1674,3.81533000,247968.88326590,0
1784885760000000,64978.01000000,65003.93000000,64972.03000000,65003.93000000,7.86189000,1784885819999999,510923.91743270,1648,6.05000000,393172.62510860,0
1784885820000000,65003.93000000,65006.00000000,64994.08000000,65002.59000000,4.49892000,1784885879999999,292432.93362880,1042,2.65072000,172292.30312570,0
1784885880000000,65002.59000000,65012.67000000,64990.00000000,64990.01000000,3.23800000,1784885939999999,210473.79287010,1486,1.53551000,99809.67433950,0
1784885940000000,64990.01000000,65047.64000000,64988.00000000,65041.57000000,8.20768000,1784885999999999,533640.00479160,2629,7.65141000,497467.89224150,0
1784886000000000,65041.58000000,65090.01000000,65041.57000000,65078.71000000,16.86164000,1784886059999999,1097241.28014540,2457,13.79383000,897576.61783220,0
1784886060000000,65078.72000000,65078.72000000,65066.00000000,65066.01000000,2.34637000,1784886119999999,152691.94268770,583,0.55773000,36291.03593350,0
1784886120000000,65066.01000000,65084.00000000,65066.00000000,65084.00000000,5.51572000,1784886179999999,358904.41051070,1170,3.86040000,251198.83951340,0
1784886180000000,65083.99000000,65096.00000000,65078.00000000,65095.99000000,2.65849000,1784886239999999,173028.63802570,1103,2.13760000,139126.74532750,0
1784886240000000,65095.99000000,65095.99000000,65080.00000000,65080.01000000,4.48499000,1784886299999999,291925.82361660,758,0.41038000,26711.18755180,0
1784886300000000,65080.00000000,65080.01000000,65074.00000000,65080.00000000,5.14407000,1784886359999999,334747.68838940,928,4.19848000,273213.22725600,0
1784886360000000,65079.99000000,65134.00000000,65079.99000000,65131.38000000,7.03677000,1784886419999999,458159.42578450,2035,6.36633000,414503.24410500,0
1784886420000000,65131.38000000,65131.38000000,65098.09000000,65100.01000000,3.27171000,1784886479999999,213028.61924940,1565,1.57409000,102484.92239460,0
1784886480000000,65100.01000000,65100.01000000,65079.76000000,65079.76000000,3.06563000,1784886539999999,199545.32779040,765,0.92865000,60440.18019510,0
1784886540000000,65079.77000000,65098.00000000,65079.76000000,65082.40000000,7.11543000,1784886599999999,463133.37058400,1367,3.65415000,237826.13672970,0
1784886600000000,65082.40000000,65110.83000000,65082.39000000,65110.83000000,10.09249000,1784886659999999,656986.24796780,1875,9.06836000,590307.75101500,0
1784886660000000,65110.82000000,65127.28000000,65110.82000000,65118.01000000,9.09721000,1784886719999999,592407.71716330,1567,8.44487000,549924.65887170,0
1784886720000000,65118.01000000,65136.00000000,65118.00000000,65133.38000000,7.27619000,1784886779999999,473881.86175590,1786,4.73257000,308205.07112530,0
1784886780000000,65133.39000000,65136.00000000,65124.29000000,65124.29000000,1.53982000,1784886839999999,100287.59926540,520,0.36546000,23802.71687600,0
1784886840000000,65124.29000000,65124.30000000,65124.29000000,65124.29000000,2.79291000,1784886899999999,181886.28373700,262,0.29531000,19231.85703300,0
1784886900000000,65124.30000000,65126.91000000,65124.29000000,65126.90000000,2.56475000,1784886959999999,167031.53319310,335,1.01306000,65975.20187650,0
1784886960000000,65126.91000000,65126.91000000,65121.04000000,65121.04000000,0.57317000,1784887019999999,37325.99540150,346,0.21284000,13860.36779800,0
1784887020000000,65121.05000000,65121.05000000,65104.50000000,65104.50000000,2.45381000,1784887079999999,159786.96822140,580,0.38403000,25005.33886110,0
1784887080000000,65104.50000000,65109.43000000,65104.50000000,65109.42000000,1.28045000,1784887139999999,83366.32223440,443,1.03289000,67248.22803850,0
1784887140000000,65109.43000000,65113.13000000,65101.44000000,65113.13000000,3.88521000,1784887199999999,252958.76183760,1022,2.80284000,182487.60216850,0
1784887200000000,65113.13000000,65157.99000000,65110.86000000,65144.18000000,10.26463000,1784887259999999,668646.64875700,2792,7.95062000,517892.11897820,0
1784887260000000,65144.18000000,65144.18000000,65104.00000000,65105.70000000,3.88061000,1784887319999999,252671.95727190,1527,2.36771000,154151.38249050,0
1784887320000000,65105.70000000,65105.70000000,65084.29000000,65089.51000000,4.75608000,1784887379999999,309585.00419300,854,0.70537000,45912.44464000,0
1784887380000000,65089.51000000,65111.71000000,65089.51000000,65102.00000000,2.35000000,1784887439999999,152988.94635410,1576,1.37496000,89509.48123830,0
1784887440000000,65102.00000000,65125.20000000,65101.99000000,65118.21000000,2.58579000,1784887499999999,168371.87282580,1539,1.30226000,84792.26887270,0
1784887500000000,65118.20000000,65118.21000000,65089.50000000,65089.50000000,1.77288000,1784887559999999,115427.25381160,891,0.29578000,19255.99156470,0
1784887560000000,65089.51000000,65090.01000000,65074.00000000,65074.01000000,3.52694000,1784887619999999,229548.81576040,806,0.30971000,20156.35167360,0
1784887620000000,65074.01000000,65089.92000000,65074.00000000,65084.00000000,3.52887000,1784887679999999,229675.86965360,1152,2.97620000,193703.09667230,0
1784887680000000,65084.01000000,65084.01000000,65072.94000000,65072.95000000,1.43376000,1784887739999999,93301.79272000,623,0.47269000,30760.20560790,0
1784887740000000,65072.94000000,65072.94000000,65045.62000000,65045.63000000,2.43361000,1784887799999999,158337.11750480,922,0.28515000,18550.73744660,0
1784887800000000,65045.63000000,65069.06000000,65045.63000000,65069.06000000,5.35090000,1784887859999999,348115.96891360,1786,2.33260000,151748.42558390,0
1784887860000000,65069.05000000,65069.06000000,65044.01000000,65044.01000000,1.20757000,1784887919999999,78568.25207530,831,0.28278000,18399.42992310,0
1784887920000000,65044.00000000,65044.01000000,65002.05000000,65013.54000000,6.65917000,1784887979999999,432940.05749810,1812,2.91515000,189495.85847560,0
1784887980000000,65013.54000000,65013.55000000,65002.00000000,65002.00000000,2.44334000,1784888039999999,158836.28967660,500,0.63874000,41521.81084160,0
1784888040000000,65002.00000000,65002.00000000,65000.00000000,65001.88000000,5.45964000,1784888099999999,354878.00666520,379,4.70287000,305686.98632960,0
1784888100000000,65001.89000000,65019.81000000,64993.42000000,65019.81000000,20.38869000,1784888159999999,1325296.37859280,1472,17.65544000,1147635.62461310,0
1784888160000000,65019.80000000,65019.81000000,65005.09000000,65005.09000000,1.13704000,1784888219999999,73921.58653400,632,0.22144000,14395.61047270,0
1784888220000000,65005.09000000,65005.10000000,64976.01000000,64976.01000000,2.59578000,1784888279999999,168705.29167230,1283,0.27122000,17628.25844210,0
1784888280000000,64976.01000000,64976.01000000,64972.97000000,64972.97000000,2.36801000,1784888339999999,153863.53532550,350,0.25364000,16480.32189080,0
1784888340000000,64972.97000000,64972.97000000,64968.56000000,64968.57000000,0.60356000,1784888399999999,39212.56901630,285,0.30048000,19521.75637440,0
1784888400000000,64968.56000000,64990.81000000,64968.56000000,64990.80000000,12.44469000,1784888459999999,808594.15013050,980,10.84836000,704864.19251370,0
1784888460000000,64990.80000000,65000.00000000,64968.65000000,64990.00000000,98.73957000,1784888519999999,6416375.22255840,2401,73.03214000,4745716.41858630,0
1784888520000000,64990.01000000,64992.00000000,64990.00000000,64992.00000000,3.41885000,1784888579999999,222191.82387400,292,3.31191000,215241.78085640,0
1784888580000000,64991.99000000,65016.41000000,64991.99000000,65011.77000000,22.90811000,1784888639999999,1489011.60761680,1584,18.71464000,1216382.58987870,0
1784888640000000,65011.76000000,65020.01000000,65000.89000000,65020.00000000,31.46140000,1784888699999999,2045301.44033280,908,22.54440000,1465591.59904160,0
1784888700000000,65020.01000000,65020.01000000,64990.04000000,65000.23000000,44.23359000,1784888759999999,2875949.49798600,716,1.28890000,83796.18425380,0
1784888760000000,65000.23000000,65024.99000000,65000.22000000,65016.70000000,10.11383000,1784888819999999,657501.40311420,1518,9.55589000,621224.12254540,0
1784888820000000,65016.70000000,65016.70000000,65004.76000000,65010.00000000,3.96479000,1784888879999999,257734.13303410,741,3.42023000,222331.76933880,0
1784888880000000,65009.99000000,65025.00000000,65009.99000000,65021.31000000,7.72756000,1784888939999999,502418.75610200,687,6.24927000,406299.21495240,0
1784888940000000,65021.31000000,65021.31000000,65010.86000000,65014.00000000,6.58084000,1784888999999999,427839.05999770,630,3.47879000,226160.60915000,0
1784889000000000,65013.99000000,65050.00000000,65013.99000000,65033.73000000,46.88433000,1784889059999999,3048813.99798790,1929,45.47488000,2957133.44095050,0
1784889060000000,65033.72000000,65036.00000000,65030.00000000,65030.00000000,24.12543000,1784889119999999,1568989.07938820,700,3.85273000,250557.99425470,0
1784889120000000,65030.00000000,65030.01000000,65017.50000000,65017.51000000,14.58826000,1784889179999999,948669.77667760,402,0.43787000,28472.56775030,0
1784889180000000,65017.51000000,65033.16000000,65017.50000000,65033.15000000,8.83699000,1784889239999999,574607.75768800,842,8.63891000,561726.75612900,0
1784889240000000,65033.16000000,65033.16000000,65017.41000000,65017.42000000,1.67456000,1784889299999999,108895.02388180,668,0.75538000,49122.74353010,0
1784889300000000,65017.42000000,65017.42000000,65000.00000000,65000.00000000,2.86711000,1784889359999999,186370.41701660,586,0.42569000,27669.87072690,0
1784889360000000,65000.01000000,65020.01000000,65000.00000000,65020.00000000,25.87777000,1784889419999999,1682352.83859440,715,21.87428000,1422051.16639440,0
1784889420000000,65020.01000000,65030.00000000,65020.00000000,65030.00000000,6.94361000,1784889479999999,451505.19380860,585,6.59232000,428661.25636380,0
1784889480000000,65029.99000000,65030.00000000,65027.00000000,65027.01000000,2.36555000,1784889539999999,153829.38861550,375,1.79156000,116503.84067830,0
1784889540000000,65027.01000000,65032.55000000,65020.00000000,65020.00000000,27.30767000,1784889599999999,1775627.05004990,967,9.12301000,593252.09245140,0
1784889600000000,65020.00000000,65026.57000000,65008.00000000,65020.01000000,38.41102000,1784889659999999,2497346.46056020,1199,27.49129000,1787355.94976620,0
1784889660000000,65020.01000000,65038.00000000,65020.00000000,65038.00000000,9.35403000,1784889719999999,608256.80422730,661,9.28336000,603660.88241070,0
1784889720000000,65037.99000000,65041.85000000,65037.99000000,65041.85000000,3.31708000,1784889779999999,215738.76303620,289,3.06197000,199146.12349480,0
1784889780000000,65041.84000000,65041.85000000,65037.99000000,65038.00000000,8.49265000,1784889839999999,552345.75746790,323,7.97614000,518752.21861230,0
1784889840000000,65037.99000000,65038.00000000,65022.20000000,65022.21000000,6.12353000,1784889899999999,398231.96047180,803,2.19147000,142524.91241250,0
1784889900000000,65022.20000000,65022.20000000,65020.00000000,65021.66000000,14.77566000,1784889959999999,960716.06901840,493,4.17462000,271435.89107390,0
1784889960000000,65021.67000000,65039.37000000,65021.66000000,65039.36000000,12.79965000,1784890019999999,832318.26494020,793,12.13977000,789402.07805270,0
1784890020000000,65039.36000000,65039.36000000,65036.75000000,65036.76000000,1.76984000,1784890079999999,115104.74826820,255,0.74330000,48341.82370800,0
1784890080000000,65036.75000000,65036.76000000,65022.00000000,65022.00000000,2.13471000,1784890139999999,138821.33253390,574,0.82651000,53750.17305320,0
1784890140000000,65022.00000000,65022.01000000,65022.00000000,65022.00000000,1.72578000,1784890199999999,112213.67010630,173,0.29463000,19157.43480630,0
1784890200000000,65022.00000000,65022.01000000,65002.77000000,65002.77000000,23.97389000,1784890259999999,1558745.89154420,777,0.43358000,28191.37893760,0
1784890260000000,65002.77000000,65015.50000000,64980.00000000,64980.01000000,19.84304000,1784890319999999,1289680.22063250,1817,14.14241000,919133.16738640,0
1784890320000000,64980.02000000,64980.02000000,64957.22000000,64962.01000000,5.34968000,1784890379999999,347522.75705370,1124,4.00481000,260147.89822030,0
1784890380000000,64962.01000000,64962.01000000,64907.36000000,64907.36000000,26.67626000,1784890439999999,1732045.05945560,2036,4.39772000,285472.05001270,0
1784890440000000,64907.37000000,64928.00000000,64906.85000000,64918.71000000,9.01878000,1784890499999999,585436.92969250,1400,7.71258000,500644.61083180,0
1784890500000000,64918.72000000,64950.01000000,64910.74000000,64950.01000000,36.52253000,1784890559999999,2371530.11087520,1805,34.83487000,2261931.60595740,0
1784890560000000,64950.01000000,64950.01000000,64950.00000000,64950.00000000,1.18623000,1784890619999999,77045.64786230,131,0.93623000,60808.14786230,0
1784890620000000,64950.01000000,64950.01000000,64950.00000000,64950.01000000,1.83330000,1784890679999999,119072.84947340,126,1.44734000,94004.74747340,0
1784890680000000,64950.01000000,64950.01000000,64950.00000000,64950.01000000,2.30215000,1784890739999999,149524.66288280,172,2.03828000,132386.30638280,0
1784890740000000,64950.01000000,64950.01000000,64950.00000000,64950.00000000,2.70663000,1784890799999999,175795.63081630,150,1.23163000,79994.38081630,0
1784890800000000,64950.01000000,64955.94000000,64920.00000000,64933.85000000,40.49541000,1784890859999999,2629938.34550900,2065,10.88910000,707075.13549700,0
1784890860000000,64933.86000000,64955.39000000,64927.62000000,64952.78000000,7.26478000,1784890919999999,471756.32719490,1289,6.66292000,432673.35019590,0
1784890920000000,64952.79000000,64983.31000000,64933.06000000,64983.31000000,24.22464000,1784890979999999,1573458.82010590,1794,21.59041000,1402357.23492770,0
1784890980000000,64983.30000000,65010.01000000,64983.30000000,65010.01000000,19.76376000,1784891039999999,1284569.45507160,826,18.44314000,1198724.23737360,0
1784891040000000,65010.00000000,65010.01000000,64997.52000000,64997.52000000,38.79502000,1784891099999999,2522046.74603120,665,0.36634000,23812.88286220,0
1784891100000000,64997.52000000,65019.82000000,64997.52000000,65019.82000000,21.02351000,1784891159999999,1366725.76651090,1332,20.30813000,1320216.98931940,0
1784891160000000,65019.82000000,65020.01000000,65002.00000000,65020.01000000,22.78473000,1784891219999999,1481225.26063990,1112,20.78172000,1351001.31901550,0
1784891220000000,65020.00000000,65024.86000000,65020.00000000,65020.00000000,21.88138000,1784891279999999,1422731.54929490,459,3.13215000,203653.44450210,0
1784891280000000,65020.00000000,65020.01000000,65001.21000000,65005.18000000,31.51300000,1784891339999999,2048730.80124430,1053,8.43731000,548443.37614110,0
1784891340000000,65005.19000000,65005.19000000,64976.00000000,64976.01000000,2.67020000,1784891399999999,173537.47903580,1115,1.67872000,109099.14530820,0
1784891400000000,64976.01000000,64986.32000000,64965.89000000,64986.31000000,19.94331000,1784891459999999,1295787.83017680,1671,17.64498000,1146452.37916580,0
1784891460000000,64986.32000000,64998.94000000,64986.31000000,64998.53000000,7.28808000,1784891519999999,473677.08173360,1195,5.55070000,360753.03803990,0
1784891520000000,64998.54000000,65008.00000000,64998.53000000,65007.99000000,3.18294000,1784891579999999,206897.23929240,552,3.00075000,195053.44176490,0
1784891580000000,65007.99000000,65016.98000000,65007.99000000,65016.98000000,2.00322000,1784891639999999,130232.28726360,452,1.61580000,105044.62586720,0
1784891640000000,65016.98000000,65016.98000000,65000.00000000,65000.01000000,4.51151000,1784891699999999,293288.47545760,740,0.85923000,55856.37591690,0
1784891700000000,65000.00000000,65053.30000000,65000.00000000,65044.00000000,7.33797000,1784891759999999,477167.47584620,2083,5.74131000,373327.27295420,0
1784891760000000,65043.99000000,65046.00000000,65024.00000000,65036.00000000,3.09638000,1784891819999999,201372.99924350,1125,1.71157000,111310.40346570,0
1784891820000000,65036.00000000,65046.00000000,65035.99000000,65046.00000000,3.75683000,1784891879999999,244359.22140660,435,1.67160000,108724.93669630,0
1784891880000000,65046.00000000,65046.00000000,65040.76000000,65040.76000000,1.84944000,1784891939999999,120293.83117270,418,0.41547000,27023.56191110,0
1784891940000000,65040.77000000,65040.77000000,65030.01000000,65035.22000000,2.33334000,1784891999999999,151750.83420890,595,0.68912000,44817.72235820,0
1784892000000000,65035.23000000,65035.23000000,65026.58000000,65026.58000000,4.11455000,1784892059999999,267573.67445340,492,1.77232000,115249.09722370,0
1784892060000000,65026.58000000,65040.77000000,65026.58000000,65040.75000000,2.85874000,1784892119999999,185914.45389570,903,2.30551000,149931.96057940,0
1784892120000000,65040.76000000,65040.76000000,65040.75000000,65040.75000000,0.66703000,1784892179999999,43384.13469240,138,0.32199000,20942.47431240,0
1784892180000000,65040.76000000,65060.00000000,65026.58000000,65043.33000000,56.07106000,1784892239999999,3647320.82143380,1431,32.91303000,2140767.00552860,0
1784892240000000,65043.33000000,65044.35000000,65043.32000000,65044.35000000,1.03381000,1784892299999999,67242.58861800,291,0.84769000,55136.67641940,0
1784892300000000,65044.35000000,65046.96000000,65032.00000000,65032.01000000,3.55942000,1784892359999999,231501.90573420,1116,0.84877000,55206.61749750,0
1784892360000000,65032.00000000,65043.52000000,65032.00000000,65043.51000000,1.64811000,1784892419999999,107188.97940900,461,1.36170000,88562.50351800,0
1784892420000000,65043.52000000,65069.05000000,65039.99000000,65066.43000000,20.44368000,1784892479999999,1329927.99838800,1126,16.97708000,1104381.71548360,0
1784892480000000,65066.43000000,65066.44000000,65060.00000000,65060.01000000,3.45376000,1784892539999999,224709.36289010,516,0.31664000,20601.34694420,0
1784892540000000,65060.00000000,65060.01000000,65032.79000000,65035.94000000,46.12167000,1784892599999999,3000462.41149470,1646,8.50603000,553280.94458940,0
1784892600000000,65035.95000000,65045.46000000,65022.66000000,65024.54000000,10.64267000,1784892659999999,692088.66603290,1887,6.74650000,438705.95237340,0
1784892660000000,65024.54000000,65050.00000000,65016.00000000,65016.01000000,7.47429000,1784892719999999,486063.85436620,2000,3.94257000,256381.95309990,0
1784892720000000,65016.00000000,65026.00000000,64962.72000000,65026.00000000,24.81118000,1784892779999999,1612545.60830370,3616,16.94208000,1101103.27795140,0
1784892780000000,65026.00000000,65052.00000000,65024.00000000,65024.00000000,8.41333000,1784892839999999,547194.93482220,1655,2.83498000,184384.37856260,0
1784892840000000,65024.01000000,65040.14000000,64990.82000000,64990.95000000,8.32628000,1784892899999999,541356.16812430,1751,3.35050000,217812.97555040,0
1784892900000000,64990.95000000,64991.31000000,64977.15000000,64977.15000000,6.07498000,1784892959999999,394791.42540180,1323,1.23481000,80244.00248230,0
1784892960000000,64977.16000000,64988.00000000,64961.61000000,64987.98000000,18.46302000,1784893019999999,1199627.31550200,1892,6.19672000,402578.90919170,0
1784893020000000,64987.98000000,64987.99000000,64970.47000000,64976.67000000,9.73965000,1784893079999999,632839.68390250,1428,6.13455000,398579.42618450,0
1784893080000000,64976.67000000,64994.00000000,64976.67000000,64993.99000000,14.29033000,1784893139999999,928657.11294570,852,11.35999000,738214.32334930,0
1784893140000000,64993.99000000,65011.31000000,64990.00000000,65011.31000000,11.05933000,1784893199999999,718790.20450880,1268,3.86327000,251104.12743340,0
1784893200000000,65011.30000000,65011.31000000,64990.00000000,64990.01000000,4.73332000,1784893259999999,307628.18932360,797,2.43402000,158187.01566420,0
1784893260000000,64990.00000000,64994.39000000,64990.00000000,64994.38000000,4.07193000,1784893319999999,264643.84970540,415,1.95100000,126797.58851580,0
1784893320000000,64994.38000000,64994.39000000,64972.00000000,64974.61000000,27.90331000,1784893379999999,1813279.84156400,1162,6.63453000,431068.51615930,0
1784893380000000,64974.61000000,65000.78000000,64961.45000000,64972.60000000,11.88693000,1784893439999999,772411.41324910,2916,5.82088000,378227.07980560,0
1784893440000000,64972.61000000,64976.67000000,64944.00000000,64946.31000000,12.22988000,1784893499999999,794385.41350450,1753,6.97574000,453055.18050380,0
1784893500000000,64946.32000000,64951.35000000,64922.00000000,64922.00000000,5.63240000,1784893559999999,365782.77636780,1963,1.68204000,109241.23578800,0
1784893560000000,64922.00000000,64922.01000000,64868.18000000,64889.62000000,26.48775000,1784893619999999,1718810.62465310,4274,13.22464000,858106.86701210,0
1784893620000000,64889.62000000,64907.94000000,64863.42000000,64863.42000000,15.75895000,1784893679999999,1022645.80063080,3387,3.84992000,249825.36439220,0
1784893680000000,64863.43000000,64876.00000000,64857.14000000,64875.99000000,8.88842000,1784893739999999,576540.02657270,2237,5.27883000,342413.42014930,0
1784893740000000,64876.00000000,64934.00000000,64875.99000000,64933.99000000,9.89523000,1784893799999999,642235.03315180,1857,8.57723000,556693.07707060,0
1784893800000000,64934.00000000,64984.33000000,64933.99000000,64984.32000000,5.49493000,1784893859999999,356934.79870080,2070,4.34452000,282213.96864420,0
1784893860000000,64984.32000000,64984.33000000,64973.12000000,64979.62000000,4.17319000,1784893919999999,271178.69414170,785,0.74356000,48314.37466340,0
1784893920000000,64979.63000000,65002.00000000,64979.62000000,64997.26000000,5.84736000,1784893979999999,380037.72292240,1067,4.29171000,278926.20523560,0
1784893980000000,64997.27000000,65039.17000000,64995.80000000,65039.16000000,6.48455000,1784894039999999,421588.81344220,1578,5.07164000,329740.67229430,0
1784894040000000,65039.17000000,65083.26000000,65039.16000000,65083.26000000,12.32271000,1784894099999999,801742.88337520,2381,8.59583000,559254.87762430,0
1784894100000000,65083.25000000,65083.26000000,65040.32000000,65040.32000000,7.45830000,1784894159999999,485243.83502280,2165,0.50689000,32971.95351070,0
1784894160000000,65040.32000000,65040.32000000,65023.13000000,65023.13000000,2.13348000,1784894219999999,138742.60017070,874,0.48511000,31547.52372350,0
1784894220000000,65023.03000000,65048.65000000,65010.01000000,65010.01000000,6.24895000,1784894279999999,406384.67998560,2266,2.01069000,130757.54031370,0
1784894280000000,65010.00000000,65086.00000000,65006.24000000,65086.00000000,14.88768000,1784894339999999,968405.74538380,4199,12.74946000,829341.17545200,0
1784894340000000,65086.00000000,65099.99000000,65064.00000000,65083.43000000,13.64814000,1784894399999999,888250.25103750,3374,7.51132000,488852.89253070,0
1784894400000000,65083.42000000,65083.43000000,65052.04000000,65054.01000000,4.68509000,1784894459999999,304823.42446800,2328,2.18534000,142170.75553520,0
1784894460000000,65054.00000000,65066.96000000,65038.00000000,65061.80000000,8.60642000,1784894519999999,559875.32089650,2598,4.82273000,313710.56037170,0
1784894520000000,65061.81000000,65065.53000000,65024.00000000,65031.37000000,5.09440000,1784894579999999,331379.38834610,2711,1.51638000,98638.76426340,0
1784894580000000,65031.36000000,65048.00000000,65000.00000000,65000.01000000,5.75426000,1784894639999999,374211.93559680,2446,1.45655000,94720.03710490,0
1784894640000000,65000.01000000,65019.15000000,65000.00000000,65007.23000000,4.45817000,1784894699999999,289801.10016280,1467,3.57449000,232353.69112710,0
1784894700000000,65007.23000000,65014.00000000,64987.84000000,64992.72000000,5.40890000,1784894759999999,351570.19527890,2071,2.27614000,147937.90575730,0
1784894760000000,64992.73000000,65044.96000000,64991.04000000,65044.95000000,5.79410000,1784894819999999,376720.81784040,1823,3.77900000,245699.91307910,0
1784894820000000,65044.95000000,65050.00000000,65037.65000000,65037.65000000,3.67185000,1784894879999999,238829.56852400,1239,1.23901000,80590.77887350,0
1784894880000000,65037.65000000,65037.66000000,65019.98000000,65035.61000000,17.33525000,1784894939999999,1127335.55409870,2244,6.28935000,408960.79875890,0
1784894940000000,65035.61000000,65080.00000000,65035.61000000,65079.99000000,3.55498000,1784894999999999,231323.03861950,1442,2.42317000,157676.18674600,0
1784895000000000,65079.99000000,65090.99000000,65073.30000000,65080.01000000,13.65043000,1784895059999999,888379.22836850,1493,11.81399000,768854.71218320,0
1784895060000000,65080.00000000,65101.99000000,65080.00000000,65098.01000000,6.74677000,1784895119999999,439183.49048330,1189,4.91962000,320240.20003780,0
1784895120000000,65098.01000000,65098.02000000,65070.00000000,65070.00000000,4.98686000,1784895179999999,324580.21548020,1243,0.32560000,21187.01618970,0
1784895180000000,65070.01000000,65070.01000000,65070.00000000,65070.01000000,1.33727000,1784895239999999,87016.16261720,154,0.37172000,24187.82411720,0
1784895240000000,65070.00000000,65072.63000000,65066.10000000,65072.63000000,12.68110000,1784895299999999,825153.39947970,964,2.74717000,178753.49297160,0
1784895300000000,65072.63000000,65072.63000000,65056.00000000,65058.61000000,9.67309000,1784895359999999,629335.48767630,1716,7.12217000,463358.44131360,0
1784895360000000,65058.62000000,65058.62000000,65047.46000000,65057.99000000,12.68896000,1784895419999999,825477.82972440,991,0.68824000,44772.36380320,0
1784895420000000,65057.99000000,65080.00000000,65057.99000000,65080.00000000,2.24184000,1784895479999999,145871.01173970,840,1.57196000,102280.45671120,0
1784895480000000,65080.00000000,65080.00000000,65050.01000000,65056.63000000,4.26063000,1784895539999999,277187.93159210,1389,0.71984000,46828.48379670,0
1784895540000000,65056.63000000,65056.64000000,65032.22000000,65032.23000000,7.26470000,1784895599999999,472558.54417710,926,0.35296000,22958.94591980,0
1784895600000000,65032.22000000,65032.23000000,65022.87000000,65022.87000000,1.54504000,1784895659999999,100469.21444490,483,0.72942000,47431.49851150,0
1784895660000000,65022.88000000,65048.89000000,65022.87000000,65034.10000000,5.31160000,1784895719999999,345436.57403430,1637,3.57020000,232180.76150680,0
1784895720000000,65034.10000000,65067.80000000,65034.09000000,65067.78000000,6.78115000,1784895779999999,441073.25806590,1356,4.17417000,271502.16048790,0
1784895780000000,65067.78000000,65099.13000000,65067.78000000,65086.01000000,10.96854000,1784895839999999,713954.45301880,2312,4.81941000,313672.14116430,0
1784895840000000,65086.01000000,65118.82000000,65086.01000000,65118.81000000,5.63438000,1784895899999999,366838.24407260,2103,4.29165000,279415.43960360,0
1784895900000000,65118.81000000,65118.82000000,65054.79000000,65098.72000000,21.08456000,1784895959999999,1372043.50317680,3168,4.97512000,323749.81438040,0
1784895960000000,65098.71000000,65115.53000000,65096.00000000,65115.52000000,4.60252000,1784896019999999,299651.56742780,1699,2.67221000,173978.38587550,0
1784896020000000,65115.53000000,65133.99000000,65100.51000000,65100.52000000,7.76416000,1784896079999999,505628.73431900,1984,4.71469000,307040.34695270,0
1784896080000000,65100.52000000,65100.52000000,65046.24000000,65049.72000000,4.48636000,1784896139999999,291910.30141260,2016,2.17340000,141393.98079820,0
1784896140000000,65049.73000000,65049.73000000,65026.62000000,65026.63000000,4.08725000,1784896199999999,265813.15376600,1133,0.98781000,64239.05133880,0
1784896200000000,65026.64000000,65034.76000000,65013.62000000,65034.75000000,4.01957000,1784896259999999,261376.69519920,1335,2.12729000,138330.92373940,0
1784896260000000,65034.76000000,65047.07000000,65030.07000000,65042.01000000,2.86545000,1784896319999999,186363.07172460,1106,1.71094000,111276.50026460,0
1784896320000000,65042.00000000,65053.81000000,65042.00000000,65053.81000000,2.45501000,1784896379999999,159695.09559910,736,1.32479000,86174.99274820,0
1784896380000000,65053.80000000,65058.56000000,65053.34000000,65053.34000000,3.21510000,1784896439999999,209164.55880760,649,0.96691000,62904.44984860,0
1784896440000000,65053.34000000,65053.34000000,65000.00000000,65000.00000000,7.24463000,1784896499999999,471130.82464210,1562,0.64380000,41869.17714850,0
1784896500000000,65000.00000000,65014.01000000,64994.28000000,65014.01000000,5.63117000,1784896559999999,366057.00200910,1066,3.66167000,238038.30077150,0
1784896560000000,65014.01000000,65014.01000000,64994.28000000,64994.28000000,2.50878000,1784896619999999,163070.32178730,969,0.81950000,53265.76917370,0
1784896620000000,64994.29000000,65037.99000000,64994.28000000,65034.00000000,5.92402000,1784896679999999,385109.34552640,1989,4.37412000,284330.83627620,0
1784896680000000,65034.00000000,65034.00000000,65011.37000000,65011.38000000,7.87734000,1784896739999999,512215.02965910,1589,1.15635000,75188.54826140,0
1784896740000000,65011.38000000,65023.64000000,65011.38000000,65021.62000000,3.15711000,1784896799999999,205272.31477700,1119,2.03030000,132007.38861090,0
1784896800000000,65021.62000000,65026.87000000,65008.01000000,65010.35000000,2.11174000,1784896859999999,137301.67775230,1297,1.18425000,76998.50491020,0
1784896860000000,65010.36000000,65010.36000000,64992.01000000,64992.01000000,1.94868000,1784896919999999,126670.13370470,755,0.22503000,14627.96121770,0
1784896920000000,64992.00000000,64992.00000000,64950.20000000,64950.20000000,8.00963000,1784896979999999,520334.05898020,2588,4.26366000,276966.72033410,0
1784896980000000,64950.20000000,64952.00000000,64940.00000000,64951.99000000,17.08932000,1784897039999999,1109932.25702650,727,1.74170000,113113.19609970,0
1784897040000000,64951.99000000,64952.00000000,64927.52000000,64927.52000000,1.90370000,1784897099999999,123627.04802360,776,0.34576000,22451.85126060,0
1784897100000000,64927.53000000,64954.95000000,64927.52000000,64947.29000000,4.00387000,1784897159999999,260014.34649840,1890,2.58237000,167690.98399970,0
1784897160000000,64947.30000000,64947.30000000,64906.09000000,64906.10000000,8.82201000,1784897219999999,572785.53748720,1636,2.30182000,149417.37051960,0
1784897220000000,64906.09000000,64906.10000000,64870.00000000,64873.41000000,10.71261000,1784897279999999,695043.93658050,2307,2.64598000,171662.90765830,0
1784897280000000,64873.40000000,64882.00000000,64829.11000000,64859.82000000,29.86578000,1784897339999999,1936716.32096360,4308,16.17300000,1048657.94179200,0
1784897340000000,64859.83000000,64859.83000000,64834.08000000,64852.01000000,5.96328000,1784897399999999,386722.61198810,1529,2.70382000,175332.56148930,0
1784897400000000,64852.00000000,64859.00000000,64852.00000000,64859.00000000,4.06608000,1784897459999999,263705.46104150,696,3.37095000,218621.77578160,0
1784897460000000,64859.00000000,64870.00000000,64858.99000000,64869.99000000,3.42912000,1784897519999999,222422.41559240,1045,2.69008000,174485.36793970,0
1784897520000000,64870.00000000,64870.00000000,64863.17000000,64863.17000000,2.33119000,1784897579999999,151217.53705840,669,1.07837000,69951.63814470,0
1784897580000000,64863.17000000,64863.17000000,64826.34000000,64834.08000000,4.35782000,1784897639999999,282557.29738860,1718,1.16635000,75616.82060270,0
1784897640000000,64834.09000000,64860.01000000,64830.00000000,64860.00000000,58.11755000,1784897699999999,3769029.23386590,1599,31.52903000,2044523.85303860,0
1784897700000000,64860.01000000,64894.00000000,64857.40000000,64884.23000000,5.89662000,1784897759999999,382547.83763030,1661,3.74068000,242668.61886720,0
1784897760000000,64884.23000000,64884.23000000,64766.00000000,64766.00000000,57.85020000,1784897819999999,3749148.97952560,4896,1.23208000,79833.76839790,0
1784897820000000,64766.01000000,64787.45000000,64766.00000000,64781.82000000,10.88022000,1784897879999999,704811.52450110,1613,6.55465000,424608.18297440,0
1784897880000000,64781.83000000,64787.64000000,64781.82000000,64787.64000000,6.49328000,1784897939999999,420655.40324770,826,4.75692000,308168.32707830,0
1784897940000000,64787.64000000,64799.99000000,64780.00000000,64780.01000000,6.53966000,1784897999999999,423723.98230720,1252,1.18367000,76692.65901650,0
1784898000000000,64780.00000000,64802.00000000,64773.73000000,64773.74000000,9.01267000,1784898059999999,583905.96785510,2570,6.39147000,414077.47825570,0
1784898060000000,64773.73000000,64773.74000000,64726.00000000,64736.96000000,35.50665000,1784898119999999,2299209.81830260,4451,8.22318000,532388.83478950,0
1784898120000000,64736.97000000,64738.00000000,64718.00000000,64722.05000000,10.20371000,1784898179999999,660428.81879380,2081,3.02153000,195565.15521380,0
1784898180000000,64722.05000000,64724.00000000,64700.00000000,64713.53000000,8.04837000,1784898239999999,520804.26856150,2510,3.04556000,197078.98890940,0
1784898240000000,64713.53000000,64716.00000000,64700.00000000,64715.99000000,8.50596000,1784898299999999,550430.50134770,1445,3.57106000,231092.10061410,0
1784898300000000,64715.99000000,64718.38000000,64512.00000000,64588.36000000,113.53375000,1784898359999999,7333579.54509910,13303,47.86992000,3091229.61142220,0
1784898360000000,64588.35000000,64588.36000000,64502.33000000,64549.99000000,33.90282000,1784898419999999,2188358.56534130,7176,7.31548000,472110.85949380,0
1784898420000000,64549.99000000,64549.99000000,64392.00000000,64442.00000000,68.89320000,1784898479999999,4441357.30673570,13161,12.16865000,784116.60459140,0
1784898480000000,64442.00000000,64456.84000000,64407.73000000,64434.00000000,14.84261000,1784898539999999,956354.01944910,4592,6.58519000,424299.14028500,0
1784898540000000,64434.01000000,64435.99000000,64362.89000000,64405.95000000,41.16910000,1784898599999999,2650666.38227950,7963,18.73950000,1206507.04404360,0
1784898600000000,64405.96000000,64429.99000000,64368.00000000,64429.99000000,18.06038000,1784898659999999,1162905.75449620,4429,10.60263000,682680.22232830,0
1784898660000000,64430.00000000,64456.00000000,64420.00000000,64437.86000000,38.96311000,1784898719999999,2510737.40438540,5041,22.13274000,1426149.98279510,0
1784898720000000,64437.87000000,64480.00000000,64403.78000000,64403.79000000,95.67314000,1784898779999999,6166042.22159920,4506,5.41468000,348958.64153880,0
1784898780000000,64403.79000000,64419.62000000,64360.91000000,64366.26000000,45.22653000,1784898839999999,2911748.93937540,3884,11.80021000,759849.91242060,0
1784898840000000,64366.27000000,64377.92000000,64362.00000000,64375.34000000,17.19026000,1784898899999999,1106578.42864280,1560,8.25955000,531676.92656870,0
1784898900000000,64375.34000000,64412.00000000,64356.01000000,64410.00000000,28.71467000,1784898959999999,1848596.01767170,4245,11.82139000,761135.36056660,0
1784898960000000,64410.00000000,64445.69000000,64408.00000000,64445.69000000,13.64184000,1784899019999999,878795.23199450,2635,6.94306000,447283.84813350,0
1784899020000000,64445.68000000,64508.21000000,64426.00000000,64501.95000000,19.26201000,1784899079999999,1241884.86692920,4209,8.28695000,534188.89154930,0
1784899080000000,64501.95000000,64536.00000000,64494.00000000,64519.69000000,18.40882000,1784899139999999,1187498.74252700,3669,14.15173000,912850.30866680,0
1784899140000000,64519.69000000,64542.00000000,64498.00000000,64500.02000000,8.18761000,1784899199999999,528248.29532830,2764,4.56012000,294214.74644070,0
1784899200000000,64500.02000000,64500.02000000,64480.70000000,64494.26000000,12.44226000,1784899259999999,802388.92229000,2229,7.60014000,490122.98586950,0
1784899260000000,64494.26000000,64499.90000000,64478.18000000,64478.19000000,6.39682000,1784899319999999,412565.17591580,1152,2.57895000,166329.42337350,0
1784899320000000,64478.19000000,64478.19000000,64428.00000000,64449.99000000,19.45444000,1784899379999999,1253735.31615670,2061,3.39597000,218880.02269460,0
1784899380000000,64450.00000000,64461.64000000,64430.00000000,64460.00000000,12.17643000,1784899439999999,784720.87753890,2909,6.22614000,401261.84184520,0
1784899440000000,64459.99000000,64460.00000000,64394.00000000,64394.01000000,14.84851000,1784899499999999,956659.90293370,2877,4.86643000,313577.14635560,0
1784899500000000,64394.00000000,64394.00000000,64350.04000000,64390.38000000,59.70783000,1784899559999999,3843072.74667350,3570,14.22313000,915481.45621330,0
1784899560000000,64390.38000000,64429.16000000,64384.00000000,64429.16000000,10.58094000,1784899619999999,681491.28227310,2012,6.45855000,415982.41084740,0
1784899620000000,64429.15000000,64434.88000000,64420.00000000,64426.45000000,17.15208000,1784899679999999,1105069.56855170,2104,8.34547000,537670.58022910,0
1784899680000000,64426.45000000,64426.46000000,64408.00000000,64408.01000000,6.44053000,1784899739999999,414917.14178890,1206,1.83696000,118342.08649080,0
1784899740000000,64408.00000000,64408.01000000,64381.99000000,64381.99000000,11.69262000,1784899799999999,752868.08749330,1059,1.81171000,116646.27893200,0
1784899800000000,64381.99000000,64412.95000000,64311.00000000,64315.99000000,67.30032000,1784899859999999,4331841.61707210,7597,35.48390000,2284309.35864100,0
1784899860000000,64315.99000000,64337.96000000,64300.58000000,64316.21000000,31.51088000,1784899919999999,2026817.23089580,4661,17.03037000,1095414.71863000,0
1784899920000000,64316.21000000,64330.02000000,64292.76000000,64299.59000000,40.55774000,1784899979999999,2608390.99616870,4441,17.68920000,1137623.40968620,0
1784899980000000,64299.60000000,64324.77000000,64292.76000000,64303.99000000,23.72594000,1784900039999999,1525695.14777790,3862,11.75960000,756195.25026670,0
1784900040000000,64303.99000000,64310.85000000,64292.76000000,64307.77000000,18.32527000,1784900099999999,1178282.60642910,2976,9.55629000,614442.23358890,0
1784900100000000,64307.77000000,64335.71000000,64298.58000000,64323.50000000,22.96566000,1784900159999999,1477134.97359920,3875,15.22419000,979234.30326690,0
1784900160000000,64323.51000000,64323.51000000,64277.65000000,64287.73000000,28.12550000,1784900219999999,1808374.53566550,6005,9.81626000,631175.25358700,0
1784900220000000,64287.73000000,64333.49000000,64266.79000000,64332.86000000,45.78914000,1784900279999999,2944387.28070990,6302,22.59641000,1453116.29791540,0
1784900280000000,64332.87000000,64390.24000000,64281.75000000,64281.75000000,33.29537000,1784900339999999,2141587.84594070,6183,20.26918000,1303733.01156660,0
1784900340000000,64281.74000000,64306.99000000,64272.10000000,64289.99000000,12.05978000,1784900399999999,775327.09600920,3228,5.05503000,324983.76572460,0
1784900400000000,64290.00000000,64296.40000000,64237.49000000,64276.24000000,65.86237000,1784900459999999,4232239.06048830,6574,21.25243000,1365543.98599460,0
1784900460000000,64276.25000000,64282.00000000,64246.97000000,64264.51000000,16.90934000,1784900519999999,1086722.82521170,3100,4.56864000,293590.24413270,0
1784900520000000,64264.50000000,64295.05000000,64210.10000000,64284.66000000,39.39433000,1784900579999999,2530690.55139540,4674,15.84030000,1017593.87879220,0
1784900580000000,64284.65000000,64412.81000000,64284.65000000,64361.39000000,42.20898000,1784900639999999,2716343.73830830,5895,26.99547000,1737271.65294220,0
1784900640000000,64361.39000000,64411.99000000,64352.41000000,64411.99000000,16.45178000,1784900699999999,1059239.01160840,4891,9.28765000,597991.58663790,0
1784900700000000,64411.99000000,64442.00000000,64393.99000000,64425.99000000,18.65131000,1784900759999999,1201506.22023870,5752,6.88481000,443512.77530480,0
1784900760000000,64426.00000000,64431.47000000,64390.96000000,64415.60000000,8.95086000,1784900819999999,576494.23194770,3557,3.03198000,195258.62483580,0
1784900820000000,64415.60000000,64423.96000000,64340.02000000,64340.02000000,12.12189000,1784900879999999,780433.40110460,3418,1.24929000,80446.45889030,0
1784900880000000,64340.03000000,64354.00000000,64296.30000000,64313.72000000,27.01980000,1784900939999999,1738024.99170080,6216,7.64507000,491769.68954230,0
1784900940000000,64313.72000000,64323.38000000,64268.14000000,64279.91000000,20.67132000,1784900999999999,1329212.81501920,5034,6.54024000,420487.73435580,0
1784901000000000,64279.90000000,64279.90000000,64192.77000000,64208.00000000,72.14981000,1784901059999999,4633313.22567020,7331,25.65884000,1647731.24396550,0
1784901060000000,64208.00000000,64208.00000000,64132.28000000,64132.29000000,33.77112000,1784901119999999,2166702.87932730,5518,6.46441000,414737.63146480,0
1784901120000000,64132.28000000,64137.87000000,64050.00000000,64066.23000000,71.69257000,1784901179999999,4595328.18612600,7332,31.60944000,2026372.52481840,0
1784901180000000,64066.24000000,64077.19000000,63967.72000000,64005.04000000,158.09833000,1784901239999999,10120101.31944760,8767,45.12723000,2889032.98498270,0
1784901240000000,64005.03000000,64057.08000000,63983.36000000,64003.02000000,60.24385000,1784901299999999,3856585.22544510,8099,18.66267000,1194788.89903070,0
1784901300000000,64003.03000000,64003.03000000,63920.01000000,63935.99000000,77.04080000,1784901359999999,4927643.18539750,9775,34.14698000,2184154.11286250,0
1784901360000000,63936.00000000,63996.00000000,63920.02000000,63984.79000000,34.90938000,1784901419999999,2232895.62109840,5578,20.60375000,1317842.61584170,0
1784901420000000,63984.00000000,64042.00000000,63964.57000000,64040.67000000,38.30195000,1784901479999999,2451635.96289970,5424,27.84679000,1782425.46149540,0
1784901480000000,64040.67000000,64107.57000000,64031.47000000,64107.57000000,23.02809000,1784901539999999,1475508.76234010,4388,16.94649000,1085850.10501650,0
1784901540000000,64107.56000000,64155.46000000,64092.00000000,64155.46000000,28.71267000,1784901599999999,1840639.30095810,3961,15.13046000,969989.08657070,0
1784901600000000,64155.47000000,64161.45000000,64109.25000000,64153.23000000,43.18412000,1784901659999999,2769463.20307480,7953,17.90330000,1148018.97176070,0
1784901660000000,64153.24000000,64198.30000000,64093.69000000,64113.58000000,28.01234000,1784901719999999,1797035.08178060,6261,16.31682000,1046913.76633330,0
1784901720000000,64113.58000000,64124.01000000,64084.00000000,64084.00000000,12.85538000,1784901779999999,824198.50400280,5177,5.54295000,355378.30041980,0
1784901780000000,64084.00000000,64084.01000000,64018.00000000,64048.67000000,31.13832000,1784901839999999,1994422.84682180,5615,6.86508000,439707.30809470,0
1784901840000000,64048.66000000,64048.66000000,63973.38000000,63990.39000000,29.21580000,1784901899999999,1869879.32109140,6536,8.21402000,525626.80555570,0
1784901900000000,63990.40000000,64100.00000000,63981.43000000,64072.01000000,43.44433000,1784901959999999,2783241.27158810,6978,35.13713000,2251088.59367900,0
1784901960000000,64072.01000000,64100.77000000,64042.72000000,64055.96000000,22.14294000,1784902019999999,1418718.21816910,5330,10.97015000,702907.60727450,0
1784902020000000,64055.95000000,64106.00000000,64029.27000000,64106.00000000,24.26517000,1784902079999999,1554453.20748640,4794,15.09102000,966840.71543180,0
1784902080000000,64106.00000000,64182.00000000,64105.99000000,64150.00000000,15.72789000,1784902139999999,1008920.40095750,6276,10.81528000,693725.11565030,0
1784902140000000,64150.01000000,64198.30000000,64142.01000000,64180.00000000,11.35898000,1784902199999999,728870.55053340,4635,6.12946000,393337.58586340,0
1784902200000000,64180.00000000,64198.30000000,64175.42000000,64193.43000000,32.50801000,1784902259999999,2086507.86807690,3628,24.47245000,1570723.48585280,0
1784902260000000,64193.42000000,64193.43000000,64164.91000000,64164.91000000,16.01291000,1784902319999999,1027662.00228230,2828,6.17518000,396284.51138100,0
1784902320000000,64164.91000000,64184.25000000,64036.18000000,64036.18000000,23.37375000,1784902379999999,1498582.17557000,5928,5.92065000,379804.09185970,0
1784902380000000,64036.18000000,64060.00000000,64016.89000000,64016.90000000,19.70442000,1784902439999999,1261821.97307520,5816,6.40699000,410258.63909860,0
1784902440000000,64016.90000000,64041.22000000,63977.83000000,63977.84000000,35.64458000,1784902499999999,2281562.31547030,5697,10.42534000,667348.14301350,0
1784902500000000,63977.83000000,63991.55000000,63960.00000000,63965.27000000,35.80066000,1784902559999999,2290435.18922500,6309,19.49976000,1247541.54391740,0
1784902560000000,63965.27000000,63988.56000000,63940.01000000,63962.49000000,22.76982000,1784902619999999,1456418.97792470,6627,7.05956000,451553.19349190,0
1784902620000000,63962.48000000,63962.48000000,63890.01000000,63890.02000000,43.19174000,1784902679999999,2760176.40299020,7045,9.39590000,600415.71724590,0
1784902680000000,63890.02000000,63903.28000000,63818.18000000,63818.19000000,74.19504000,1784902739999999,4737227.03176210,9233,14.19409000,906294.34451980,0
1784902740000000,63818.18000000,63897.04000000,63800.00000000,63876.81000000,53.02027000,1784902799999999,3384337.44277930,9451,23.12982000,1476369.34455480,0
1784902800000000,63876.80000000,63876.81000000,63773.72000000,63792.98000000,54.58103000,1784902859999999,3482163.81514260,8631,17.41755000,1111072.99089610,0
1784902860000000,63792.97000000,63858.00000000,63789.65000000,63850.32000000,100.33729000,1784902919999999,6402116.74576380,6536,92.50930000,5902506.41083110,0
1784902920000000,63850.33000000,63862.00000000,63744.00000000,63761.99000000,54.12864000,1784902979999999,3452342.36576340,8621,12.82531000,818038.56455600,0
1784902980000000,63761.98000000,63797.54000000,63761.98000000,63791.00000000,20.23818000,1784903039999999,1290708.08139500,5220,10.37221000,661495.48294500,0
1784903040000000,63790.99000000,63800.00000000,63758.46000000,63800.00000000,20.77896000,1784903099999999,1325321.47315530,5433,7.65972000,488564.47362780,0
1784903100000000,63799.99000000,63800.24000000,63740.00000000,63760.01000000,36.76088000,1784903159999999,2344033.75158000,6990,9.83061000,626809.87122770,0
1784903160000000,63760.01000000,63777.99000000,63739.75000000,63746.01000000,25.93225000,1784903219999999,1653372.19271210,5126,10.75198000,685495.96769790,0
1784903220000000,63746.00000000,63794.84000000,63744.00000000,63785.69000000,11.86689000,1784903279999999,756794.72327770,3745,6.50877000,415086.78954270,0
1784903280000000,63785.68000000,63820.00000000,63776.00000000,63820.00000000,36.29244000,1784903339999999,2315540.75579170,4350,27.59155000,1760441.62977080,0
1784903340000000,63819.99000000,63869.32000000,63819.99000000,63860.33000000,13.02673000,1784903399999999,831674.20090950,4321,8.27020000,528001.87098480,0
1784903400000000,63860.34000000,63870.00000000,63794.42000000,63801.01000000,26.14402000,1784903459999999,1669159.23155830,5147,14.71877000,939733.10112370,0
1784903460000000,63801.00000000,63845.54000000,63801.00000000,63845.54000000,8.44818000,1784903519999999,539161.28946690,1872,7.91072000,504862.85805800,0
1784903520000000,63845.54000000,63851.54000000,63816.00000000,63826.01000000,22.80043000,1784903579999999,1455507.23515520,5206,13.95206000,890676.81847290,0
1784903580000000,63826.00000000,63864.00000000,63814.21000000,63842.01000000,17.54206000,1784903639999999,1119780.76352920,5061,8.98426000,573477.86145070,0
1784903640000000,63842.00000000,63843.29000000,63819.28000000,63819.28000000,29.68607000,1784903699999999,1894996.04051900,5161,16.11197000,1028509.93304340,0
1784903700000000,63819.27000000,63875.73000000,63819.27000000,63861.80000000,19.95508000,1784903759999999,1274042.03608070,4628,12.44910000,794780.05623320,0
1784903760000000,63861.79000000,63873.17000000,63838.56000000,63850.00000000,8.89941000,1784903819999999,568274.54265620,3662,4.66534000,297904.57365690,0
1784903820000000,63850.00000000,63851.36000000,63812.95000000,63812.96000000,18.61829000,1784903879999999,1188481.25580150,2774,7.88152000,503173.71799340,0
1784903880000000,63812.95000000,63856.86000000,63812.95000000,63856.85000000,12.58900000,1784903939999999,803554.04574840,2705,8.68862000,554595.03326430,0
1784903940000000,63856.85000000,63875.18000000,63810.00000000,63810.01000000,16.75164000,1784903999999999,1069565.96999120,3760,5.06020000,323115.62277070,0
1784904000000000,63810.01000000,63885.33000000,63810.00000000,63847.71000000,15.77877000,1784904059999999,1007374.63792370,5479,8.37952000,534931.01637510,0
1784904060000000,63847.72000000,63847.72000000,63810.00000000,63832.01000000,15.62221000,1784904119999999,997123.91140030,5374,6.78506000,433060.00348460,0
1784904120000000,63832.01000000,63838.95000000,63808.00000000,63812.21000000,8.31692000,1784904179999999,530816.15693000,3237,2.58606000,165043.21621020,0
1784904180000000,63812.20000000,63842.48000000,63808.00000000,63832.01000000,21.34720000,1784904239999999,1362407.13338960,3899,10.50885000,670704.33580740,0
1784904240000000,63832.00000000,63851.04000000,63830.00000000,63832.01000000,14.03938000,1784904299999999,896218.41680120,2632,7.38373000,471343.40484720,0
1784904300000000,63832.00000000,63836.00000000,63785.96000000,63787.11000000,38.39081000,1784904359999999,2450179.41764220,3391,3.75664000,239696.77809280,0
1784904360000000,63787.11000000,63825.86000000,63743.62000000,63822.02000000,31.35633000,1784904419999999,1999667.98606580,6260,17.61337000,1123189.11624360,0
1784904420000000,63822.01000000,63825.86000000,63748.01000000,63748.01000000,30.28843000,1784904479999999,1931684.80492010,5352,2.83049000,180585.30977010,0
1784904480000000,63748.00000000,63761.95000000,63743.62000000,63761.94000000,16.87130000,1784904539999999,1075520.10277960,3444,11.24682000,716959.82211430,0
1784904540000000,63761.95000000,63857.11000000,63752.72000000,63851.14000000,19.85187000,1784904599999999,1267013.86867470,4718,14.38183000,917844.37133090,0
1784904600000000,63851.29000000,63960.40000000,63851.29000000,63953.29000000,50.90667000,1784904659999999,3253631.91679280,6423,44.83977000,2865837.91272540,0
1784904660000000,63953.28000000,63953.28000000,63900.93000000,63906.18000000,19.36198000,1784904719999999,1237687.85301010,3972,6.21079000,396962.52558480,0
1784904720000000,63906.17000000,63937.22000000,63882.00000000,63882.01000000,25.87493000,1784904779999999,1653596.97439560,4356,4.07944000,260761.70299660,0
1784904780000000,63882.01000000,63960.74000000,63882.00000000,63944.01000000,11.07693000,1784904839999999,708115.38448000,3502,9.60130000,613752.31526070,0
1784904840000000,63944.01000000,63955.85000000,63907.70000000,63931.59000000,9.68239000,1784904899999999,618988.00530540,3586,4.26565000,272710.03420690,0
1784904900000000,63931.59000000,63963.49000000,63931.59000000,63948.78000000,7.80715000,1784904959999999,499246.99546000,3183,3.68760000,235811.98491460,0
1784904960000000,63948.77000000,64000.00000000,63944.00000000,63999.99000000,19.34213000,1784905019999999,1237478.39639890,3257,14.81533000,947951.65689680,0
1784905020000000,63999.99000000,64055.12000000,63999.99000000,64024.04000000,33.48703000,1784905079999999,2144103.72640320,3424,25.29034000,1619201.70096390,0
1784905080000000,64024.04000000,64024.05000000,64007.99000000,64024.01000000,16.07879000,1784905139999999,1029392.50063500,2302,8.13447000,520776.37731850,0
1784905140000000,64024.01000000,64055.12000000,64024.01000000,64055.12000000,12.66410000,1784905199999999,811003.91593040,2955,8.44763000,540990.84391290,0
1784905200000000,64055.11000000,64058.70000000,64024.00000000,64037.99000000,10.81190000,1784905259999999,692324.47813320,3624,4.31194000,276117.78911100,0
1784905260000000,64038.00000000,64051.98000000,64004.20000000,64005.37000000,10.41225000,1784905319999999,666667.23481980,3620,5.88905000,377051.04851150,0
1784905320000000,64005.38000000,64008.15000000,63982.88000000,63982.88000000,26.64648000,1784905379999999,1705251.49971630,2016,8.94089000,572231.08635170,0
1784905380000000,63982.88000000,64006.00000000,63966.00000000,63966.00000000,28.87315000,1784905439999999,1847388.71988040,3539,16.26704000,1040807.74435080,0
1784905440000000,63966.01000000,63966.01000000,63909.99000000,63930.01000000,21.84595000,1784905499999999,1396559.18219230,3990,10.34565000,661409.66698750,0
1784905500000000,63930.01000000,63930.01000000,63906.15000000,63912.00000000,9.67972000,1784905559999999,618688.75456800,2769,6.92189000,442412.51837400,0
1784905560000000,63912.00000000,63914.00000000,63865.46000000,63865.47000000,11.10633000,1784905619999999,709697.08940730,3446,3.03868000,194178.09208330,0
1784905620000000,63865.46000000,63929.70000000,63858.00000000,63929.70000000,6.33442000,1784905679999999,404722.52146910,3585,5.52627000,353095.74757440,0
1784905680000000,63929.70000000,63979.87000000,63929.70000000,63938.58000000,10.53187000,1784905739999999,673496.74152460,4141,7.26169000,464380.05382230,0
1784905740000000,63938.59000000,63948.00000000,63917.20000000,63917.20000000,20.57085000,1784905799999999,1315105.70472430,2086,5.30994000,339483.74648170,0
1784905800000000,63917.20000000,64077.03000000,63914.00000000,64062.86000000,12.76543000,1784905859999999,817036.01897710,5809,10.96529000,701817.96604990,0
1784905860000000,64062.86000000,64108.00000000,63996.00000000,64006.65000000,39.04209000,1784905919999999,2500925.48457890,8144,10.06843000,645067.60548550,0
1784905920000000,64006.65000000,64054.93000000,64006.65000000,64030.65000000,10.21694000,1784905979999999,654160.01313180,2974,2.02440000,129633.37888280,0
1784905980000000,64030.66000000,64057.50000000,64006.64000000,64032.00000000,6.51513000,1784906039999999,417176.71103380,3964,1.85340000,118674.19858610,0
1784906040000000,64031.99000000,64144.90000000,64031.99000000,64142.01000000,16.59244000,1784906099999999,1063683.62498390,4985,12.55719000,804983.08737690,0
1784906100000000,64142.01000000,64189.09000000,64124.00000000,64154.00000000,27.37198000,1784906159999999,1756324.80429500,6215,16.53630000,1061006.94047090,0
1784906160000000,64154.00000000,64193.36000000,64146.85000000,64154.00000000,21.59102000,1784906219999999,1385534.91608860,5004,14.53047000,932431.32666040,0
1784906220000000,64153.99000000,64156.15000000,64072.25000000,64074.53000000,10.55145000,1784906279999999,676296.77779580,3451,3.05180000,195593.17302220,0
1784906280000000,64074.52000000,64082.00000000,64000.00000000,64020.83000000,14.63684000,1784906339999999,937420.57209390,3871,5.63270000,360653.89079550,0
1784906340000000,64020.83000000,64020.83000000,63972.00000000,63977.65000000,22.99568000,1784906399999999,1471328.95765630,3040,4.14188000,265007.54571950,0
1784906400000000,63977.65000000,64069.71000000,63963.99000000,64064.01000000,11.42803000,1784906459999999,731579.07409010,4442,8.30200000,531509.82300200,0
1784906460000000,64064.00000000,64096.42000000,64064.00000000,64074.01000000,6.04364000,1784906519999999,387277.62601810,2878,5.10663000,327230.40587060,0
1784906520000000,64074.00000000,64078.02000000,64034.00000000,64074.77000000,12.59687000,1784906579999999,806949.29601530,3667,6.39010000,409379.37738220,0
1784906580000000,64074.77000000,64118.57000000,64074.77000000,64104.00000000,16.99514000,1784906639999999,1089351.66531420,4716,10.61300000,680264.02965090,0
1784906640000000,64104.00000000,64129.66000000,64092.15000000,64118.01000000,7.62713000,1784906699999999,488944.85426290,3130,4.81993000,308983.03065490,0
1784906700000000,64118.01000000,64129.27000000,64114.00000000,64120.00000000,7.36696000,1784906759999999,472358.86331860,1711,6.32619000,405623.05296110,0
1784906760000000,64120.00000000,64133.43000000,64108.01000000,64114.19000000,8.35326000,1784906819999999,535598.48371080,2531,4.97899000,319232.29947430,0
1784906820000000,64114.19000000,64146.00000000,64092.60000000,64122.74000000,42.63621000,1784906879999999,2733837.44316810,5029,18.76527000,1203265.94581490,0
1784906880000000,64122.73000000,64160.73000000,64122.73000000,64134.02000000,22.46766000,1784906939999999,1441165.80867860,2977,15.23880000,977441.58881330,0
1784906940000000,64134.01000000,64146.59000000,64096.00000000,64128.56000000,63.88473000,1784906999999999,4096598.72227310,4785,31.99036000,2051214.03132630,0
1784907000000000,64128.55000000,64128.56000000,64057.72000000,64067.67000000,194.74276000,1784907059999999,12481642.25312070,6901,93.08147000,5965698.09852120,0
1784907060000000,64067.67000000,64153.82000000,64067.66000000,64139.67000000,136.18031000,1784907119999999,8730704.48302390,5795,73.44214000,4708395.40954860,0
1784907120000000,64139.67000000,64175.37000000,64104.93000000,64146.03000000,196.54177000,1784907179999999,12605326.01347410,8915,91.93533000,5896358.08612710,0
1784907180000000,64146.02000000,64224.58000000,64146.02000000,64212.00000000,81.42063000,1784907239999999,5225573.70495680,7620,47.46546000,3046570.76996970,0
1784907240000000,64212.01000000,64212.01000000,64173.20000000,64190.80000000,82.76547000,1784907299999999,5313237.16231100,5007,38.42436000,2466689.34639420,0
1784907300000000,64190.81000000,64224.09000000,64185.85000000,64220.52000000,92.37170000,1784907359999999,5930712.79980210,3799,56.93415000,3655544.14137830,0
1784907360000000,64220.53000000,64254.44000000,64199.48000000,64234.00000000,116.77714000,1784907419999999,7499495.88795750,5663,62.85368000,4036450.93816920,0
1784907420000000,64234.00000000,64244.00000000,64179.14000000,64243.44000000,48.07139000,1784907479999999,3087172.20085250,5153,20.59336000,1322399.43749540,0
1784907480000000,64243.43000000,64276.26000000,64230.36000000,64265.37000000,47.02703000,1784907539999999,3021924.60291890,4441,27.53021000,1769045.72400910,0
1784907540000000,64265.38000000,64293.68000000,64241.41000000,64293.68000000,53.84398000,1784907599999999,3460174.33122280,4596,26.88011000,1727403.55017200,0
1784907600000000,64293.69000000,64333.33000000,64290.00000000,64312.95000000,31.90365000,1784907659999999,2051585.41017680,4076,20.67414000,1329423.15819260,0
1784907660000000,64312.94000000,64324.92000000,64240.63000000,64240.63000000,31.17272000,1784907719999999,2003738.42442670,4967,11.65971000,749474.57953480,0
1784907720000000,64240.64000000,64249.84000000,64170.01000000,64170.01000000,13.34909000,1784907779999999,857302.41667720,4101,5.49346000,352822.42378140,0
1784907780000000,64170.00000000,64212.00000000,64170.00000000,64204.00000000,16.99937000,1784907839999999,1091363.40012070,3588,9.42812000,605272.92368610,0
1784907840000000,64204.00000000,64225.00000000,64170.08000000,64170.09000000,16.38649000,1784907899999999,1052030.02715340,4042,5.46646000,350982.89190060,0
1784907900000000,64170.08000000,64216.02000000,64150.25000000,64156.65000000,22.11631000,1784907959999999,1419388.46362720,4544,11.44544000,734547.37760300,0
1784907960000000,64156.65000000,64176.00000000,64150.00000000,64154.00000000,11.22709000,1784908019999999,720371.80383440,3266,8.29731000,532377.07146290,0
1784908020000000,64154.01000000,64166.00000000,64144.00000000,64146.00000000,37.21500000,1784908079999999,2387370.69427720,2504,7.76071000,497851.05932600,0
1784908080000000,64146.00000000,64170.92000000,64134.00000000,64160.00000000,32.84322000,1784908139999999,2107201.08072080,3546,22.36296000,1434857.38871510,0
1784908140000000,64160.01000000,64160.01000000,64118.10000000,64134.01000000,3.92168000,1784908199999999,251515.11542620,2762,2.02470000,129849.19023910,0
1784908200000000,64134.01000000,64176.00000000,64134.00000000,64175.99000000,3.48248000,1784908259999999,223409.49578750,1974,3.20377000,205529.96470210,0
1784908260000000,64175.99000000,64188.82000000,64169.99000000,64169.99000000,18.54935000,1784908319999999,1190460.25828470,1976,16.93311000,1086730.35606760,0
1784908320000000,64170.00000000,64178.96000000,64055.76000000,64057.60000000,37.35802000,1784908379999999,2394247.40981470,5722,6.08402000,389871.08812470,0
1784908380000000,64057.59000000,64108.94000000,64038.86000000,64108.94000000,15.62504000,1784908439999999,1001097.70176930,4207,8.38852000,537456.48133450,0
1784908440000000,64108.93000000,64139.49000000,64086.00000000,64139.48000000,24.05100000,1784908499999999,1542101.80897500,3197,19.80692000,1270016.21998960,0
1784908500000000,64139.48000000,64187.59000000,64139.48000000,64172.01000000,7.96415000,1784908559999999,511034.54912700,2165,5.14646000,330192.86632990,0
1784908560000000,64172.01000000,64194.00000000,64165.99000000,64194.00000000,5.55487000,1784908619999999,356501.83901880,1744,4.35710000,279634.95604430,0
1784908620000000,64193.99000000,64194.00000000,64186.00000000,64186.01000000,2.62096000,1784908679999999,168235.61950290,845,1.33786000,85872.42209870,0
1784908680000000,64186.01000000,64186.01000000,64147.66000000,64147.66000000,11.46771000,1784908739999999,735769.99566160,2696,1.61314000,103488.31537320,0
1784908740000000,64147.67000000,64153.15000000,64088.00000000,64093.85000000,7.14786000,1784908799999999,458406.56522860,2289,1.32734000,85101.03637050,0
1784908800000000,64093.86000000,64093.86000000,64052.88000000,64066.00000000,17.64587000,1784908859999999,1130441.10723650,3601,5.66607000,362987.82959440,0
1784908860000000,64066.00000000,64066.00000000,64020.86000000,64042.11000000,12.70948000,1784908919999999,813938.75183760,2805,4.72428000,302519.67269300,0
1784908920000000,64042.10000000,64051.20000000,64030.00000000,64051.19000000,5.07476000,1784908979999999,325006.43719050,1518,3.12175000,199927.55108140,0
1784908980000000,64051.19000000,64077.00000000,64051.19000000,64077.00000000,14.45812000,1784909039999999,926124.40493110,1394,8.97816000,575101.69576860,0
1784909040000000,64076.99000000,64139.48000000,64076.99000000,64129.16000000,10.75483000,1784909099999999,689585.12809770,2986,6.93437000,444575.01893020,0
1784909100000000,64129.17000000,64136.30000000,64125.17000000,64132.00000000,11.60471000,1784909159999999,744176.03786540,1423,10.09619000,647437.68639320,0
1784909160000000,64131.99000000,64134.80000000,64087.51000000,64087.51000000,11.63709000,1784909219999999,746219.40718230,2703,1.21347000,77807.10834940,0
1784909220000000,64087.51000000,64169.87000000,64087.51000000,64166.40000000,7.33710000,1784909279999999,470596.89086580,2977,5.41590000,347340.32919680,0
1784909280000000,64166.39000000,64166.39000000,64144.86000000,64146.41000000,6.73140000,1784909339999999,431810.19133740,1083,4.47665000,287154.91042710,0
1784909340000000,64146.40000000,64172.81000000,64146.40000000,64152.09000000,6.78727000,1784909399999999,435499.16062000,1904,1.90682000,122342.46652660,0
1784909400000000,64152.09000000,64200.00000000,64152.08000000,64200.00000000,5.34201000,1784909459999999,342855.29164240,2108,4.33221000,278047.01302990,0
1784909460000000,64199.99000000,64200.00000000,64162.39000000,64162.40000000,4.64108000,1784909519999999,297880.56066340,1781,1.16992000,75088.29623550,0
1784909520000000,64162.40000000,64168.00000000,64162.39000000,64164.98000000,2.74380000,1784909579999999,176061.57090150,699,2.31622000,148625.10646970,0
1784909580000000,64164.99000000,64164.99000000,64124.00000000,64131.79000000,12.27753000,1784909639999999,787510.91878050,2069,3.24219000,207953.32569900,0
1784909640000000,64131.78000000,64138.00000000,64131.78000000,64138.00000000,3.28732000,1784909699999999,210830.83388920,597,3.08400000,197790.66545410,0
1784909700000000,64138.00000000,64157.86000000,64137.99000000,64157.86000000,2.85628000,1784909759999999,183234.59291030,1306,2.53486000,162613.34726090,0
1784909760000000,64157.85000000,64160.00000000,64120.00000000,64120.00000000,5.38259000,1784909819999999,345266.82046960,2037,1.24139000,79629.51016490,0
1784909820000000,64120.00000000,64120.01000000,64086.00000000,64102.00000000,6.61785000,1784909879999999,424255.84837430,2053,1.19976000,76899.55066810,0
1784909880000000,64102.00000000,64110.38000000,64101.99000000,64110.00000000,5.50646000,1784909939999999,353009.66470140,1166,2.47713000,158801.47307670,0
1784909940000000,64109.99000000,64150.00000000,64109.99000000,64148.00000000,5.00288000,1784909999999999,320843.51562060,1476,4.07409000,261271.45799530,0
1784910000000000,64148.01000000,64160.00000000,64148.00000000,64153.70000000,7.15776000,1784910059999999,459225.03932080,1116,5.65508000,362819.16370220,0
1784910060000000,64153.70000000,64153.71000000,64110.38000000,64110.38000000,4.16040000,1784910119999999,266823.20385390,1863,0.69979000,44871.78592750,0
1784910120000000,64110.38000000,64164.00000000,64110.38000000,64163.99000000,19.58688000,1784910179999999,1256369.91883950,2756,16.06798000,1030632.01756380,0
1784910180000000,64163.99000000,64170.00000000,64163.99000000,64164.00000000,1.29386000,1784910239999999,83023.09026430,462,0.57532000,36915.67564840,0
1784910240000000,64164.01000000,64164.01000000,64139.78000000,64139.79000000,11.50445000,1784910299999999,738082.05174570,1234,0.52234000,33508.35771050,0
1784910300000000,64139.79000000,64155.98000000,64139.78000000,64155.87000000,5.28562000,1784910359999999,339079.96581920,2380,2.19639000,140894.23898110,0
1784910360000000,64155.87000000,64155.88000000,64118.51000000,64118.52000000,9.57725000,1784910419999999,614381.10037330,1514,0.85018000,54537.13064600,0
1784910420000000,64118.52000000,64118.52000000,64102.00000000,64102.00000000,2.35757000,1784910479999999,151139.45602900,1261,0.71253000,45679.57342520,0
1784910480000000,64102.00000000,64107.83000000,64094.62000000,64106.31000000,1.81929000,1784910539999999,116617.88951500,1211,1.54102000,98780.43355050,0
1784910540000000,64106.31000000,64106.31000000,64092.36000000,64092.36000000,1.93867000,1784910599999999,124274.55274370,973,0.72159000,46255.23068450,0
1784910600000000,64092.36000000,64092.36000000,64032.92000000,64039.38000000,17.85726000,1784910659999999,1143707.20713390,3721,7.48717000,479461.31251940,0
1784910660000000,64039.39000000,64046.00000000,64012.67000000,64016.68000000,8.48200000,1784910719999999,543035.46785420,2761,3.33527000,213524.19382880,0
1784910720000000,64016.68000000,64030.88000000,64000.00000000,64025.68000000,11.41862000,1784910779999999,730954.49805740,3826,5.41021000,346339.79588580,0
1784910780000000,64025.69000000,64033.38000000,64014.82000000,64023.49000000,6.23255000,1784910839999999,399021.36137610,1865,3.41893000,218880.78390960,0
1784910840000000,64023.49000000,64033.55000000,64023.48000000,64033.54000000,2.00067000,1784910899999999,128097.74402210,979,1.71319000,109690.56961680,0
1784910900000000,64033.54000000,64033.55000000,63999.00000000,63999.00000000,8.15430000,1784910959999999,521977.42140760,2274,0.66028000,42266.10044670,0
1784910960000000,63999.00000000,64013.54000000,63989.25000000,64013.53000000,14.83759000,1784911019999999,949557.00120600,2750,10.74298000,687515.23482310,0
1784911020000000,64013.54000000,64013.54000000,63991.07000000,64013.12000000,9.98500000,1784911079999999,639057.75954070,2225,4.39950000,281574.13843610,0
1784911080000000,64013.11000000,64020.00000000,63996.90000000,63996.91000000,5.64464000,1784911139999999,361297.94879980,2120,3.02260000,193465.60621400,0
1784911140000000,63996.91000000,64009.78000000,63977.59000000,63989.65000000,7.44767000,1784911199999999,476602.04310270,2965,2.56690000,164269.48988450,0
1784911200000000,63989.64000000,63989.65000000,63970.60000000,63987.52000000,7.07513000,1784911259999999,452663.31591510,2353,5.02576000,321543.57464020,0
1784911260000000,63987.51000000,63987.51000000,63974.00000000,63976.01000000,6.72028000,1784911319999999,429938.49059950,1344,4.38945000,280811.79120840,0
1784911320000000,63976.01000000,63976.02000000,63960.00000000,63960.00000000,8.95978000,1784911379999999,573106.78728350,2335,3.55793000,227580.43145310,0
1784911380000000,63960.00000000,63960.01000000,63950.00000000,63950.00000000,13.25481000,1784911439999999,847755.91325450,1218,0.57850000,36995.92623720,0
1784911440000000,63950.00000000,63958.00000000,63942.43000000,63942.44000000,8.86894000,1784911499999999,567155.71883140,2435,3.32951000,212915.84749780,0
1784911500000000,63942.43000000,63967.39000000,63931.82000000,63967.38000000,4.69808000,1784911559999999,300433.58255960,2211,3.28250000,209909.29407910,0
1784911560000000,63967.38000000,63967.39000000,63934.00000000,63934.01000000,6.56182000,1784911619999999,419641.32379060,1565,3.37784000,216004.87349260,0
1784911620000000,63934.01000000,63934.95000000,63902.00000000,63912.86000000,4.31488000,1784911679999999,275793.07009380,2077,1.38579000,88567.10467460,0
1784911680000000,63912.85000000,63912.86000000,63881.46000000,63898.30000000,7.43087000,1784911739999999,474771.91150220,2345,2.97375000,189987.86236980,0
1784911740000000,63898.30000000,63936.00000000,63898.29000000,63921.43000000,12.95809000,1784911799999999,828291.73572000,2159,9.91434000,633715.39195070,0
1784911800000000,63921.43000000,63921.43000000,63902.00000000,63902.00000000,16.30528000,1784911859999999,1042025.67774800,2617,5.60313000,358085.83310340,0
1784911860000000,63902.00000000,63902.01000000,63891.16000000,63891.16000000,8.06973000,1784911919999999,515622.48074900,801,3.66349000,234068.37123410,0
1784911920000000,63891.17000000,63891.17000000,63882.25000000,63889.51000000,23.72667000,1784911979999999,1515837.46258060,1928,5.27193000,336808.51064570,0
1784911980000000,63889.51000000,63903.59000000,63889.51000000,63903.58000000,14.69401000,1784912039999999,938848.63394640,1502,11.89802000,760192.73413390,0
1784912040000000,63903.58000000,63951.67000000,63903.58000000,63940.54000000,11.58760000,1784912099999999,740828.55512510,2511,10.35733000,662174.70804160,0
1784912100000000,63940.54000000,63961.25000000,63930.00000000,63953.03000000,26.94905000,1784912159999999,1723479.91934090,2444,21.16280000,1353418.10042550,0
1784912160000000,63953.03000000,63954.00000000,63948.19000000,63953.99000000,6.99471000,1784912219999999,447324.40267500,948,2.41176000,154230.40296620,0
1784912220000000,63954.00000000,63999.64000000,63954.00000000,63999.63000000,16.47263000,1784912279999999,1053699.73519130,1703,3.32027000,212413.79610580,0
1784912280000000,63999.63000000,64009.81000000,63999.63000000,64009.80000000,4.53774000,1784912339999999,290455.10679800,653,1.53907000,98511.47096430,0
1784912340000000,64009.81000000,64009.81000000,63958.00000000,63958.00000000,4.03867000,1784912399999999,258420.55465200,2183,0.87010000,55672.04193960,0
1784912400000000,63958.01000000,63970.29000000,63953.50000000,63965.56000000,15.05462000,1784912459999999,962883.49113050,1808,7.12362000,455608.58947300,0
1784912460000000,63965.57000000,63967.06000000,63935.63000000,63967.06000000,4.51208000,1784912519999999,288548.83825290,2577,2.78037000,177805.51777980,0
1784912520000000,63967.05000000,63973.98000000,63957.18000000,63966.94000000,5.56819000,1784912579999999,356180.80333600,2239,1.51911000,97170.84234830,0
1784912580000000,63966.94000000,63986.73000000,63955.55000000,63974.04000000,8.67725000,1784912639999999,555087.36476250,2797,3.72138000,238067.61150380,0
1784912640000000,63974.03000000,64004.72000000,63974.03000000,64001.57000000,5.25475000,1784912699999999,336294.38067890,1424,2.33657000,149529.06255610,0
1784912700000000,64001.57000000,64009.81000000,63996.34000000,64003.99000000,7.12364000,1784912759999999,455926.21874330,1756,1.28250000,82080.98530180,0
1784912760000000,64004.00000000,64009.81000000,63927.98000000,63954.13000000,30.89204000,1784912819999999,1975608.73624350,4124,10.93282000,699077.26434830,0
1784912820000000,63954.12000000,63967.14000000,63950.60000000,63950.60000000,5.45959000,1784912879999999,349188.11385710,1390,1.77176000,113321.02685730,0
1784912880000000,63950.61000000,63950.61000000,63922.26000000,63948.00000000,5.16727000,1784912939999999,330350.49766950,1923,2.82915000,180858.59438700,0
1784912940000000,63948.00000000,63957.15000000,63933.10000000,63941.50000000,5.04756000,1784912999999999,322774.63337290,2222,1.77004000,113191.44734560,0
1784913000000000,63941.50000000,63966.00000000,63926.01000000,63926.01000000,10.37293000,1784913059999999,663258.32192240,3603,4.21851000,269731.56787950,0
1784913060000000,63926.01000000,63940.00000000,63905.51000000,63932.64000000,10.77343000,1784913119999999,688699.12740010,2719,5.15618000,329575.27737440,0
1784913120000000,63932.64000000,63952.00000000,63932.63000000,63942.00000000,6.36966000,1784913179999999,407326.56901700,1241,2.48275000,158759.38703650,0
1784913180000000,63942.00000000,63942.00000000,63922.00000000,63935.17000000,5.68605000,1784913239999999,363514.53466800,1524,1.88045000,120213.03959440,0
1784913240000000,63935.17000000,63962.85000000,63935.17000000,63962.84000000,2.40660000,1784913299999999,153906.39229120,1143,1.57780000,100905.52833870,0
1784913300000000,63962.85000000,63977.42000000,63954.73000000,63954.74000000,4.59640000,1784913359999999,293997.68027900,2544,1.80576000,115503.20276600,0
1784913360000000,63954.74000000,63958.61000000,63949.61000000,63953.74000000,4.70363000,1784913419999999,300820.22637950,1367,1.90601000,121895.99160430,0
1784913420000000,63953.74000000,63997.89000000,63953.73000000,63997.89000000,5.24638000,1784913479999999,335653.33727200,1851,4.67059000,298813.88265280,0
1784913480000000,63997.89000000,64046.39000000,63997.89000000,64026.57000000,9.50621000,1784913539999999,608633.90265400,3472,4.71646000,301931.28238280,0
1784913540000000,64026.56000000,64046.39000000,64026.56000000,64042.00000000,2.73808000,1784913599999999,175347.58715370,1228,1.53552000,98331.80055210,0
1784913600000000,64042.00000000,64054.00000000,64042.00000000,64046.00000000,5.00467000,1784913659999999,320536.20312670,1345,2.06287000,132119.78860000,0
1784913660000000,64046.00000000,64069.82000000,64046.00000000,64062.00000000,2.88811000,1784913719999999,185005.07575500,1480,1.82294000,116768.94679620,0
1784913720000000,64062.00000000,64080.00000000,64036.00000000,64037.99000000,6.85616000,1784913779999999,439196.49733220,2586,1.95037000,124951.79816440,0
1784913780000000,64037.99000000,64058.22000000,64036.00000000,64040.00000000,3.48093000,1784913839999999,222960.99175200,1728,2.15434000,137989.57344090,0
1784913840000000,64040.00000000,64077.90000000,64040.00000000,64077.82000000,19.71152000,1784913899999999,1262722.47896980,1902,10.83034000,693750.09405290,0
1784913900000000,64077.82000000,64139.40000000,64077.81000000,64139.12000000,18.41607000,1784913959999999,1180531.01464760,2972,15.88145000,1018089.86284320,0
1784913960000000,64139.12000000,64139.13000000,64108.87000000,64133.18000000,6.66285000,1784914019999999,427270.75787860,2042,1.44511000,92656.80652250,0
1784914020000000,64133.18000000,64138.17000000,64133.18000000,64138.17000000,0.89228000,1784914079999999,57228.18424500,410,0.49877000,31989.36426360,0
1784914080000000,64138.17000000,64144.00000000,64138.16000000,64143.99000000,2.26393000,1784914139999999,145214.63860300,689,1.98590000,127381.34465200,0
1784914140000000,64143.99000000,64144.00000000,64098.06000000,64098.06000000,9.06779000,1784914199999999,581507.32825830,2019,0.95036000,60945.46431990,0
1784914200000000,64098.06000000,64111.47000000,64094.00000000,64106.98000000,3.12188000,1784914259999999,200131.46033890,1342,1.30417000,83605.17394560,0
1784914260000000,64106.97000000,64106.98000000,64100.00000000,64100.00000000,2.54151000,1784914319999999,162914.14533740,408,0.83115000,53276.81670740,0
1784914320000000,64100.01000000,64148.00000000,64100.00000000,64147.99000000,8.85241000,1784914379999999,567600.36311000,2889,5.06584000,324800.11675330,0
1784914380000000,64148.00000000,64164.00000000,64138.00000000,64163.56000000,4.23035000,1784914439999999,271385.62510480,2181,1.31359000,84272.83618950,0
1784914440000000,64163.57000000,64185.75000000,64163.56000000,64185.75000000,6.04605000,1784914499999999,388009.35037860,2260,4.33210000,278016.58581140,0
1784914500000000,64185.75000000,64195.46000000,64181.92000000,64188.53000000,3.45875000,1784914559999999,222018.68820380,1046,0.69792000,44799.34830000,0
1784914560000000,64188.54000000,64188.54000000,64153.64000000,64172.01000000,5.37701000,1784914619999999,345049.68510510,2298,1.89668000,121701.00102510,0
1784914620000000,64172.00000000,64172.00000000,64140.00000000,64140.00000000,5.64502000,1784914679999999,362115.90097500,1531,2.16381000,138788.65223310,0
1784914680000000,64140.01000000,64140.01000000,64133.24000000,64138.00000000,3.44953000,1784914739999999,221236.28640190,811,1.92348000,123360.22427980,0
1784914740000000,64138.00000000,64150.00000000,64137.99000000,64150.00000000,4.85964000,1784914799999999,311739.09665360,804,2.97609000,190910.43997550,0
1784914800000000,64150.00000000,64159.32000000,64142.13000000,64159.32000000,4.10552000,1784914859999999,263367.23655650,1531,2.29513000,147234.69898480,0
1784914860000000,64159.31000000,64159.32000000,64152.37000000,64157.73000000,2.33933000,1784914919999999,150084.18246150,839,1.10132000,70657.15849330,0
1784914920000000,64157.72000000,64164.69000000,64155.27000000,64164.69000000,3.63649000,1784914979999999,233308.64596600,709,2.89700000,185865.64425670,0
1784914980000000,64164.68000000,64176.00000000,64164.68000000,64165.57000000,4.66639000,1784915039999999,299446.77832690,842,0.83085000,53314.44027570,0
1784915040000000,64165.57000000,64171.50000000,64165.57000000,64171.49000000,5.39962000,1784915099999999,346491.79445040,657,3.42003000,219464.51694620,0
1784915100000000,64171.49000000,64171.50000000,64161.18000000,64166.00000000,3.32820000,1784915159999999,213553.12602390,1042,0.63131000,40507.71419490,0
1784915160000000,64166.01000000,64173.16000000,64166.00000000,64173.15000000,0.90761000,1784915219999999,58239.05217790,410,0.59661000,38283.11667510,0
1784915220000000,64173.16000000,64173.16000000,64134.89000000,64134.90000000,16.36298000,1784915279999999,1049716.30896870,1864,0.25958000,16653.88577960,0
1784915280000000,64134.90000000,64139.17000000,64132.38000000,64134.96000000,14.13020000,1784915339999999,906238.67982260,1126,10.40950000,667605.54776060,0
1784915340000000,64134.96000000,64152.70000000,64134.96000000,64152.70000000,3.07577000,1784915399999999,197282.57290540,1189,2.65459000,170268.25043010,0
1784915400000000,64152.70000000,64171.36000000,64142.15000000,64160.00000000,7.52500000,1784915459999999,482756.85498540,2530,2.64706000,169802.59653460,0
1784915460000000,64160.01000000,64162.00000000,64144.64000000,64144.64000000,4.47354000,1784915519999999,287007.55184910,1148,2.09030000,134107.50458410,0
1784915520000000,64144.64000000,64154.00000000,64144.00000000,64144.01000000,2.89613000,1784915579999999,185778.33977120,896,1.17053000,75084.89018130,0
1784915580000000,64144.01000000,64166.00000000,64144.01000000,64165.99000000,5.01804000,1784915639999999,321962.27187000,1370,4.54689000,291731.44036940,0
1784915640000000,64165.99000000,64178.42000000,64139.99000000,64144.38000000,74.83521000,1784915699999999,4800576.09582890,2283,39.59712000,2539849.79552100,0
1784915700000000,64144.38000000,64180.01000000,64144.37000000,64173.78000000,19.72706000,1784915759999999,1265929.06534980,1926,13.33759000,855879.36820820,0
1784915760000000,64173.78000000,64202.90000000,64173.77000000,64202.90000000,5.26208000,1784915819999999,337767.08953970,1450,4.57258000,293502.58185010,0
1784915820000000,64202.90000000,64202.91000000,64166.63000000,64167.66000000,57.70839000,1784915879999999,3703954.23396130,1680,20.91572000,1342516.15055760,0
1784915880000000,64167.66000000,64185.04000000,64166.00000000,64185.03000000,3.08372000,1784915939999999,197887.19881430,1262,2.22113000,142533.73236750,0
1784915940000000,64185.03000000,64186.01000000,64178.33000000,64180.00000000,9.01147000,1784915999999999,578376.86290390,898,4.34855000,279086.12491170,0
1784916000000000,64180.00000000,64186.00000000,64178.34000000,64180.00000000,9.98747000,1784916059999999,640994.26876300,1256,5.70650000,366238.33565000,0
1784916060000000,64180.01000000,64183.82000000,64168.00000000,64168.53000000,6.52284000,1784916119999999,418615.54396570,1401,2.87051000,184217.72955490,0
1784916120000000,64168.53000000,64181.36000000,64168.53000000,64181.36000000,11.81063000,1784916179999999,757963.32368680,1215,4.17148000,267695.30956580,0
1784916180000000,64181.35000000,64181.36000000,64171.51000000,64173.18000000,6.99925000,1784916239999999,449183.12062780,1015,1.95715000,125602.05718920,0
1784916240000000,64173.18000000,64190.01000000,64170.00000000,64190.01000000,19.96431000,1784916299999999,1281363.79150270,865,18.15363000,1165151.81813220,0
1784916300000000,64190.01000000,64206.95000000,64179.33000000,64206.95000000,6.66293000,1784916359999999,427659.10668520,1484,3.89858000,250234.86976800,0
1784916360000000,64206.94000000,64206.95000000,64149.99000000,64154.00000000,13.94813000,1784916419999999,895077.11639350,2164,3.41466000,219063.63550190,0
1784916420000000,64154.00000000,64196.00000000,64153.99000000,64194.98000000,14.44650000,1784916479999999,927175.57679870,1723,14.19821000,911237.05090190,0
1784916480000000,64194.97000000,64196.86000000,64176.61000000,64178.20000000,4.01318000,1784916539999999,257573.82062660,1269,3.02238000,193974.35331640,0
1784916540000000,64178.19000000,64178.19000000,64174.64000000,64174.64000000,0.94100000,1784916599999999,60389.06904160,482,0.41954000,26924.32083220,0
1784916600000000,64174.65000000,64174.65000000,64165.00000000,64168.58000000,2.09554000,1784916659999999,134468.93187900,920,0.94109000,60387.95246450,0
1784916660000000,64168.57000000,64174.32000000,64168.57000000,64172.05000000,3.32747000,1784916719999999,213525.36225930,940,2.00407000,128599.51579440,0
1784916720000000,64172.05000000,64172.06000000,64166.78000000,64166.79000000,1.42122000,1784916779999999,91200.08495650,486,0.62268000,39957.47773540,0
1784916780000000,64166.79000000,64182.00000000,64166.78000000,64181.99000000,3.22022000,1784916839999999,206650.01189270,981,2.31850000,148780.85578240,0
1784916840000000,64181.99000000,64211.11000000,64181.99000000,64209.32000000,7.33871000,1784916899999999,471078.13085340,1816,5.61871000,360647.81704380,0
1784916900000000,64209.33000000,64209.33000000,64201.63000000,64209.32000000,1.87179000,1784916959999999,120182.19832250,1136,0.98216000,63061.68511930,0
1784916960000000,64209.32000000,64209.33000000,64154.15000000,64163.00000000,14.23648000,1784917019999999,913809.71719670,2734,3.32789000,213515.69640380,0
1784917020000000,64163.00000000,64171.53000000,64162.99000000,64166.01000000,2.46390000,1784917079999999,158105.40275520,996,1.81042000,116172.42878920,0
1784917080000000,64166.00000000,64166.00000000,64144.01000000,64144.01000000,3.31135000,1784917139999999,212422.93313940,946,1.44160000,92475.46781930,0
1784917140000000,64144.02000000,64144.02000000,64132.43000000,64140.73000000,1.70701000,1784917199999999,109481.60881770,938,1.15005000,73758.90212750,0
1784917200000000,64140.73000000,64140.74000000,64134.00000000,64139.81000000,1.52918000,1784917259999999,98078.69282420,1088,0.59228000,37987.80200620,0
1784917260000000,64139.80000000,64139.80000000,64132.39000000,64132.39000000,1.34226000,1784917319999999,86086.37438460,634,0.39578000,25383.12088300,0
1784917320000000,64132.40000000,64157.37000000,64132.39000000,64156.54000000,2.87636000,1784917379999999,184502.89177630,1168,1.77380000,113773.38599560,0
1784917380000000,64156.55000000,64156.55000000,64150.01000000,64152.01000000,1.34591000,1784917439999999,86346.14001420,510,0.52545000,33709.03776200,0
1784917440000000,64152.00000000,64159.51000000,64152.00000000,64156.93000000,1.23904000,1784917499999999,79492.19828720,608,0.83495000,53566.78682840,0
1784917500000000,64156.94000000,64162.89000000,64156.93000000,64162.89000000,0.99984000,1784917559999999,64147.67780280,365,0.72488000,46506.78909170,0
1784917560000000,64162.88000000,64162.89000000,64142.98000000,64151.84000000,3.16654000,1784917619999999,203135.89619200,1095,0.66452000,42627.57317720,0
1784917620000000,64151.84000000,64151.84000000,64137.13000000,64137.13000000,2.53899000,1784917679999999,162861.08895660,818,0.26025000,16693.79533020,0
1784917680000000,64137.14000000,64137.14000000,64129.75000000,64129.75000000,1.54679000,1784917739999999,99199.62401690,629,0.40644000,26066.21401680,0
1784917740000000,64129.76000000,64145.15000000,64129.76000000,64142.31000000,2.18191000,1784917799999999,139944.54586920,1012,1.46251000,93800.60070630,0
1784917800000000,64142.31000000,64162.67000000,64142.31000000,64152.00000000,4.79724000,1784917859999999,307782.65230080,1656,1.68173000,107887.97840760,0
1784917860000000,64152.01000000,64166.47000000,64152.00000000,64163.90000000,2.44621000,1784917919999999,156952.02970260,779,1.96199000,125882.24208600,0
1784917920000000,64163.89000000,64182.00000000,64163.89000000,64178.60000000,2.03355000,1784917979999999,130499.48215450,1312,1.60168000,102782.09048010,0
1784917980000000,64178.61000000,64182.55000000,64160.00000000,64160.01000000,6.22797000,1784918039999999,399631.05939120,958,0.76905000,49349.50449600,0
1784918040000000,64160.00000000,64160.01000000,64134.41000000,64142.00000000,3.58020000,1784918099999999,229656.67773090,1594,1.61518000,103601.40123570,0
1784918100000000,64142.00000000,64142.00000000,64135.62000000,64138.00000000,2.42393000,1784918159999999,155464.19917410,616,0.34904000,22386.38175160,0
1784918160000000,64138.00000000,64164.16000000,64138.00000000,64139.17000000,3.99609000,1784918219999999,256361.96142930,2340,2.43418000,156158.88156610,0
1784918220000000,64139.16000000,64145.32000000,64139.16000000,64140.00000000,0.77206000,1784918279999999,49520.89877720,569,0.30026000,19259.11081320,0
1784918280000000,64140.00000000,64175.77000000,64140.00000000,64163.87000000,14.96449000,1784918339999999,960174.70398140,1550,8.61791000,552978.32407300,0
1784918340000000,64163.87000000,64165.10000000,64137.15000000,64156.03000000,32.42173000,1784918399999999,2079856.34064810,2507,12.64666000,811229.53309640,0
1784918400000000,64156.02000000,64156.02000000,64142.67000000,64142.67000000,1.21278000,1784918459999999,77797.46351350,699,0.38903000,24955.08675240,0
1784918460000000,64142.67000000,64142.68000000,64131.72000000,64131.72000000,1.24510000,1784918519999999,79858.98851190,643,0.33739000,21638.94845880,0
1784918520000000,64131.72000000,64140.01000000,64131.71000000,64140.00000000,1.86557000,1784918579999999,119647.11196190,451,0.97268000,62382.63333390,0
1784918580000000,64140.00000000,64153.63000000,64136.00000000,64153.62000000,2.97173000,1784918639999999,190620.45109840,941,1.92826000,123691.61042550,0
1784918640000000,64153.62000000,64173.49000000,64153.62000000,64173.49000000,0.99838000,1784918699999999,64062.16290400,623,0.71392000,45808.96233400,0
1784918700000000,64173.49000000,64179.48000000,64165.63000000,64179.48000000,2.66884000,1784918759999999,171266.23627640,848,1.25314000,80418.08040350,0
1784918760000000,64179.48000000,64196.00000000,64179.48000000,64190.38000000,5.63466000,1784918819999999,361686.50690020,1336,1.49064000,95673.45094360,0
1784918820000000,64190.38000000,64228.00000000,64190.38000000,64219.71000000,7.43259000,1784918879999999,477254.92395440,1905,4.96552000,318809.85934130,0
1784918880000000,64219.70000000,64238.37000000,64219.70000000,64226.00000000,11.60371000,1784918939999999,745372.46265380,1495,8.70582000,559228.33951900,0
1784918940000000,64226.00000000,64233.20000000,64226.00000000,64233.20000000,3.45653000,1784918999999999,222018.24364000,574,2.00012000,128471.15967870,0
1784919000000000,64233.19000000,64233.20000000,64222.01000000,64222.02000000,5.36591000,1784919059999999,344643.09299410,798,0.93393000,59985.15927090,0
1784919060000000,64222.01000000,64245.19000000,64220.42000000,64245.19000000,7.25864000,1784919119999999,466226.05611300,1465,4.34672000,279204.88262860,0
1784919120000000,64245.19000000,64285.64000000,64245.19000000,64285.64000000,8.48488000,1784919179999999,545335.35647410,2238,7.66919000,492904.91001480,0
1784919180000000,64285.64000000,64290.00000000,64276.05000000,64281.97000000,13.30395000,1784919239999999,855179.10773470,2115,10.14125000,651859.98271570,0
1784919240000000,64281.97000000,64282.02000000,64276.00000000,64277.38000000,5.67970000,1784919299999999,365077.06714100,632,2.71993000,174827.71130920,0
1784919300000000,64277.38000000,64277.38000000,64256.34000000,64270.31000000,4.63219000,1784919359999999,297696.12388330,1540,2.44848000,157350.72299720,0
1784919360000000,64270.32000000,64270.32000000,64268.36000000,64270.31000000,2.84719000,1784919419999999,182989.39343240,785,1.24968000,80316.98371100,0
1784919420000000,64270.31000000,64281.39000000,64270.31000000,64281.38000000,2.89008000,1784919479999999,185763.92384090,752,2.36605000,152082.18625580,0
1784919480000000,64281.39000000,64281.39000000,64264.12000000,64264.12000000,3.65822000,1784919539999999,235121.64093530,900,0.81796000,52573.91301300,0
1784919540000000,64264.12000000,64290.10000000,64264.12000000,64272.00000000,69.05638000,1784919599999999,4438777.72906910,1522,52.14507000,3351586.02251270,0
1784919600000000,64272.01000000,64279.79000000,64232.01000000,64261.54000000,15.07978000,1784919659999999,968929.68049610,3284,5.23468000,336311.13319390,0
1784919660000000,64261.55000000,64292.44000000,64255.83000000,64255.83000000,7.36139000,1784919719999999,473172.88109670,2422,1.28856000,82826.78380000,0
1784919720000000,64255.82000000,64264.00000000,64230.25000000,64230.26000000,7.10179000,1784919779999999,456303.44771890,2372,1.05943000,68071.25550170,0
1784919780000000,64230.27000000,64230.27000000,64209.99000000,64217.98000000,17.86862000,1784919839999999,1147458.27946360,1466,3.54038000,227344.32581080,0
1784919840000000,64217.98000000,64231.44000000,64217.98000000,64222.00000000,6.70907000,1784919899999999,430876.40905850,1334,3.84461000,246898.31403680,0
1784919900000000,64222.00000000,64226.88000000,64199.80000000,64222.02000000,19.95247000,1784919959999999,1281071.86125780,2820,10.88875000,699125.36192160,0
1784919960000000,64222.02000000,64222.02000000,64199.00000000,64199.01000000,8.53242000,1784920019999999,547858.98927110,1791,0.90118000,57867.26664190,0
1784920020000000,64199.00000000,64199.01000000,64158.22000000,64163.39000000,5.65551000,1784920079999999,362943.48174820,1956,0.68647000,44047.54178170,0
1784920080000000,64163.39000000,64172.00000000,64162.00000000,64162.01000000,2.27039000,1784920139999999,145682.43133100,1147,1.38823000,89076.46609010,0
1784920140000000,64162.01000000,64165.04000000,64141.18000000,64147.30000000,15.33924000,1784920199999999,984065.49771600,1855,3.02834000,194263.47482290,0
1784920200000000,64147.30000000,64154.00000000,64146.27000000,64150.00000000,11.74914000,1784920259999999,753719.83863380,1266,3.24512000,208173.58714390,0
1784920260000000,64150.00000000,64156.53000000,64141.18000000,64156.52000000,14.88959000,1784920319999999,955101.18980530,1537,3.09282000,198390.68446820,0
1784920320000000,64156.53000000,64176.13000000,64156.52000000,64160.29000000,1.77308000,1784920379999999,113772.73792980,1352,1.16867000,74986.84882570,0
1784920380000000,64160.28000000,64167.76000000,64156.38000000,64156.38000000,1.57760000,1784920439999999,101222.57366070,874,0.80107000,51398.76347710,0
1784920440000000,64156.38000000,64159.78000000,64144.75000000,64144.75000000,3.09466000,1784920499999999,198535.81105870,1391,2.42859000,155806.36978330,0
1784920500000000,64144.75000000,64176.05000000,64144.75000000,64176.05000000,2.82038000,1784920559999999,180963.59950450,1409,2.54633000,163379.95447270,0
1784920560000000,64176.05000000,64176.05000000,64165.23000000,64165.78000000,1.53555000,1784920619999999,98533.25006620,779,0.79707000,51144.34316970,0
1784920620000000,64165.79000000,64200.00000000,64165.78000000,64192.61000000,3.91839000,1784920679999999,251507.70985580,1751,2.72915000,175166.09844100,0
1784920680000000,64192.60000000,64192.61000000,64174.00000000,64174.01000000,1.27879000,1784920739999999,82084.89075830,769,0.55440000,35587.47248000,0
1784920740000000,64174.01000000,64190.00000000,64174.00000000,64183.71000000,4.93198000,1784920799999999,316561.75472580,1171,3.45495000,221752.01469640,0
1784920800000000,64183.70000000,64200.00000000,64183.70000000,64200.00000000,4.05951000,1784920859999999,260599.36307130,1044,3.19814000,205306.30819970,0
1784920860000000,64200.00000000,64200.00000000,64199.99000000,64200.00000000,6.13077000,1784920919999999,393595.43099080,190,5.82985000,374276.37000000,0
1784920920000000,64200.00000000,64217.87000000,64199.99000000,64211.63000000,13.06051000,1784920979999999,838526.24999550,1350,11.77701000,756105.66954950,0
1784920980000000,64211.63000000,64211.63000000,64200.00000000,64200.01000000,3.74212000,1784921039999999,240251.18218060,672,2.40243000,154239.69071250,0
1784921040000000,64200.01000000,64200.35000000,64174.00000000,64200.35000000,8.19752000,1784921099999999,526183.97800150,2491,4.77270000,306363.39693680,0
1784921100000000,64200.34000000,64200.35000000,64184.84000000,64193.05000000,4.35674000,1784921159999999,279664.89871070,1069,1.14822000,73703.67093290,0
1784921160000000,64193.06000000,64193.06000000,64193.05000000,64193.05000000,4.73922000,1784921219999999,304224.99295260,152,0.65316000,41928.33906960,0
1784921220000000,64193.06000000,64197.20000000,64193.06000000,64197.20000000,0.95420000,1784921279999999,61255.66648850,390,0.78167000,50179.72766770,0
1784921280000000,64197.20000000,64200.00000000,64197.19000000,64199.99000000,2.53251000,1784921339999999,162581.16560200,534,1.95004000,125188.07031070,0
1784921340000000,64200.00000000,64213.05000000,64200.00000000,64201.69000000,3.84269000,1784921399999999,246736.48269520,1339,2.47741000,159070.37503840,0
1784921400000000,64201.69000000,64213.55000000,64197.19000000,64205.70000000,4.78194000,1784921459999999,307024.36060940,1593,2.94965000,189385.21910560,0
1784921460000000,64205.71000000,64218.00000000,64198.00000000,64208.21000000,6.17919000,1784921519999999,396773.74459340,2176,4.39171000,282004.08458550,0
1784921520000000,64208.20000000,64224.54000000,64207.97000000,64224.54000000,3.91146000,1784921579999999,251168.63602870,1614,2.61999000,168238.86987770,0
1784921580000000,64224.53000000,64237.65000000,64220.00000000,64222.83000000,2.97018000,1784921639999999,190779.20940520,2003,1.62949000,104661.41739530,0
1784921640000000,64222.83000000,64225.49000000,64222.83000000,64225.49000000,0.42560000,1784921699999999,27334.13015930,278,0.37135000,23849.91959930,0
1784921700000000,64225.49000000,64248.01000000,64222.41000000,64229.96000000,4.28218000,1784921759999999,275063.88020610,2706,2.77308000,178126.54244270,0
1784921760000000,64229.96000000,64229.96000000,64210.00000000,64211.99000000,4.37209000,1784921819999999,280780.40454280,1344,1.93211000,124086.67557650,0
1784921820000000,64211.99000000,64270.00000000,64211.99000000,64264.37000000,7.35444000,1784921879999999,472546.50330190,2747,5.79567000,372386.00514420,0
1784921880000000,64264.37000000,64264.37000000,64246.00000000,64253.57000000,8.65369000,1784921939999999,556035.85021280,1974,6.59418000,423700.54394160,0
1784921940000000,64253.57000000,64274.00000000,64253.57000000,64258.01000000,7.01300000,1784921999999999,450692.25339030,1574,3.47446000,223283.07897730,0
1784922000000000,64258.01000000,64258.01000000,64252.00000000,64254.00000000,2.71948000,1784922059999999,174737.18838280,1172,1.67795000,107813.58786230,0
1784922060000000,64254.01000000,64254.01000000,64240.56000000,64241.08000000,13.61326000,1784922119999999,874625.31175140,1709,2.26346000,145425.49139630,0
1784922120000000,64241.09000000,64245.80000000,64233.85000000,64245.79000000,4.75626000,1784922179999999,305539.39841320,1655,3.38319000,217333.49903640,0
1784922180000000,64245.80000000,64245.80000000,64238.08000000,64243.01000000,3.26232000,1784922239999999,209578.76968590,847,2.44797000,157263.23281920,0
1784922240000000,64243.01000000,64252.00000000,64243.01000000,64252.00000000,6.60750000,1784922299999999,424528.96576050,604,3.35398000,215493.39022440,0
1784922300000000,64252.00000000,64264.00000000,64248.00000000,64248.01000000,5.37885000,1784922359999999,345637.80747800,1822,3.22764000,207406.14291630,0
1784922360000000,64248.01000000,64248.01000000,64230.00000000,64230.00000000,2.59465000,1784922419999999,166672.72880530,842,1.31119000,84228.24052040,0
1784922420000000,64230.01000000,64232.65000000,64218.00000000,64218.01000000,4.09863000,1784922479999999,263249.16191390,1351,3.11376000,199993.17829960,0
1784922480000000,64218.01000000,64218.01000000,64201.70000000,64201.70000000,2.22851000,1784922539999999,143096.33665960,1059,1.41922000,91131.10425660,0
1784922540000000,64201.71000000,64218.00000000,64201.70000000,64217.99000000,3.50829000,1784922599999999,225251.31010900,1232,3.28092000,210652.45142550,0
1784922600000000,64218.00000000,64233.82000000,64204.27000000,64217.50000000,7.24871000,1784922659999999,465505.61707750,2398,4.38070000,281322.25113220,0
1784922660000000,64217.51000000,64225.80000000,64208.89000000,64211.46000000,7.32020000,1784922719999999,470086.98802010,1420,4.79859000,308145.83135160,0
1784922720000000,64211.47000000,64213.05000000,64208.00000000,64208.01000000,4.29343000,1784922779999999,275679.92858260,771,2.96501000,190382.43861710,0
1784922780000000,64208.01000000,64252.91000000,64208.00000000,64224.00000000,38.29637000,1784922839999999,2460082.62988410,1984,34.77031000,2233590.68906400,0
1784922840000000,64224.00000000,64230.01000000,64208.65000000,64230.00000000,16.29386000,1784922899999999,1046409.98498950,1612,12.23419000,785715.75811660,0
1784922900000000,64230.01000000,64230.01000000,64203.38000000,64208.66000000,78.55022000,1784922959999999,5044997.94165010,1259,1.89893000,121930.26425990,0
1784922960000000,64208.66000000,64208.67000000,64176.00000000,64198.26000000,12.99803000,1784923019999999,834366.97154510,1720,6.76933000,434520.33670020,0
1784923020000000,64198.27000000,64199.94000000,64181.00000000,64193.98000000,4.65225000,1784923079999999,298633.76298040,1538,2.02627000,130064.58088910,0
1784923080000000,64193.98000000,64220.00000000,64193.97000000,64217.15000000,10.17515000,1784923139999999,653347.91939900,2171,4.44174000,285189.99909760,0
1784923140000000,64217.16000000,64233.14000000,64214.99000000,64225.32000000,95.99925000,1784923199999999,6165232.76721090,2383,48.84079000,3136428.02669270,0
1784923200000000,64225.32000000,64238.00000000,64223.42000000,64238.00000000,7.46076000,1784923259999999,479189.29968270,1700,6.06899000,389800.07588790,0
1784923260000000,64238.00000000,64288.02000000,64238.00000000,64270.01000000,9.32635000,1784923319999999,599468.14089510,3011,6.15526000,395615.54654930,0
1784923320000000,64270.00000000,64272.42000000,64243.07000000,64243.08000000,6.33660000,1784923379999999,407195.10288240,1843,2.74543000,176417.19720260,0
1784923380000000,64243.08000000,64274.00000000,64243.07000000,64268.01000000,5.86765000,1784923439999999,377055.61818440,2168,5.46178000,350971.10220820,0
1784923440000000,64268.00000000,64268.01000000,64241.13000000,64241.14000000,6.25579000,1784923499999999,401988.33653270,900,3.04325000,195568.48349590,0
1784923500000000,64241.13000000,64241.14000000,64199.12000000,64199.13000000,5.61745000,1784923559999999,360745.57530710,1428,0.66876000,42946.18338010,0
1784923560000000,64199.12000000,64204.62000000,64199.12000000,64204.62000000,2.55309000,1784923619999999,163914.97810880,692,2.25356000,144685.00313150,0
1784923620000000,64204.62000000,64215.74000000,64204.61000000,64207.38000000,6.17005000,1784923679999999,396167.35538610,1018,4.46451000,286648.68439960,0
1784923680000000,64207.38000000,64207.38000000,64204.61000000,64204.62000000,1.61388000,1784923739999999,103620.15252620,270,0.57457000,36890.20770160,0
1784923740000000,64204.61000000,64204.62000000,64199.12000000,64199.12000000,1.68894000,1784923799999999,108432.25703730,283,0.62502000,40126.21983900,0
1784923800000000,64199.13000000,64199.13000000,64194.96000000,64194.96000000,5.40524000,1784923859999999,347009.70276750,257,0.22106000,14191.52184420,0
1784923860000000,64194.97000000,64205.03000000,64194.96000000,64205.03000000,4.53989000,1784923919999999,291447.70825700,1023,3.97831000,255394.54966130,0
1784923920000000,64205.02000000,64205.03000000,64205.02000000,64205.03000000,1.14273000,1784923979999999,73369.00617920,179,0.36746000,23592.78032380,0
1784923980000000,64205.03000000,64210.97000000,64205.03000000,64210.97000000,1.46411000,1784924039999999,94009.76037260,404,0.73783000,47375.16625770,0
1784924040000000,64210.97000000,64210.97000000,64210.96000000,64210.97000000,1.38690000,1784924099999999,89054.18485010,137,0.44261000,28420.41743170,0
1784924100000000,64210.97000000,64216.00000000,64210.96000000,64216.00000000,1.42071000,1784924159999999,91226.91379420,422,1.14818000,73727.29620950,0
1784924160000000,64216.00000000,64221.83000000,64215.99000000,64221.82000000,2.94946000,1784924219999999,189409.97144250,577,2.11562000,135859.68030680,0
1784924220000000,64221.83000000,64221.83000000,64210.00000000,64210.01000000,3.43990000,1784924279999999,220904.88108200,633,0.34659000,22258.27953090,0
1784924280000000,64210.01000000,64215.45000000,64210.00000000,64215.45000000,0.91981000,1784924339999999,59061.34151770,415,0.76525000,49137.02281050,0
1784924340000000,64215.44000000,64216.99000000,64195.68000000,64197.28000000,3.59196000,1784924399999999,230625.84917200,1005,0.52117000,33463.01828750,0
1784924400000000,64197.28000000,64212.00000000,64197.27000000,64208.15000000,4.19705000,1784924459999999,269493.64142620,745,0.85274000,54751.56095080,0
1784924460000000,64208.16000000,64208.16000000,64208.15000000,64208.16000000,2.07020000,1784924519999999,132923.71628060,126,0.41506000,26650.23888960,0
1784924520000000,64208.16000000,64233.82000000,64208.15000000,64233.82000000,5.54349000,1784924579999999,355991.46950410,914,4.00428000,257127.60157100,0
1784924580000000,64233.81000000,64236.00000000,64233.81000000,64233.83000000,2.08825000,1784924639999999,134138.50127260,431,1.02008000,65524.34196110,0
1784924640000000,64233.84000000,64258.43000000,64233.84000000,64256.97000000,8.67783000,1784924699999999,557523.72258420,1343,7.61609000,489300.04766600,0
1784924700000000,64256.98000000,64262.00000000,64256.97000000,64261.99000000,3.95225000,1784924759999999,253960.27073850,494,2.55773000,164352.53828870,0
1784924760000000,64262.00000000,64266.47000000,64261.99000000,64266.46000000,0.75206000,1784924819999999,48330.57798280,285,0.68033000,43720.76519200,0
1784924820000000,64266.46000000,64266.47000000,64244.37000000,64254.89000000,3.66215000,1784924879999999,235328.40093260,1355,0.83856000,53881.13848960,0
1784924880000000,64254.89000000,64262.54000000,64250.88000000,64250.89000000,4.59229000,1784924939999999,295094.33481660,1048,0.70637000,45390.16501170,0
1784924940000000,64250.89000000,64250.89000000,64238.46000000,64238.47000000,0.92307000,1784924999999999,59302.14950320,570,0.29840000,19170.08739670,0
1784925000000000,64238.46000000,64238.47000000,64216.00000000,64216.00000000,3.09181000,1784925059999999,198575.87351990,936,0.21464000,13786.07988500,0
1784925060000000,64216.01000000,64216.01000000,64201.05000000,64201.06000000,3.19146000,1784925119999999,204925.57580920,716,0.25815000,16575.66903400,0
1784925120000000,64201.05000000,64206.19000000,64201.05000000,64206.19000000,1.11095000,1784925179999999,71327.11902080,406,0.76740000,49269.13339700,0
1784925180000000,64206.19000000,64206.19000000,64206.18000000,64206.19000000,1.11398000,1784925239999999,71524.40461020,117,0.42138000,27055.20434220,0
1784925240000000,64206.18000000,64206.19000000,64206.18000000,64206.19000000,0.32211000,1784925299999999,20681.45523040,94,0.25906000,16633.25558140,0
1784925300000000,64206.19000000,64206.19000000,64206.18000000,64206.19000000,0.47718000,1784925359999999,30637.90721730,95,0.22449000,14413.64759310,0
1784925360000000,64206.19000000,64212.47000000,64206.18000000,64212.46000000,1.39705000,1784925419999999,89700.90984140,678,1.32646000,85168.49604710,0
1784925420000000,64212.46000000,64212.46000000,64206.18000000,64206.19000000,2.49120000,1784925479999999,159962.04523120,365,0.46660000,29960.60453610,0
1784925480000000,64206.19000000,64206.19000000,64150.00000000,64150.01000000,21.35721000,1784925539999999,1370917.67971070,2060,0.46608000,29912.65436520,0
1784925540000000,64150.01000000,64213.74000000,64128.89000000,64211.15000000,15.37238000,1784925599999999,986305.76834580,2608,9.46278000,607168.26261500,0
1784925600000000,64211.16000000,64211.16000000,64208.00000000,64208.19000000,5.52485000,1784925659999999,354741.56744470,375,4.77597000,306655.56716080,0
1784925660000000,64208.19000000,64208.20000000,64182.00000000,64182.01000000,2.94028000,1784925719999999,188752.94861850,1186,0.52821000,33902.90290610,0
1784925720000000,64182.00000000,64182.00000000,64165.24000000,64165.24000000,0.64676000,1784925779999999,41503.02734630,567,0.21237000,13626.77414250,0
1784925780000000,64165.25000000,64169.66000000,64165.24000000,64169.65000000,0.83953000,1784925839999999,53870.02798980,286,0.53641000,34419.43059270,0
1784925840000000,64169.66000000,64182.00000000,64169.66000000,64182.00000000,1.37133000,1784925899999999,88007.05269060,767,1.28205000,82277.28169120,0
1784925900000000,64182.00000000,64190.00000000,64181.99000000,64183.22000000,3.38179000,1784925959999999,217068.17690150,952,0.73242000,47011.12368320,0
1784925960000000,64183.21000000,64187.99000000,64180.01000000,64187.98000000,2.22151000,1784926019999999,142585.44528270,443,0.92593000,59427.59192190,0
1784926020000000,64187.99000000,64187.99000000,64150.01000000,64150.01000000,7.56986000,1784926079999999,485710.97132870,1665,2.25533000,144687.53326640,0
1784926080000000,64150.02000000,64153.15000000,64136.00000000,64151.26000000,5.11508000,1784926139999999,328095.35772810,1530,2.28278000,146416.92380460,0
1784926140000000,64151.26000000,64151.27000000,64141.93000000,64151.27000000,3.70498000,1784926199999999,237658.90915620,719,1.88245000,120747.02898490,0
1784926200000000,64151.26000000,64151.27000000,64151.26000000,64151.26000000,0.92949000,1784926259999999,59627.95810130,108,0.34439000,22093.05587530,0
1784926260000000,64151.26000000,64151.27000000,64151.26000000,64151.26000000,1.52225000,1784926319999999,97654.25916180,192,0.36268000,23266.38260360,0
1784926320000000,64151.26000000,64151.27000000,64151.26000000,64151.26000000,0.96612000,1784926379999999,61977.82008640,109,0.47752000,30633.51445040,0
1784926380000000,64151.27000000,64161.85000000,64151.26000000,64161.84000000,2.69255000,1784926439999999,172736.74983040,366,2.56668000,164661.05508310,0
1784926440000000,64161.84000000,64178.54000000,64161.84000000,64178.53000000,2.42422000,1784926499999999,155556.24703360,693,2.32988000,149502.77952190,0
1784926500000000,64178.54000000,64178.54000000,64170.18000000,64170.18000000,1.25016000,1784926559999999,80228.20887160,565,0.40550000,26021.07906540,0
1784926560000000,64170.18000000,64170.19000000,64170.18000000,64170.19000000,0.79736000,1784926619999999,51166.74086470,81,0.61399000,39399.85495810,0
1784926620000000,64170.19000000,64170.19000000,64170.18000000,64170.18000000,0.51440000,1784926679999999,33009.14331610,72,0.27241000,17480.60145790,0
1784926680000000,64170.18000000,64193.21000000,64170.18000000,64177.36000000,4.10419000,1784926739999999,263420.53587960,1437,2.88900000,185416.92384920,0
1784926740000000,64177.36000000,64177.36000000,64170.23000000,64170.23000000,0.77564000,1784926799999999,49773.32931120,272,0.44309000,28433.19719520,0
1784926800000000,64170.24000000,64170.24000000,64166.00000000,64166.01000000,0.75772000,1784926859999999,48621.99272980,537,0.25717000,16502.30873920,0
1784926860000000,64166.01000000,64166.01000000,64165.73000000,64165.74000000,0.47459000,1784926919999999,30452.50080320,995,0.22229000,14263.44290960,0
1784926920000000,64165.74000000,64222.15000000,64165.74000000,64213.93000000,20.62334000,1784926979999999,1324132.18757650,3466,13.44731000,863377.32326230,0
1784926980000000,64213.93000000,64220.58000000,64193.11000000,64193.12000000,13.43333000,1784927039999999,862512.14389760,3064,7.62878000,489810.48220990,0
1784927040000000,64193.12000000,64209.63000000,64193.12000000,64197.44000000,14.14555000,1784927099999999,908213.69007120,1279,6.70925000,430758.60002690,0
1784927100000000,64197.45000000,64197.45000000,64190.18000000,64192.21000000,0.58942000,1784927159999999,37835.58073860,440,0.24660000,15829.35498260,0
1784927160000000,64192.22000000,64192.22000000,64168.50000000,64168.51000000,2.70137000,1784927219999999,173387.80859960,867,0.38372000,24626.45207590,0
1784927220000000,64168.51000000,64168.51000000,64158.00000000,64158.01000000,0.77570000,1784927279999999,49770.58737060,518,0.25326000,16248.83546760,0
1784927280000000,64158.01000000,64177.31000000,64154.49000000,64177.30000000,5.42105000,1784927339999999,347815.04027710,1201,3.51152000,225296.55802480,0
1784927340000000,64177.30000000,64181.14000000,64177.30000000,64181.14000000,9.96919000,1784927399999999,639833.42076310,349,9.55893000,613502.74823580,0
1784927400000000,64181.13000000,64181.14000000,64156.31000000,64156.32000000,3.53545000,1784927459999999,226887.63961590,848,0.36092000,23161.86026630,0
1784927460000000,64156.31000000,64156.32000000,64156.31000000,64156.32000000,1.88236000,1784927519999999,120765.27541100,95,0.37194000,23862.30166080,0
1784927520000000,64156.32000000,64156.32000000,64156.31000000,64156.31000000,2.59546000,1784927579999999,166515.16121130,113,2.48587000,159484.27119840,0
1784927580000000,64156.32000000,64156.32000000,64138.00000000,64138.50000000,4.44379000,1784927639999999,285059.09550520,879,2.45908000,157749.07139520,0
1784927640000000,64138.51000000,64157.00000000,64138.50000000,64156.99000000,4.49329000,1784927699999999,288230.61611380,971,3.05084000,195710.69978460,0
1784927700000000,64157.00000000,64157.00000000,64153.58000000,64153.58000000,1.99391000,1784927759999999,127922.57494480,317,0.56771000,36422.08139830,0
1784927760000000,64153.59000000,64168.95000000,64153.58000000,64168.95000000,7.87962000,1784927819999999,505537.57000150,1584,7.70501000,494334.35395100,0
1784927820000000,64168.94000000,64172.39000000,64168.94000000,64172.39000000,0.62123000,1784927879999999,39863.88572030,350,0.53460000,34304.92524510,0
1784927880000000,64172.39000000,64178.50000000,64172.38000000,64173.22000000,2.05688000,1784927939999999,132003.02807640,616,1.18160000,75830.41035820,0
1784927940000000,64173.21000000,64173.22000000,64146.99000000,64147.00000000,21.64001000,1784927999999999,1388323.19377210,561,4.86290000,311946.08914150,0
1784928000000000,64147.00000000,64157.30000000,64146.99000000,64157.29000000,9.85108000,1784928059999999,631966.75698800,791,6.30937000,404760.60361170,0
1784928060000000,64157.30000000,64165.07000000,64157.29000000,64162.78000000,24.51977000,1784928119999999,1573234.72937740,1160,18.35737000,1177825.71194190,0
1784928120000000,64162.78000000,64168.17000000,64162.78000000,64164.01000000,5.69539000,1784928179999999,365444.29795710,796,4.41769000,283457.60282390,0
1784928180000000,64164.01000000,64164.02000000,64164.01000000,64164.01000000,0.54238000,1784928239999999,34801.27897640,85,0.32326000,20741.66110520,0
1784928240000000,64164.01000000,64258.73000000,64154.00000000,64175.77000000,108.47256000,1784928299999999,6963801.07897880,2025,103.00404000,6612857.12903290,0
1784928300000000,64175.77000000,64180.27000000,64175.77000000,64180.27000000,0.96063000,1784928359999999,61650.19056920,210,0.70734000,45395.09613630,0
1784928360000000,64180.27000000,64180.50000000,64180.26000000,64180.50000000,0.40530000,1784928419999999,26012.27762160,125,0.29295000,18801.62028620,0
1784928420000000,64180.50000000,64180.50000000,64178.00000000,64178.01000000,2.07757000,1784928479999999,133336.95492050,284,0.22117000,14194.58998320,0
1784928480000000,64178.01000000,64178.01000000,64160.04000000,64160.04000000,2.62061000,1784928539999999,168167.68931910,984,0.41815000,26832.38784070,0
1784928540000000,64160.04000000,64180.01000000,64160.04000000,64180.00000000,23.14567000,1784928599999999,1485256.75227750,525,18.85860000,1210127.04672550,0
1784928600000000,64180.00000000,64192.00000000,64180.00000000,64191.99000000,1.22915000,1784928659999999,78895.77177320,586,0.84161000,54019.47465640,0
1784928660000000,64191.99000000,64208.78000000,64191.99000000,64208.78000000,2.47175000,1784928719999999,158686.55578290,522,1.88079000,120751.06893260,0
1784928720000000,64208.78000000,64208.78000000,64196.00000000,64196.01000000,5.70708000,1784928779999999,366392.86415570,634,2.41595000,155096.81820950,0
1784928780000000,64196.00000000,64197.57000000,64190.59000000,64192.01000000,20.79112000,1784928839999999,1334699.24969920,525,2.73719000,175719.12707480,0
1784928840000000,64192.00000000,64192.01000000,64154.92000000,64160.00000000,98.82932000,1784928899999999,6342449.46732600,1807,13.36161000,857402.75356470,0
1784928900000000,64160.00000000,64178.45000000,64159.99000000,64178.44000000,4.91892000,1784928959999999,315628.39341260,965,4.63710000,297542.38743280,0
1784928960000000,64178.45000000,64178.46000000,64167.97000000,64174.04000000,15.71419000,1784929019999999,1008478.70315390,631,1.67629000,107580.46948090,0
1784929020000000,64174.03000000,64178.66000000,64174.03000000,64178.66000000,1.56842000,1784929079999999,100655.17926770,369,1.31937000,84672.54109460,0
1784929080000000,64178.66000000,64178.98000000,64163.10000000,64163.10000000,4.81625000,1784929139999999,309095.04031860,968,1.68434000,108098.57817560,0
1784929140000000,64163.11000000,64163.11000000,64160.37000000,64161.01000000,5.09882000,1784929199999999,327143.50469990,402,4.93340000,316529.80344230,0
1784929200000000,64161.01000000,64167.30000000,64156.34000000,64167.30000000,8.13570000,1784929259999999,522026.19837700,1955,1.57267000,100908.02097300,0
1784929260000000,64167.31000000,64170.54000000,64154.00000000,64154.00000000,3.16848000,1784929319999999,203294.11664630,771,0.59258000,38019.78647330,0
1784929320000000,64154.00000000,64155.99000000,64154.00000000,64155.99000000,0.76531000,1784929379999999,49097.96220530,257,0.59561000,38210.98553020,0
1784929380000000,64155.99000000,64165.97000000,64135.99000000,64165.97000000,7.65521000,1784929439999999,491040.45417790,1895,3.27133000,209825.61365130,0
1784929440000000,64165.97000000,64174.71000000,64138.76000000,64174.00000000,49.93414000,1784929499999999,3203817.39492590,7463,38.20108000,2450940.15948830,0
1784929500000000,64174.00000000,64174.01000000,64142.08000000,64142.08000000,2.93830000,1784929559999999,188513.38478450,856,1.01919000,65379.90054290,0
1784929560000000,64142.09000000,64146.00000000,64136.14000000,64145.99000000,3.97094000,1784929619999999,254687.34141930,931,3.13669000,201178.53493430,0
1784929620000000,64145.99000000,64146.00000000,64136.00000000,64136.00000000,1.48310000,1784929679999999,95130.58124240,526,0.35688000,22890.76424560,0
1784929680000000,64136.01000000,64180.98000000,64136.00000000,64158.02000000,5.95561000,1784929739999999,382177.35928780,2140,1.56388000,100332.01343310,0
1784929740000000,64158.03000000,64180.98000000,64156.22000000,64179.78000000,11.72428000,1784929799999999,752323.07277970,2978,9.01160000,578252.75952740,0
1784929800000000,64179.78000000,64184.38000000,64168.40000000,64168.40000000,6.19370000,1784929859999999,397482.59841430,1438,3.91286000,251109.48517840,0
1784929860000000,64168.39000000,64168.40000000,64136.03000000,64136.04000000,7.38450000,1784929919999999,473751.59288250,2346,4.09591000,262767.54124560,0
1784929920000000,64136.04000000,64147.06000000,64136.00000000,64136.00000000,3.26882000,1784929979999999,209673.15561160,899,1.04966000,67323.93672690,0
1784929980000000,64136.01000000,64146.13000000,64136.00000000,64138.91000000,6.20110000,1784930039999999,397753.20981820,1486,2.59190000,166242.59671710,0
1784930040000000,64138.91000000,64143.22000000,64138.90000000,64143.22000000,0.60289000,1784930099999999,38670.21276070,178,0.40068000,25700.11764750,0
1784930100000000,64143.22000000,64146.67000000,64143.21000000,64146.66000000,2.78926000,1784930159999999,178916.19500770,499,2.59585000,166509.76465040,0
1784930160000000,64146.66000000,64146.67000000,64127.79000000,64134.41000000,9.22886000,1784930219999999,591919.02962350,1417,1.47449000,94568.45765350,0
1784930220000000,64134.42000000,64134.42000000,64122.29000000,64122.32000000,28.27811000,1784930279999999,1813403.60639170,1043,0.78387000,50265.00391710,0
1784930280000000,64122.32000000,64130.68000000,64122.29000000,64130.24000000,2.30499000,1784930339999999,147805.55316290,491,1.96221000,125824.38310340,0
1784930340000000,64130.23000000,64155.01000000,64125.01000000,64155.00000000,30.36088000,1784930399999999,1947476.41947390,713,28.09865000,1802354.61464610,0
1784930400000000,64155.00000000,64155.01000000,64136.56000000,64145.20000000,6.98475000,1784930459999999,448017.98390070,949,4.44049000,284812.12013290,0
1784930460000000,64145.21000000,64145.21000000,64123.30000000,64123.30000000,3.46093000,1784930519999999,221971.28669900,1239,0.28975000,18583.79869060,0
1784930520000000,64123.30000000,64141.60000000,64121.86000000,64141.60000000,7.06185000,1784930579999999,452846.00050570,874,1.33480000,85606.16538000,0
1784930580000000,64141.59000000,64142.90000000,64141.59000000,64142.90000000,6.73148000,1784930639999999,431774.51496990,407,3.09493000,198516.07023100,0
1784930640000000,64142.89000000,64142.90000000,64142.89000000,64142.89000000,0.50271000,1784930699999999,32245.27504260,100,0.28107000,18028.64490300,0
1784930700000000,64142.90000000,64142.90000000,64141.89000000,64141.89000000,2.69970000,1784930759999999,173165.61624840,351,0.34095000,21869.21081950,0
1784930760000000,64141.90000000,64141.90000000,64138.52000000,64138.52000000,3.18235000,1784930819999999,204119.62121040,295,0.27715000,17776.26982840,0
1784930820000000,64138.52000000,64161.90000000,64138.52000000,64146.58000000,4.59707000,1784930879999999,294895.68347430,1232,3.32100000,213028.93912480,0
1784930880000000,64146.58000000,64162.41000000,64146.00000000,64146.00000000,6.01504000,1784930939999999,385868.45029040,1435,4.68856000,300768.71039160,0
1784930940000000,64146.00000000,64150.77000000,64134.13000000,64150.77000000,19.35379000,1784930999999999,1241362.30585820,1147,4.25443000,272881.16080800,0
1784931000000000,64150.76000000,64172.94000000,64150.76000000,64172.94000000,8.30879000,1784931059999999,533066.56405470,968,3.55407000,228023.12738520,0
1784931060000000,64172.95000000,64173.99000000,64168.63000000,64169.75000000,3.84816000,1784931119999999,246935.19170500,650,2.95379000,189542.06439140,0
1784931120000000,64169.75000000,64169.75000000,64160.91000000,64160.91000000,3.52972000,1784931179999999,226498.75266780,549,1.67271000,107336.72829990,0
1784931180000000,64160.91000000,64160.92000000,64138.46000000,64142.15000000,7.12619000,1784931239999999,457124.77473090,823,0.45478000,29175.06151440,0
1784931240000000,64142.14000000,64160.02000000,64136.76000000,64160.01000000,24.98993000,1784931299999999,1603034.88609980,1616,19.42565000,1246138.57175790,0
1784931300000000,64160.01000000,64160.02000000,64153.44000000,64153.45000000,4.38006000,1784931359999999,281002.06983800,1323,2.14303000,137483.58972370,0
1784931360000000,64153.44000000,64159.12000000,64153.44000000,64154.51000000,12.57389000,1784931419999999,806709.59803010,1202,0.91672000,58812.57597350,0
1784931420000000,64154.51000000,64155.90000000,64154.50000000,64155.89000000,1.77555000,1784931479999999,113910.33757320,181,1.08276000,69464.60894180,0
1784931480000000,64155.90000000,64157.39000000,64155.90000000,64157.39000000,1.73040000,1784931539999999,111017.63701650,253,1.66062000,106540.73504010,0
1784931540000000,64157.38000000,64170.00000000,64157.38000000,64169.99000000,8.02449000,1784931599999999,514878.20004280,967,5.52479000,354473.05499780,0
1784931600000000,64169.98000000,64169.99000000,64162.98000000,64162.98000000,2.18531000,1784931659999999,140221.14160100,571,0.63629000,40827.19187560,0
1784931660000000,64162.98000000,64162.99000000,64162.98000000,64162.99000000,0.71112000,1784931719999999,45627.58156230,106,0.32247000,20690.63938530,0
1784931720000000,64162.99000000,64162.99000000,64152.00000000,64152.01000000,1.46743000,1784931779999999,94150.82084090,696,0.45188000,28992.91593470,0
1784931780000000,64152.00000000,64158.10000000,64152.00000000,64158.10000000,1.31390000,1784931839999999,84296.29315890,301,0.54829000,35176.30416930,0
1784931840000000,64158.10000000,64196.99000000,64150.00000000,64184.38000000,168.76744000,1784931899999999,10830676.32221300,2327,94.49879000,6064275.18745150,0
1784931900000000,64184.38000000,64184.38000000,64157.65000000,64157.65000000,5.10224000,1784931959999999,327401.01740260,738,0.42382000,27191.31033250,0
1784931960000000,64157.65000000,64157.66000000,64154.86000000,64154.87000000,1.46086000,1784932019999999,93723.53107620,213,0.74150000,47571.31163260,0
1784932020000000,64154.87000000,64154.87000000,64154.86000000,64154.86000000,1.50094000,1784932079999999,96292.60210740,84,0.65390000,41950.86949300,0
1784932080000000,64154.87000000,64157.44000000,64154.86000000,64157.43000000,2.34222000,1784932139999999,150266.10772210,171,2.22385000,142671.83827340,0
1784932140000000,64157.44000000,64167.14000000,64157.44000000,64167.13000000,0.89357000,1784932199999999,57335.77352430,387,0.85070000,54584.99424240,0
1784932200000000,64167.14000000,64180.00000000,64167.14000000,64180.00000000,1.39287000,1784932259999999,89389.52123690,565,1.09148000,70046.91643240,0
1784932260000000,64180.00000000,64184.01000000,64179.99000000,64184.00000000,1.01944000,1784932319999999,65428.79104130,386,0.79917000,51291.85619550,0
1784932320000000,64184.01000000,64194.99000000,64184.00000000,64190.00000000,16.12994000,1784932379999999,1035382.27030750,1200,14.92143000,957804.96870480,0
1784932380000000,64190.00000000,64216.27000000,64180.00000000,64199.99000000,87.62416000,1784932439999999,5624988.32558450,2170,34.64485000,2223846.73543970,0
1784932440000000,64200.00000000,64200.00000000,64197.51000000,64197.52000000,12.75888000,1784932499999999,819088.85630000,491,11.91347000,764815.32613340,0
1784932500000000,64197.52000000,64197.52000000,64186.54000000,64186.54000000,2.60582000,1784932559999999,167277.91999280,476,0.30641000,19670.76210320,0
1784932560000000,64186.55000000,64189.12000000,64186.54000000,64189.11000000,1.44830000,1784932619999999,92961.64113220,306,0.99414000,63810.56511370,0
1784932620000000,64189.11000000,64195.45000000,64189.11000000,64195.44000000,2.87968000,1784932679999999,184845.92193230,314,1.41604000,90896.13033560,0
1784932680000000,64195.44000000,64195.45000000,64195.44000000,64195.45000000,1.17989000,1784932739999999,75743.56153650,102,0.38349000,24618.31312050,0
1784932740000000,64195.45000000,64195.45000000,64189.17000000,64189.18000000,3.35416000,1784932799999999,215315.46892260,364,0.23131000,14848.97671530,0
1784932800000000,64189.17000000,64214.13000000,64189.17000000,64214.13000000,8.02078000,1784932859999999,514931.39335350,1105,5.58278000,358380.24185380,0
1784932860000000,64214.12000000,64214.13000000,64214.12000000,64214.12000000,3.13406000,1784932919999999,201250.93476030,162,2.98331000,191570.65617030,0
1784932920000000,64214.13000000,64215.99000000,64214.12000000,64215.98000000,2.30720000,1784932979999999,148154.99388310,373,1.20077000,77106.52894180,0
1784932980000000,64215.99000000,64215.99000000,64200.00000000,64200.00000000,2.14234000,1784933039999999,137564.66855040,690,0.41936000,26927.10822700,0
1784933040000000,64200.01000000,64201.39000000,64162.35000000,64179.99000000,58.37516000,1784933099999999,3746728.00722730,1426,7.81607000,501596.97552260,0
1784933100000000,64180.00000000,64190.00000000,64179.99000000,64189.99000000,1.66720000,1784933159999999,107005.08115500,575,1.52148000,97651.79918080,0
1784933160000000,64189.99000000,64191.00000000,64189.99000000,64191.00000000,1.06349000,1784933219999999,68265.85700360,390,0.98712000,63363.59937730,0
1784933220000000,64191.00000000,64191.00000000,64167.62000000,64167.63000000,5.07313000,1784933279999999,325600.66082930,1456,0.67285000,43180.56093450,0
1784933280000000,64167.63000000,64174.00000000,64167.62000000,64173.99000000,1.27166000,1784933339999999,81604.08764200,652,1.03921000,66686.88640920,0
1784933340000000,64173.99000000,64190.01000000,64172.00000000,64190.01000000,30.97539000,1784933399999999,1988001.20125570,1049,28.92346000,1856294.43253380,0
1784933400000000,64190.01000000,64190.01000000,64176.44000000,64176.45000000,2.44064000,1784933459999999,156645.74327610,1102,0.53962000,34631.48450340,0
1784933460000000,64176.44000000,64176.45000000,64170.83000000,64170.83000000,1.49793000,1784933519999999,96126.38843260,390,0.24254000,15564.11861700,0
1784933520000000,64170.84000000,64170.84000000,64170.83000000,64170.84000000,0.92782000,1784933579999999,59538.98431430,123,0.48237000,30954.08809080,0
1784933580000000,64170.83000000,64170.84000000,64170.83000000,64170.83000000,2.16497000,1784933639999999,138927.92476060,193,0.29355000,18837.35008200,0
1784933640000000,64170.83000000,64170.84000000,64170.54000000,64170.55000000,0.92006000,1784933699999999,59040.89063830,348,0.26975000,17310.01977150,0
1784933700000000,64170.54000000,64170.55000000,64170.54000000,64170.54000000,0.30490000,1784933759999999,19565.60003680,60,0.23908000,15341.89509400,0
1784933760000000,64170.54000000,64170.83000000,64170.54000000,64170.83000000,2.29630000,1784933819999999,147354.83860970,371,2.25367000,144619.24843910,0
1784933820000000,64170.83000000,64178.35000000,64170.82000000,64178.35000000,3.23541000,1784933879999999,207630.14931340,280,3.08363000,197890.28352900,0
1784933880000000,64178.35000000,64178.35000000,64170.92000000,64170.92000000,5.52873000,1784933939999999,354814.35376220,455,0.25992000,16680.27592460,0
1784933940000000,64170.93000000,64170.93000000,64169.00000000,64169.01000000,1.23579000,1784933999999999,79301.21059820,765,0.20828000,13365.32077560,0
1784934000000000,64169.01000000,64169.01000000,64167.62000000,64167.63000000,1.55895000,1784934059999999,100035.81806680,453,1.26560000,81212.01331360,0
1784934060000000,64167.63000000,64167.63000000,64156.52000000,64156.52000000,1.81239000,1784934119999999,116284.68029390,982,0.29392000,18858.88530500,0
1784934120000000,64156.53000000,64169.55000000,64150.20000000,64169.54000000,2.62244000,1784934179999999,168251.53640270,1479,1.43560000,92109.09479950,0
1784934180000000,64169.55000000,64169.55000000,64169.54000000,64169.55000000,0.73701000,1784934239999999,47293.59772340,339,0.50480000,32392.78884000,0
1784934240000000,64169.54000000,64180.91000000,64159.99000000,64160.00000000,30.30012000,1784934299999999,1944363.38657970,1461,4.56217000,292745.90363910,0
1784934300000000,64160.00000000,64160.00000000,64150.20000000,64150.21000000,2.26417000,1784934359999999,145258.08203320,537,0.29887000,19174.77457120,0
1784934360000000,64150.21000000,64150.21000000,64150.20000000,64150.21000000,1.36815000,1784934419999999,87767.10607250,109,0.99425000,63781.34629250,0
1784934420000000,64150.21000000,64160.76000000,64150.21000000,64160.75000000,4.20133000,1784934479999999,269543.27570110,826,3.76097000,241291.38638920,0
1784934480000000,64160.76000000,64160.76000000,64160.75000000,64160.76000000,1.62894000,1784934539999999,104514.02042750,217,0.83225000,53397.79251000,0
1784934540000000,64160.76000000,64160.76000000,64160.75000000,64160.75000000,1.27204000,1784934599999999,81615.04660320,171,0.61732000,39607.72036320,0
1784934600000000,64160.75000000,64160.76000000,64160.75000000,64160.76000000,0.43859000,1784934659999999,28140.26668010,103,0.33376000,21414.29525760,0
1784934660000000,64160.76000000,64160.76000000,64160.75000000,64160.76000000,1.42101000,1784934719999999,91173.08067650,137,1.33190000,85455.71624400,0
1784934720000000,64160.76000000,64160.76000000,64156.11000000,64156.11000000,1.31394000,1784934779999999,84302.94624340,599,0.25559000,16398.77168500,0
1784934780000000,64156.12000000,64157.53000000,64156.11000000,64157.53000000,0.64370000,1784934839999999,41297.30780860,200,0.23364000,14989.44901330,0
1784934840000000,64157.53000000,64164.03000000,64149.99000000,64149.99000000,23.77667000,1784934899999999,1525479.70905980,1047,1.20810000,77504.12244690,0
1784934900000000,64150.00000000,64150.00000000,64142.13000000,64142.14000000,1.44178000,1784934959999999,92483.84539940,439,0.53496000,34315.70523410,0
1784934960000000,64142.14000000,64149.45000000,64142.13000000,64149.45000000,3.21714000,1784935019999999,206365.29824830,421,2.65808000,170504.89880150,0
1784935020000000,64149.45000000,64150.03000000,64149.44000000,64150.02000000,0.74617000,1784935079999999,47866.43510410,142,0.58215000,37344.62232710,0
1784935080000000,64150.03000000,64153.19000000,64150.03000000,64153.18000000,0.97151000,1784935139999999,62325.34580260,174,0.42166000,27050.72010360,0
1784935140000000,64153.19000000,64153.19000000,64146.42000000,64146.42000000,2.96694000,1784935199999999,190332.69763800,542,0.14605000,9369.38749860,0
1784935200000000,64146.42000000,64150.01000000,64139.01000000,64150.00000000,9.10661000,1784935259999999,584135.12762450,623,3.35685000,215317.33890640,0
1784935260000000,64150.01000000,64160.07000000,64150.00000000,64160.06000000,1.40710000,1784935319999999,90268.44442910,407,1.19188000,76461.97014570,0
1784935320000000,64160.07000000,64164.98000000,64160.06000000,64164.97000000,0.59677000,1784935379999999,38289.56955500,223,0.44467000,28530.53634520,0
1784935380000000,64164.97000000,64167.50000000,64164.97000000,64167.49000000,6.82654000,1784935439999999,438036.27003120,529,6.72762000,431688.92149610,0
1784935440000000,64167.50000000,64170.38000000,64167.49000000,64170.37000000,1.35747000,1784935499999999,87105.76133920,385,1.29199000,82904.06640230,0
1784935500000000,64170.37000000,64170.38000000,64168.67000000,64168.68000000,0.98031000,1784935559999999,62906.72805110,513,0.15283000,9807.13401890,0
1784935560000000,64168.67000000,64168.67000000,64166.95000000,64166.96000000,20.23730000,1784935619999999,1298566.51846850,440,19.69015000,1263457.06744400,0
1784935620000000,64166.96000000,64172.54000000,64166.95000000,64172.54000000,5.54427000,1784935679999999,355774.33662550,742,5.40979000,347145.06434810,0
1784935680000000,64172.53000000,64176.39000000,64172.53000000,64176.39000000,1.57431000,1784935739999999,101028.97109400,551,1.50673000,96692.03510880,0
1784935740000000,64176.39000000,64176.39000000,64176.38000000,64176.39000000,4.03736000,1784935799999999,259103.15867970,514,0.91229000,58547.47883310,0
1784935800000000,64176.39000000,64176.39000000,64176.38000000,64176.38000000,4.79704000,1784935859999999,307856.66876160,243,0.68464000,43937.72364960,0
1784935860000000,64176.39000000,64176.39000000,64176.38000000,64176.38000000,0.35996000,1784935919999999,23100.93307100,101,0.33262000,21346.35084180,0
1784935920000000,64176.38000000,64176.39000000,64176.38000000,64176.38000000,0.50082000,1784935979999999,32140.81823090,184,0.35993000,23099.00805270,0
1784935980000000,64176.39000000,64178.36000000,64176.38000000,64178.35000000,2.52135000,1784936039999999,161811.60884810,615,2.35570000,151180.61884920,0
1784936040000000,64178.36000000,64178.36000000,64178.35000000,64178.35000000,1.11516000,1784936099999999,71569.13733620,675,0.85502000,54873.78136720,0
1784936100000000,64178.35000000,64178.35000000,64152.00000000,64155.99000000,7.29436000,1784936159999999,468014.23765620,2385,3.90001000,250198.70926120,0
1784936160000000,64156.00000000,64158.00000000,64155.99000000,64158.00000000,0.86344000,1784936219999999,55395.47067390,483,0.74862000,48028.99172890,0
1784936220000000,64157.99000000,64158.00000000,64148.00000000,64148.01000000,1.22126000,1784936279999999,78347.87751300,619,0.29620000,19002.13649000,0
1784936280000000,64148.01000000,64148.01000000,64139.21000000,64139.22000000,2.37691000,1784936339999999,152459.93988450,499,0.72105000,46251.18689850,0
1784936340000000,64139.22000000,64187.40000000,64139.21000000,64187.00000000,136.84043000,1784936399999999,8781840.40943160,2283,90.16031000,5785598.87375870,0
1784936400000000,64187.01000000,64187.01000000,64164.63000000,64164.63000000,6.04128000,1784936459999999,387672.80312270,1396,0.77581000,49781.00018940,0
1784936460000000,64164.64000000,64164.64000000,64164.63000000,64164.64000000,2.15985000,1784936519999999,138585.98137190,698,0.52664000,33791.66600960,0
1784936520000000,64164.64000000,64164.64000000,64164.63000000,64164.63000000,0.90039000,1784936579999999,57773.19688870,692,0.56830000,36464.76491200,0
1784936580000000,64164.64000000,64179.96000000,64164.63000000,64179.95000000,3.87808000,1784936639999999,248868.53936740,2007,2.58346000,165783.61087610,0
1784936640000000,64179.96000000,64179.96000000,64179.95000000,64179.95000000,0.82425000,1784936699999999,52900.32942380,708,0.56363000,36173.75085480,0
1784936700000000,64179.96000000,64179.96000000,64165.07000000,64171.99000000,4.81277000,1784936759999999,308851.51709780,2463,1.42105000,91188.25919040,0
1784936760000000,64172.00000000,64174.63000000,64171.99000000,64174.63000000,4.24766000,1784936819999999,272590.54080700,1273,3.43616000,220512.94522030,0
1784936820000000,64174.62000000,64174.77000000,64159.46000000,64159.46000000,3.99093000,1784936879999999,256094.82319110,1573,0.41143000,26400.62179310,0
1784936880000000,64159.47000000,64159.47000000,64159.46000000,64159.46000000,15.82025000,1784936939999999,1015018.70766560,1087,1.06006000,68012.88776820,0
1784936940000000,64159.47000000,64159.47000000,64159.45000000,64159.46000000,4.50697000,1784936999999999,289164.75842850,899,1.38131000,88624.10386950,0
1784937000000000,64159.46000000,64159.46000000,64159.45000000,64159.46000000,1.04565000,1784937059999999,67088.33411030,835,0.52178000,33477.12303880,0
1784937060000000,64159.45000000,64159.46000000,64159.35000000,64159.46000000,11.86848000,1784937119999999,761474.63104710,1131,10.52421000,675227.00981280,0
1784937120000000,64159.45000000,64159.46000000,64153.89000000,64153.89000000,5.44893000,1784937179999999,349596.59978130,1425,0.57197000,36696.40004910,0
1784937180000000,64153.90000000,64153.90000000,64153.89000000,64153.89000000,1.20140000,1784937239999999,77074.49099280,830,0.75468000,48415.66525200,0
1784937240000000,64153.90000000,64153.90000000,64134.71000000,64144.53000000,9.11241000,1784937299999999,584478.02939200,2134,4.76254000,305452.99799150,0
1784937300000000,64144.53000000,64150.00000000,64144.52000000,64150.00000000,1.97836000,1784937359999999,126906.25722020,865,0.73019000,46841.05728100,0
1784937360000000,64149.99000000,64150.00000000,64149.99000000,64150.00000000,1.29298000,1784937419999999,82944.66301130,829,0.89411000,57357.15650000,0
1784937420000000,64149.99000000,64151.87000000,64149.99000000,64151.86000000,2.80488000,1784937479999999,179933.38460540,596,2.46051000,157842.03276450,0
1784937480000000,64151.87000000,64151.87000000,64151.86000000,64151.87000000,0.94656000,1784937539999999,60723.59143560,122,0.68340000,43841.38795800,0
1784937540000000,64151.86000000,64152.27000000,64139.99000000,64139.99000000,35.81007000,1784937599999999,2297156.04627580,661,3.59528000,230616.36134600,0
