1784937600000000,64140.00000000,64146.41000000,64138.33000000,64138.34000000,6.54040000,1784937659999999,419522.60125700,1219,1.19066000,76372.35889820,0
1784937660000000,64138.33000000,64160.00000000,64137.53000000,64157.05000000,5.02609000,1784937719999999,322406.19925480,1107,1.85388000,118923.90602860,0
1784937720000000,64157.05000000,64157.06000000,64143.78000000,64143.78000000,6.12526000,1784937779999999,392939.01577450,1540,0.22419000,14381.22703760,0
1784937780000000,64143.78000000,64179.03000000,64142.28000000,64176.53000000,36.31214000,1784937839999999,2329956.28200940,1176,29.92396000,1920073.85036750,0
1784937840000000,64176.53000000,64176.53000000,64167.15000000,64167.16000000,3.82386000,1784937899999999,245383.10433220,884,0.42642000,27363.63516510,0
1784937900000000,64167.15000000,64167.16000000,64167.15000000,64167.15000000,3.81185000,1784937959999999,244595.55657140,183,0.58439000,37498.64663240,0
1784937960000000,64167.15000000,64167.16000000,64159.93000000,64159.94000000,3.16959000,1784938019999999,203371.14816020,907,0.36573000,23465.97400630,0
1784938020000000,64159.94000000,64159.94000000,64153.48000000,64153.48000000,3.61830000,1784938079999999,232139.12292050,804,0.24081000,15449.39288020,0
1784938080000000,64153.49000000,64153.49000000,64143.47000000,64143.47000000,6.90103000,1784938139999999,442702.52835460,840,0.54093000,34701.64290290,0
1784938140000000,64143.48000000,64143.48000000,64141.64000000,64141.64000000,3.08749000,1784938199999999,198039.27723350,381,0.28114000,18032.97376220,0
1784938200000000,64141.65000000,64141.65000000,64140.66000000,64140.66000000,12.91746000,1784938259999999,828535.54884210,466,6.57106000,421472.20133940,0
1784938260000000,64140.66000000,64140.67000000,64140.66000000,64140.67000000,3.90225000,1784938319999999,250292.90265570,237,1.21707000,78063.68523690,0
1784938320000000,64140.66000000,64148.00000000,64140.66000000,64147.99000000,7.15019000,1784938379999999,458637.69048050,684,2.04286000,131034.65259790,0
1784938380000000,64147.99000000,64148.00000000,64147.99000000,64147.99000000,4.16519000,1784938439999999,267188.58522360,446,1.87555000,120312.78140000,0
1784938440000000,64147.99000000,64148.00000000,64134.99000000,64135.00000000,31.87577000,1784938499999999,2044466.92347710,909,16.14094000,1035211.43875000,0
1784938500000000,64135.00000000,64144.01000000,64134.99000000,64144.01000000,7.79275000,1784938559999999,499820.30069120,1199,6.84731000,439181.24668240,0
1784938560000000,64144.01000000,64144.01000000,64144.00000000,64144.01000000,0.45522000,1784938619999999,29199.63504340,90,0.33634000,21574.19632340,0
1784938620000000,64144.00000000,64144.01000000,64144.00000000,64144.00000000,0.40021000,1784938679999999,25671.07263020,65,0.23902000,15331.70127020,0
1784938680000000,64144.01000000,64144.01000000,64144.00000000,64144.01000000,0.59624000,1784938739999999,38245.22313400,124,0.45740000,29339.47017400,0
1784938740000000,64144.00000000,64144.01000000,64129.99000000,64130.00000000,23.47936000,1784938799999999,1505837.97834010,855,8.48509000,544151.73199730,0
1784938800000000,64130.00000000,64152.81000000,64130.00000000,64152.81000000,2.92460000,1784938859999999,187593.28485730,1017,2.71532000,174167.74632410,0
1784938860000000,64152.80000000,64152.81000000,64152.80000000,64152.80000000,0.99643000,1784938919999999,63923.77961350,132,0.51095000,32778.87826950,0
1784938920000000,64152.81000000,64160.99000000,64152.80000000,64160.98000000,3.64966000,1784938979999999,234141.74449270,589,3.14077000,201494.37031010,0
1784938980000000,64160.99000000,64160.99000000,64160.98000000,64160.99000000,0.78940000,1784939039999999,50648.68305140,194,0.54394000,34899.72890060,0
1784939040000000,64160.99000000,64160.99000000,64160.98000000,64160.99000000,0.83765000,1784939099999999,53744.44983140,165,0.49344000,31659.59890560,0
1784939100000000,64160.98000000,64160.99000000,64160.98000000,64160.99000000,1.17462000,1784939159999999,75364.77860070,194,0.82731000,53081.02863690,0
1784939160000000,64160.98000000,64162.00000000,64160.98000000,64162.00000000,1.37532000,1784939219999999,88242.10134820,371,1.13458000,72795.88328320,0
1784939220000000,64162.00000000,64163.72000000,64161.99000000,64163.72000000,1.35299000,1784939279999999,86812.52722510,305,1.04515000,67060.55295550,0
1784939280000000,64163.72000000,64163.72000000,64163.71000000,64163.72000000,1.71840000,1784939339999999,110258.93201150,201,1.27475000,81792.70207000,0
1784939340000000,64163.71000000,64165.12000000,64149.80000000,64149.80000000,28.65004000,1784939399999999,1838227.97337140,1886,9.07073000,582008.79509550,0
1784939400000000,64149.80000000,64149.81000000,64149.80000000,64149.81000000,1.43123000,1784939459999999,91813.12544520,166,0.71912000,46131.41136720,0
1784939460000000,64149.81000000,64149.81000000,64149.80000000,64149.80000000,0.37269000,1784939519999999,23907.99191150,117,0.29495000,18920.98645950,0
1784939520000000,64149.80000000,64158.31000000,64149.80000000,64158.31000000,1.08554000,1784939579999999,69641.43615590,778,0.98376000,63111.49014460,0
1784939580000000,64158.31000000,64162.94000000,64158.30000000,64162.94000000,0.48525000,1784939639999999,31134.08893970,304,0.30586000,19624.20382590,0
1784939640000000,64162.93000000,64163.88000000,64162.93000000,64163.87000000,0.20181000,1784939699999999,12948.88025920,159,0.17021000,10921.30488120,0
1784939700000000,64163.87000000,64163.88000000,64154.16000000,64154.17000000,1.67244000,1784939759999999,107305.41211600,981,0.31666000,20316.46260400,0
1784939760000000,64154.17000000,64154.17000000,64154.16000000,64154.17000000,0.28632000,1784939819999999,18368.62115190,93,0.20607000,13220.24981190,0
1784939820000000,64154.16000000,64154.17000000,64154.16000000,64154.17000000,0.32970000,1784939879999999,21151.62838520,109,0.18332000,11760.74244440,0
1784939880000000,64154.17000000,64154.17000000,64154.16000000,64154.16000000,0.31554000,1784939939999999,20243.20617940,101,0.25330000,16250.25126100,0
1784939940000000,64154.16000000,64154.17000000,64154.16000000,64154.16000000,1.23304000,1784939999999999,79104.64822560,112,0.27792000,17829.72692640,0
1784940000000000,64154.17000000,64154.17000000,64150.00000000,64150.00000000,1.67689000,1784940059999999,107577.75107850,575,0.31488000,20200.79549440,0
1784940060000000,64150.01000000,64150.01000000,64133.43000000,64135.79000000,11.40166000,1784940119999999,731274.28301600,906,4.50404000,288862.62874830,0
1784940120000000,64135.78000000,64138.81000000,64119.79000000,64123.23000000,14.38482000,1784940179999999,922506.31567270,1571,4.09858000,262854.56339270,0
1784940180000000,64123.22000000,64127.17000000,64104.00000000,64109.14000000,9.11550000,1784940239999999,584444.36876640,1868,3.86918000,248054.16851640,0
1784940240000000,64109.13000000,64112.41000000,64080.66000000,64102.95000000,26.40273000,1784940299999999,1692531.00678980,1795,7.55359000,484169.52882620,0
1784940300000000,64102.94000000,64102.94000000,64077.00000000,64081.65000000,42.77476000,1784940359999999,2741235.50509370,2233,8.19235000,525003.14237960,0
1784940360000000,64081.66000000,64099.99000000,64081.65000000,64099.99000000,13.31597000,1784940419999999,853351.47167740,2527,9.36685000,600275.47532460,0
1784940420000000,64099.99000000,64099.99000000,64099.98000000,64099.98000000,1.57228000,1784940479999999,100783.11860640,105,0.20520000,13153.31794800,0
1784940480000000,64099.99000000,64099.99000000,64099.98000000,64099.99000000,1.69728000,1784940539999999,108795.62919410,127,1.51397000,97045.46186030,0
1784940540000000,64099.98000000,64099.99000000,64097.79000000,64097.79000000,1.38370000,1784940599999999,88694.16848400,519,0.35762000,22923.03555820,0
1784940600000000,64097.79000000,64097.80000000,64096.17000000,64096.17000000,1.59684000,1784940659999999,102352.90422500,396,0.67887000,43513.74196920,0
1784940660000000,64096.18000000,64096.18000000,64096.17000000,64096.17000000,0.28718000,1784940719999999,18407.13970980,116,0.16092000,10314.35728560,0
1784940720000000,64096.18000000,64096.18000000,64096.17000000,64096.18000000,0.36303000,1784940779999999,23268.83566520,111,0.30701000,19678.16822180,0
1784940780000000,64096.17000000,64096.18000000,64096.17000000,64096.17000000,1.25716000,1784940839999999,80579.14277640,164,0.16992000,10891.22290560,0
1784940840000000,64096.18000000,64096.18000000,64092.43000000,64092.44000000,2.55363000,1784940899999999,163672.65603500,701,0.26008000,16669.59608460,0
1784940900000000,64092.43000000,64092.44000000,64092.43000000,64092.44000000,0.68993000,1784940959999999,44219.29246900,136,0.22391000,14350.93824040,0
1784940960000000,64092.43000000,64092.44000000,64033.18000000,64070.80000000,31.05347000,1784941019999999,1989273.36205450,3638,8.76880000,561626.24471090,0
1784941020000000,64070.80000000,64073.62000000,64070.79000000,64073.62000000,0.61758000,1784941079999999,39569.85486120,234,0.47904000,30693.13139220,0
1784941080000000,64073.61000000,64073.62000000,64073.61000000,64073.61000000,0.55941000,1784941139999999,35843.42071870,122,0.25486000,16329.80279320,0
1784941140000000,64073.61000000,64073.62000000,64073.61000000,64073.61000000,1.81058000,1784941199999999,116010.40102440,100,0.42306000,27106.98567720,0
1784941200000000,64073.61000000,64128.00000000,64073.61000000,64128.00000000,8.32985000,1784941259999999,533845.62870140,2006,7.77067000,498004.90977840,0
1784941260000000,64127.99000000,64134.47000000,64127.99000000,64134.47000000,3.16748000,1784941319999999,203137.70628570,271,1.24156000,79620.19575850,0
1784941320000000,64134.47000000,64160.00000000,64134.46000000,64150.03000000,7.59153000,1784941379999999,486986.21873690,1875,3.01716000,193533.80089480,0
1784941380000000,64150.03000000,64150.03000000,64146.57000000,64146.57000000,3.14488000,1784941439999999,201739.04023870,347,1.38791000,89029.67984780,0
1784941440000000,64146.57000000,64146.59000000,64127.99000000,64127.99000000,11.60853000,1784941499999999,744632.48267860,1183,5.62390000,360751.49794800,0
1784941500000000,64128.00000000,64128.00000000,64122.00000000,64122.01000000,1.59038000,1784941559999999,101980.99704070,348,0.75494000,48408.35163350,0
1784941560000000,64122.00000000,64122.01000000,64122.00000000,64122.00000000,1.50198000,1784941619999999,96309.96545810,183,0.38981000,24995.40071810,0
1784941620000000,64122.00000000,64122.01000000,64096.00000000,64096.01000000,2.01275000,1784941679999999,129040.80381960,1139,0.26278000,16845.64535100,0
1784941680000000,64096.01000000,64096.01000000,64084.63000000,64084.64000000,3.67374000,1784941739999999,235463.45382650,799,0.57633000,36938.71095870,0
1784941740000000,64084.64000000,64084.64000000,64062.79000000,64062.80000000,1.21258000,1784941799999999,77691.75805280,857,0.27644000,17712.89466300,0
1784941800000000,64062.79000000,64062.80000000,64045.91000000,64045.92000000,2.91239000,1784941859999999,186552.94455950,891,0.81727000,52348.04328390,0
1784941860000000,64045.91000000,64045.92000000,64032.36000000,64034.00000000,2.93181000,1784941919999999,187746.11274370,1189,0.83227000,53293.82049630,0
1784941920000000,64034.01000000,64034.01000000,64034.00000000,64034.01000000,1.18736000,1784941979999999,76031.41297650,166,0.27365000,17522.90683650,0
1784941980000000,64034.01000000,64034.01000000,64008.77000000,64011.34000000,8.17550000,1784942039999999,523374.71997640,1382,2.72130000,174204.20495360,0
1784942040000000,64011.35000000,64022.68000000,64011.34000000,64022.67000000,1.53598000,1784942099999999,98325.81235220,595,1.38740000,88813.89852670,0
1784942100000000,64022.68000000,64028.00000000,64020.44000000,64028.00000000,5.36761000,1784942159999999,343644.43420850,1116,4.05702000,259736.84796960,0
1784942160000000,64028.00000000,64030.34000000,64016.00000000,64016.01000000,3.29668000,1784942219999999,211066.18927530,1330,1.17926000,75502.70926740,0
1784942220000000,64016.00000000,64016.01000000,64016.00000000,64016.01000000,1.40676000,1784942279999999,90055.15447330,143,0.63133000,40415.22759330,0
1784942280000000,64016.00000000,64018.00000000,64016.00000000,64018.00000000,3.50892000,1784942339999999,224628.40461050,311,3.18352000,203797.35620660,0
1784942340000000,64017.99000000,64018.00000000,64012.00000000,64012.01000000,1.94990000,1784942399999999,124825.41187960,735,0.44110000,28236.57754200,0
1784942400000000,64012.01000000,64012.01000000,64006.55000000,64006.55000000,12.51607000,1784942459999999,801125.94922800,600,3.90117000,249700.89363060,0
1784942460000000,64006.55000000,64015.27000000,64006.55000000,64015.27000000,10.64950000,1784942519999999,681640.02166130,568,10.45112000,668941.47682190,0
1784942520000000,64015.27000000,64017.09000000,64015.26000000,64017.09000000,3.08375000,1784942579999999,197408.68849620,452,2.95426000,189119.26864740,0
1784942580000000,64017.09000000,64017.09000000,64017.08000000,64017.09000000,0.21733000,1784942639999999,13912.83337320,95,0.13768000,8813.87295120,0
1784942640000000,64017.09000000,64017.67000000,64017.08000000,64017.66000000,0.41120000,1784942699999999,26323.97710780,173,0.26366000,16878.82519300,0
1784942700000000,64017.67000000,64023.04000000,64016.56000000,64023.04000000,4.50596000,1784942759999999,288469.09132820,763,0.43957000,28141.16672600,0
1784942760000000,64023.04000000,64030.34000000,64023.03000000,64030.34000000,3.36494000,1784942819999999,215439.54355060,318,2.49872000,159978.34265400,0
1784942820000000,64030.34000000,64037.90000000,64024.00000000,64037.90000000,2.89946000,1784942879999999,185655.00366040,1441,1.34999000,86443.19041320,0
1784942880000000,64037.90000000,64081.22000000,64037.90000000,64077.49000000,7.23012000,1784942939999999,463154.07915030,2048,6.35343000,406981.35981180,0
1784942940000000,64077.48000000,64077.49000000,64056.00000000,64056.01000000,2.91673000,1784942999999999,186875.76918160,1387,0.96638000,61917.66384990,0
1784943000000000,64056.00000000,64056.00000000,64038.00000000,64038.00000000,3.02909000,1784943059999999,194002.36069760,936,1.87840000,120301.43901060,0
1784943060000000,64038.01000000,64038.01000000,64038.00000000,64038.00000000,2.07169000,1784943119999999,132666.88790770,142,0.36877000,23615.29694770,0
1784943120000000,64038.01000000,64038.01000000,64038.00000000,64038.01000000,2.41003000,1784943179999999,154333.50487840,133,0.37384000,23939.96965840,0
1784943180000000,64038.01000000,64059.61000000,64038.00000000,64059.61000000,4.60956000,1784943239999999,295230.80924390,1041,4.54388000,291024.18375010,0
1784943240000000,64059.61000000,64076.00000000,64059.61000000,64075.99000000,3.00821000,1784943299999999,192733.25195410,653,2.96338000,189860.94892210,0
1784943300000000,64076.00000000,64121.68000000,64075.99000000,64121.67000000,8.25547000,1784943359999999,529114.03599230,1584,7.96985000,510804.32425610,0
1784943360000000,64121.68000000,64122.67000000,64110.00000000,64110.00000000,11.77962000,1784943419999999,755282.99386030,2042,3.18621000,204277.53496710,0
1784943420000000,64110.01000000,64114.00000000,64110.00000000,64112.01000000,1.05866000,1784943479999999,67873.68476820,403,0.76600000,49110.60939430,0
1784943480000000,64112.00000000,64112.01000000,64112.00000000,64112.01000000,0.79491000,1784943539999999,50963.27219520,103,0.22752000,14586.76451520,0
1784943540000000,64112.00000000,64112.01000000,64039.56000000,64068.37000000,131.54084000,1784943599999999,8428464.19236590,1975,56.39541000,3613277.70467230,0
1784943600000000,64068.37000000,64103.91000000,64063.98000000,64099.56000000,159.60275000,1784943659999999,10228822.41365040,6724,130.89547000,8388873.30753300,0
1784943660000000,64099.56000000,64104.00000000,64099.56000000,64104.00000000,1.48035000,1784943719999999,94892.80539140,412,1.22910000,78787.58355300,0
1784943720000000,64103.99000000,64107.50000000,64103.99000000,64107.50000000,1.45840000,1784943779999999,93490.82033680,268,0.64763000,41517.08922040,0
1784943780000000,64107.49000000,64123.03000000,64107.49000000,64123.03000000,2.22292000,1784943839999999,142524.00602270,1018,2.12455000,136217.22631440,0
1784943840000000,64123.03000000,64129.59000000,64123.02000000,64129.58000000,1.51022000,1784943899999999,96845.66434920,1295,1.32835000,85182.57608790,0
1784943900000000,64129.59000000,64134.48000000,64129.58000000,64133.56000000,4.89719000,1784943959999999,314063.82053220,888,2.98604000,191495.14850820,0
1784943960000000,64133.56000000,64140.88000000,64133.55000000,64140.87000000,1.59893000,1784944019999999,102549.54843710,549,1.34125000,86022.41813730,0
1784944020000000,64140.87000000,64147.19000000,64140.87000000,64147.18000000,2.11707000,1784944079999999,135801.48682190,470,0.67343000,43196.16376880,0
1784944080000000,64147.19000000,64147.19000000,64145.00000000,64145.00000000,6.58376000,1784944139999999,422317.24733480,429,0.31114000,19958.18778200,0
1784944140000000,64145.00000000,64145.01000000,64120.00000000,64120.01000000,3.06176000,1784944199999999,196383.51679730,844,0.20642000,13237.88087360,0
1784944200000000,64120.00000000,64131.37000000,64109.65000000,64109.66000000,2.94150000,1784944259999999,188621.08163450,1327,1.05752000,67815.16462240,0
1784944260000000,64109.65000000,64109.66000000,64109.65000000,64109.65000000,0.43690000,1784944319999999,28009.50822820,84,0.21432000,13739.98233120,0
1784944320000000,64109.65000000,64109.66000000,64098.66000000,64098.67000000,0.96159000,1784944379999999,61642.74219140,521,0.18159000,11641.11891180,0
1784944380000000,64098.66000000,64098.67000000,64092.00000000,64092.00000000,0.47296000,1784944439999999,30313.97006460,311,0.21974000,14084.22061810,0
1784944440000000,64092.01000000,64092.01000000,64092.00000000,64092.01000000,0.26023000,1784944499999999,16678.66320410,74,0.20441000,13101.04776410,0
1784944500000000,64092.01000000,64092.01000000,64092.00000000,64092.00000000,0.34689000,1784944559999999,22232.87681020,123,0.29302000,18780.24077020,0
1784944560000000,64092.01000000,64092.01000000,64092.00000000,64092.00000000,0.42605000,1784944619999999,27306.39889920,164,0.22992000,14736.03493920,0
1784944620000000,64092.00000000,64092.01000000,64086.25000000,64087.55000000,6.90330000,1784944679999999,442412.87604750,800,6.12964000,392827.88386510,0
1784944680000000,64087.55000000,64087.90000000,64070.10000000,64070.10000000,2.51727000,1784944739999999,161304.57699130,971,0.92569000,59315.69747840,0
1784944740000000,64070.11000000,64070.11000000,64068.00000000,64068.01000000,0.81715000,1784944799999999,52354.72905020,293,0.30179000,19335.68432990,0
1784944800000000,64068.00000000,64070.00000000,64068.00000000,64069.99000000,1.16192000,1784944859999999,74442.99340140,375,1.09507000,70159.91693800,0
1784944860000000,64070.00000000,64070.00000000,64069.99000000,64069.99000000,0.56056000,1784944919999999,35915.07755920,221,0.39648000,25402.47360000,0
1784944920000000,64070.00000000,64074.00000000,64069.99000000,64074.00000000,1.99861000,1784944979999999,128057.92641650,408,0.48792000,31262.13859990,0
1784944980000000,64074.00000000,64083.21000000,64073.99000000,64083.21000000,3.39613000,1784945039999999,217629.40508640,621,3.34256000,214196.87023490,0
1784945040000000,64083.21000000,64086.43000000,64083.20000000,64086.43000000,1.32392000,1784945099999999,84841.52033570,271,1.02900000,65941.77793270,0
1784945100000000,64086.43000000,64087.89000000,64086.42000000,64087.88000000,0.41660000,1784945159999999,26698.69458820,199,0.37611000,24103.82175240,0
1784945160000000,64087.89000000,64093.38000000,64084.01000000,64084.01000000,11.59412000,1784945219999999,743075.62829010,1664,4.80673000,308058.24797780,0
1784945220000000,64084.00000000,64090.42000000,64084.00000000,64090.42000000,1.45930000,1784945279999999,93519.43883860,491,1.05369000,67526.22692420,0
1784945280000000,64090.42000000,64099.34000000,64090.42000000,64099.34000000,0.75033000,1784945339999999,48091.92522360,465,0.65504000,41984.43572390,0
1784945340000000,64099.33000000,64099.99000000,64084.99000000,64085.00000000,13.48613000,1784945399999999,864392.25808570,726,1.19906000,76857.84950540,0
1784945400000000,64084.99000000,64090.03000000,64084.99000000,64090.03000000,13.20171000,1784945459999999,846064.06472980,429,13.10880000,840109.58823060,0
1784945460000000,64090.03000000,64090.03000000,64078.55000000,64078.55000000,1.89376000,1784945519999999,121363.26251950,574,0.33024000,21165.07694030,0
1784945520000000,64078.55000000,64078.55000000,64072.19000000,64072.20000000,0.76637000,1784945579999999,49104.40872990,366,0.35106000,22493.22424350,0
1784945580000000,64072.20000000,64076.00000000,64072.19000000,64076.00000000,0.27683000,1784945639999999,17737.67739080,274,0.24127000,15459.19487240,0
1784945640000000,64075.99000000,64086.01000000,64062.79000000,64086.01000000,38.14506000,1784945699999999,2444068.49032740,920,30.51816000,1955348.26687000,0
1784945700000000,64086.00000000,64086.00000000,64052.30000000,64052.31000000,37.75262000,1784945759999999,2418546.91732290,1813,2.93905000,188273.25453380,0
1784945760000000,64052.31000000,64053.98000000,64052.31000000,64053.98000000,2.90315000,1784945819999999,185954.26003770,330,2.73301000,175056.11758190,0
1784945820000000,64053.97000000,64053.98000000,64045.99000000,64045.99000000,0.78367000,1784945879999999,50194.21345220,577,0.29670000,19003.27776670,0
1784945880000000,64045.99000000,64046.00000000,64045.99000000,64045.99000000,0.41035000,1784945939999999,26281.27575720,98,0.37607000,24085.77922000,0
1784945940000000,64045.99000000,64046.00000000,64038.97000000,64038.98000000,1.06108000,1784945999999999,67954.54899260,496,0.38971000,24958.52437810,0
1784946000000000,64038.97000000,64041.55000000,64038.10000000,64041.55000000,0.54906000,1784946059999999,35160.99726550,352,0.38767000,24825.81460280,0
1784946060000000,64041.55000000,64052.00000000,64041.54000000,64051.99000000,0.75757000,1784946119999999,48519.84700760,625,0.71519000,45805.43143850,0
1784946120000000,64052.00000000,64052.00000000,64051.99000000,64051.99000000,0.41080000,1784946179999999,26312.56030320,155,0.28112000,18006.29824000,0
1784946180000000,64052.00000000,64052.00000000,64051.99000000,64051.99000000,0.45911000,1784946239999999,29406.91092320,81,0.17943000,11492.85036000,0
1784946240000000,64051.99000000,64052.00000000,64039.13000000,64039.14000000,1.55553000,1784946299999999,99626.28434750,629,0.14725000,9430.02532770,0
1784946300000000,64039.13000000,64039.14000000,64038.00000000,64038.00000000,0.66014000,1784946359999999,42274.53621740,195,0.12787000,8188.62163090,0
1784946360000000,64038.01000000,64060.00000000,64033.97000000,64060.00000000,3.09785000,1784946419999999,198404.80666300,1343,2.58044000,165269.45889380,0
1784946420000000,64060.00000000,64060.00000000,64059.99000000,64060.00000000,0.88958000,1784946479999999,56986.48809370,135,0.21895000,14025.93700000,0
1784946480000000,64060.00000000,64060.00000000,64059.99000000,64060.00000000,0.38444000,1784946539999999,24627.22481880,123,0.22632000,14498.05920000,0
1784946540000000,64059.99000000,64060.00000000,64059.99000000,64060.00000000,0.54560000,1784946599999999,34951.13358780,116,0.30438000,19498.58280000,0
1784946600000000,64059.99000000,64060.00000000,64059.99000000,64060.00000000,0.77884000,1784946659999999,49892.48695700,188,0.43454000,27836.63240000,0
1784946660000000,64059.99000000,64060.00000000,64040.01000000,64040.01000000,3.44680000,1784946719999999,220782.97970940,1005,0.16213000,10383.39687470,0
1784946720000000,64040.00000000,64040.00000000,64034.72000000,64036.00000000,18.49086000,1784946779999999,1184075.08062970,905,10.89863000,697900.79497560,0
1784946780000000,64035.99000000,64036.00000000,64035.94000000,64035.96000000,75.41115000,1784946839999999,4829025.91693230,1116,36.01128000,2306017.25383090,0
1784946840000000,64035.95000000,64036.72000000,64035.95000000,64036.71000000,19.99278000,1784946899999999,1280259.08946930,457,9.80436000,627831.70361750,0
1784946900000000,64036.71000000,64036.72000000,64032.00000000,64032.00000000,7.07325000,1784946959999999,452945.83018880,525,3.50941000,224730.02731780,0
1784946960000000,64032.00000000,64032.01000000,64032.00000000,64032.00000000,0.66971000,1784947019999999,42882.87388570,157,0.31657000,20270.61340570,0
1784947020000000,64032.01000000,64032.01000000,64024.41000000,64024.42000000,1.39161000,1784947079999999,89103.88934020,436,0.44761000,28660.12683250,0
1784947080000000,64024.42000000,64031.21000000,64024.41000000,64031.21000000,2.74922000,1784947139999999,176018.58644360,534,0.81431000,52137.08731570,0
1784947140000000,64031.21000000,64049.00000000,64031.21000000,64048.99000000,3.43548000,1784947199999999,220005.22731560,1096,2.14812000,137569.94561970,0
1784947200000000,64048.99000000,64054.40000000,64048.00000000,64050.00000000,2.10150000,1784947259999999,134602.15628340,950,0.91716000,58743.72310760,0
1784947260000000,64050.00000000,64050.00000000,64049.99000000,64049.99000000,0.61903000,1784947319999999,39648.86777430,149,0.24646000,15785.76300000,0
1784947320000000,64050.00000000,64050.00000000,64049.99000000,64049.99000000,1.22784000,1784947379999999,78643.14137990,128,0.16583000,10621.41150000,0
1784947380000000,64050.00000000,64053.76000000,64049.99000000,64053.75000000,1.26229000,1784947439999999,80850.56014100,257,1.01191000,64813.69412880,0
1784947440000000,64053.76000000,64053.76000000,64053.75000000,64053.75000000,0.60220000,1784947499999999,38573.17376730,114,0.55173000,35340.38100480,0
1784947500000000,64053.75000000,64053.76000000,64053.75000000,64053.76000000,0.29637000,1784947559999999,18983.61219030,74,0.23028000,14750.29985280,0
1784947560000000,64053.76000000,64054.15000000,64043.31000000,64043.32000000,2.88833000,1784947619999999,184999.56771440,1010,0.43806000,28058.14145670,0
1784947620000000,64043.32000000,64043.32000000,64041.04000000,64041.04000000,2.19977000,1784947679999999,140877.35944740,420,0.30908000,19794.12072160,0
1784947680000000,64041.04000000,64050.77000000,64041.04000000,64050.76000000,4.09482000,1784947739999999,262254.97740690,677,3.51566000,225162.18743410,0
1784947740000000,64050.77000000,64050.77000000,64039.27000000,64039.28000000,2.70978000,1784947799999999,173554.64270600,819,0.31407000,20115.93348270,0
1784947800000000,64039.28000000,64039.28000000,64032.00000000,64032.01000000,1.46055000,1784947859999999,93530.72511850,621,0.20723000,13270.02454390,0
1784947860000000,64032.00000000,64032.01000000,64024.00000000,64024.00000000,2.02907000,1784947919999999,129916.08335280,577,0.95990000,61457.14335900,0
1784947920000000,64024.00000000,64024.01000000,64024.00000000,64024.01000000,1.76002000,1784947979999999,112683.52149190,128,0.10119000,6478.58957190,0
1784947980000000,64024.01000000,64032.01000000,64024.00000000,64032.01000000,0.72348000,1784948039999999,46321.09955480,441,0.54618000,34969.62942330,0
1784948040000000,64032.01000000,64050.01000000,64023.91000000,64050.00000000,61.71276000,1784948099999999,3951940.04350870,1813,47.98900000,3072970.29258700,0
1784948100000000,64050.00000000,64050.01000000,64017.87000000,64029.81000000,70.14221000,1784948159999999,4490702.17144740,2518,8.48837000,543422.23870780,0
1784948160000000,64029.80000000,64029.81000000,64024.45000000,64024.46000000,2.70761000,1784948219999999,173357.98499420,709,0.25426000,16278.97544240,0
1784948220000000,64024.45000000,64024.46000000,64024.45000000,64024.46000000,1.19038000,1784948279999999,76213.42981190,132,0.50209000,32146.04112140,0
1784948280000000,64024.45000000,64024.46000000,64024.45000000,64024.46000000,0.83165000,1784948339999999,53245.93999620,121,0.61537000,39398.73195020,0
1784948340000000,64024.45000000,64052.01000000,64024.45000000,64052.00000000,42.93713000,1784948399999999,2749739.69769470,664,35.57955000,2278477.07201970,0
1784948400000000,64052.01000000,64052.01000000,64016.65000000,64027.99000000,49.68215000,1784948459999999,3180856.55844640,2612,6.46287000,413742.24919890,0
1784948460000000,64027.99000000,64028.00000000,64020.00000000,64020.01000000,2.55797000,1784948519999999,163776.36559760,687,0.53753000,34415.57475660,0
1784948520000000,64020.01000000,64020.01000000,64020.00000000,64020.00000000,1.79902000,1784948579999999,115173.26487510,149,0.44751000,28649.59467510,0
1784948580000000,64020.01000000,64020.01000000,64020.00000000,64020.01000000,0.67057000,1784948639999999,42929.89596110,163,0.45611000,29200.16676110,0
1784948640000000,64020.00000000,64058.01000000,64020.00000000,64058.00000000,27.57180000,1784948699999999,1766030.96047490,1624,19.24030000,1232337.21617510,0
1784948700000000,64058.01000000,64058.01000000,64026.03000000,64033.58000000,25.55100000,1784948759999999,1636157.06544070,2060,0.69093000,44241.86746790,0
1784948760000000,64033.59000000,64033.59000000,64033.58000000,64033.58000000,3.17662000,1784948819999999,203410.37610860,137,2.52090000,161422.27703100,0
1784948820000000,64033.59000000,64035.38000000,64033.58000000,64035.37000000,2.05396000,1784948879999999,131523.84900190,387,1.79656000,115041.49848300,0
1784948880000000,64035.38000000,64042.63000000,64035.37000000,64042.62000000,0.83030000,1784948939999999,53170.92921330,317,0.78476000,50254.54439320,0
1784948940000000,64042.63000000,64044.80000000,64042.62000000,64044.80000000,1.32754000,1784948999999999,85019.25326270,307,1.19718000,76670.65578610,0
1784949000000000,64044.81000000,64045.48000000,64044.80000000,64045.47000000,0.62854000,1784949059999999,40254.92426590,188,0.56767000,36356.48570610,0
1784949060000000,64045.48000000,64046.15000000,64045.47000000,64046.14000000,0.59406000,1784949119999999,38046.88164350,178,0.43095000,27600.42270690,0
1784949120000000,64046.14000000,64067.73000000,64046.14000000,64067.73000000,1.32884000,1784949179999999,85124.15444060,877,1.24239000,79586.21100150,0
1784949180000000,64067.73000000,64072.90000000,64067.72000000,64072.89000000,1.38356000,1784949239999999,88645.29718010,396,1.03734000,66462.69149070,0
1784949240000000,64072.90000000,64074.36000000,64019.09000000,64034.00000000,134.12764000,1784949299999999,8590033.45249930,2452,46.48792000,2976901.48935560,0
1784949300000000,64033.99000000,64072.51000000,64033.99000000,64067.72000000,138.53723000,1784949359999999,8874888.12856090,4738,133.51890000,8553377.98044430,0
1784949360000000,64067.71000000,64074.36000000,64067.71000000,64074.35000000,1.55944000,1784949419999999,99918.04093780,616,0.86951000,55711.39926970,0
1784949420000000,64074.36000000,64074.85000000,64068.26000000,64068.27000000,2.09780000,1784949479999999,134410.47962540,906,0.75868000,48609.50823850,0
1784949480000000,64068.26000000,64072.47000000,64066.03000000,64072.46000000,1.57358000,1784949539999999,100816.50555970,782,1.12666000,72183.24800270,0
1784949540000000,64072.46000000,64073.79000000,64072.46000000,64073.79000000,1.87263000,1784949599999999,119984.71718820,310,0.77698000,49783.51849200,0
1784949600000000,64073.78000000,64074.85000000,64070.00000000,64070.01000000,1.74094000,1784949659999999,111548.77298310,672,1.01479000,65021.52747890,0
1784949660000000,64070.00000000,64070.01000000,64070.00000000,64070.01000000,0.44894000,1784949719999999,28763.58989290,72,0.40929000,26223.21439290,0
1784949720000000,64070.00000000,64070.01000000,64070.00000000,64070.01000000,0.71713000,1784949779999999,45946.52493620,122,0.58362000,37392.53923620,0
1784949780000000,64070.01000000,64070.01000000,64070.00000000,64070.00000000,0.59652000,1784949839999999,38219.04205100,86,0.56510000,36205.96265100,0
1784949840000000,64070.01000000,64070.01000000,64070.00000000,64070.01000000,1.26411000,1784949899999999,80991.53178470,165,0.40847000,26170.67698470,0
1784949900000000,64070.01000000,64083.10000000,64070.00000000,64083.10000000,1.01869000,1784949959999999,65272.68896870,803,0.79062000,50660.01670070,0
1784949960000000,64083.10000000,64093.99000000,64083.09000000,64093.99000000,1.13201000,1784950019999999,72551.27440160,687,1.06917000,68523.71784300,0
1784950020000000,64093.98000000,64100.50000000,64093.98000000,64100.50000000,1.62913000,1784950079999999,104424.05617350,603,1.44043000,92328.83608910,0
1784950080000000,64100.50000000,64103.67000000,64084.00000000,64084.01000000,2.81180000,1784950139999999,180228.43188920,1310,0.55606000,35641.92247750,0
1784950140000000,64084.01000000,64084.01000000,64080.00000000,64080.00000000,2.15750000,1784950199999999,138257.62011620,395,1.41015000,90365.93898150,0
1784950200000000,64080.00000000,64080.00000000,64069.83000000,64069.83000000,0.75320000,1784950259999999,48259.09355890,598,0.14557000,9326.67225800,0
1784950260000000,64069.84000000,64069.84000000,64069.82000000,64069.83000000,0.61917000,1784950319999999,39670.12061250,343,0.43046000,27579.50328220,0
1784950320000000,64069.82000000,64087.06000000,64068.00000000,64087.05000000,3.58025000,1784950379999999,229410.31978680,1094,3.34661000,214439.60488030,0
1784950380000000,64087.06000000,64099.01000000,64087.05000000,64099.00000000,1.38461000,1784950439999999,88740.48171810,833,0.86071000,55164.46154900,0
1784950440000000,64099.01000000,64105.61000000,64099.00000000,64104.00000000,6.00601000,1784950499999999,384996.41329460,359,5.56143000,356497.65489040,0
1784950500000000,64104.01000000,64104.01000000,64098.93000000,64098.93000000,1.54915000,1784950559999999,99302.12584180,371,0.32534000,20854.30385020,0
1784950560000000,64098.93000000,64098.94000000,64098.93000000,64098.93000000,1.44680000,1784950619999999,92738.33454170,126,0.26177000,16779.17952380,0
1784950620000000,64098.93000000,64098.94000000,64095.65000000,64095.65000000,0.92841000,1784950679999999,59508.86325390,251,0.30736000,19701.01818960,0
1784950680000000,64095.65000000,64095.66000000,64086.14000000,64086.14000000,0.94256000,1784950739999999,60409.74311540,454,0.47176000,30235.91542430,0
1784950740000000,64086.14000000,64086.15000000,64086.14000000,64086.14000000,0.58015000,1784950799999999,37179.57765900,128,0.35380000,22673.67987000,0
1784950800000000,64086.14000000,64086.15000000,64086.11000000,64086.11000000,0.55478000,1784950859999999,35553.69750300,218,0.27797000,17814.02050800,0
1784950860000000,64086.12000000,64086.12000000,64086.11000000,64086.12000000,1.18608000,1784950919999999,76011.25797830,102,0.46295000,29668.66925400,0
1784950920000000,64086.12000000,64086.12000000,64086.11000000,64086.12000000,0.81996000,1784950979999999,52548.05408950,103,0.73339000,47000.11954680,0
1784950980000000,64086.12000000,64086.12000000,64086.11000000,64086.11000000,0.30542000,1784951039999999,19573.18228700,84,0.25708000,16475.25972960,0
1784951040000000,64086.12000000,64093.21000000,64086.11000000,64093.21000000,3.28881000,1784951099999999,210769.59774840,414,1.72690000,110672.50893170,0
1784951100000000,64093.21000000,64096.15000000,64093.20000000,64096.14000000,1.96629000,1784951159999999,126027.38033870,207,1.75610000,112555.01567090,0
1784951160000000,64096.14000000,64096.15000000,64086.00000000,64086.00000000,1.57526000,1784951219999999,100962.54385060,616,0.58612000,37564.47719920,0
1784951220000000,64086.00000000,64086.00000000,64085.98000000,64085.99000000,2.35883000,1784951279999999,151167.95417030,263,1.90792000,122270.94257390,0
1784951280000000,64085.98000000,64085.99000000,64085.98000000,64085.98000000,0.61159000,1784951339999999,39194.34619010,112,0.16819000,10778.62265810,0
1784951340000000,64085.99000000,64085.99000000,64070.00000000,64070.01000000,4.17536000,1784951399999999,267555.88346250,726,0.33485000,21458.78051330,0
1784951400000000,64070.01000000,64070.01000000,64056.01000000,64056.02000000,4.35483000,1784951459999999,278971.28906310,906,2.71109000,173672.39238020,0
1784951460000000,64056.01000000,64056.02000000,64047.44000000,64050.00000000,7.04172000,1784951519999999,451026.51224700,625,4.20359000,269231.00186580,0
1784951520000000,64049.99000000,64054.10000000,64049.99000000,64054.10000000,0.74246000,1784951579999999,47556.27711350,314,0.62872000,40270.96860390,0
1784951580000000,64054.10000000,64056.93000000,64054.09000000,64056.92000000,0.44083000,1784951639999999,28238.04857080,301,0.42274000,27079.26633250,0
1784951640000000,64056.92000000,64072.90000000,64056.92000000,64072.90000000,1.74312000,1784951699999999,111678.99412710,683,1.63193000,104555.35204900,0
1784951700000000,64072.89000000,64072.90000000,64072.89000000,64072.90000000,0.43207000,1784951759999999,27683.97588090,118,0.22986000,14727.79679400,0
1784951760000000,64072.89000000,64072.90000000,64072.00000000,64072.01000000,1.42344000,1784951819999999,91203.48911580,209,0.49962000,32011.71574430,0
1784951820000000,64072.00000000,64082.98000000,64072.00000000,64082.98000000,2.21999000,1784951879999999,142255.64043970,695,2.00633000,128563.99356620,0
1784951880000000,64082.98000000,64087.67000000,64082.97000000,64087.32000000,2.89565000,1784951939999999,185569.24781820,706,2.50007000,160217.65232650,0
1784951940000000,64087.33000000,64087.33000000,64085.36000000,64085.36000000,1.14799000,1784951999999999,73571.54680510,270,0.24418000,15648.84298500,0
1784952000000000,64085.36000000,64089.54000000,64085.36000000,64089.54000000,2.60140000,1784952059999999,166717.92027420,468,1.00642000,64498.42086280,0
1784952060000000,64089.54000000,64098.00000000,64089.53000000,64098.00000000,2.29453000,1784952119999999,147067.65060620,893,1.35405000,86786.43094240,0
1784952120000000,64097.99000000,64099.00000000,64097.99000000,64099.00000000,0.59105000,1784952179999999,37885.31472400,433,0.37307000,23913.19608930,0
1784952180000000,64099.00000000,64099.00000000,64098.99000000,64098.99000000,0.37000000,1784952239999999,23716.62924060,145,0.29406000,18848.95194000,0
1784952240000000,64098.99000000,64107.04000000,64098.99000000,64107.03000000,1.39643000,1784952299999999,89514.56560560,775,1.00204000,64231.66165800,0
1784952300000000,64107.04000000,64114.00000000,64107.03000000,64114.00000000,0.68569000,1784952359999999,43961.30450410,425,0.45352000,29076.03164100,0
1784952360000000,64114.00000000,64114.01000000,64113.99000000,64114.01000000,0.35732000,1784952419999999,22909.21413780,193,0.32078000,20566.48893120,0
1784952420000000,64114.00000000,64117.27000000,64114.00000000,64117.27000000,1.24432000,1784952479999999,79782.25546910,272,1.19388000,76548.23010550,0
1784952480000000,64117.27000000,64124.40000000,64117.26000000,64124.40000000,9.69099000,1784952539999999,621379.91348790,1081,6.00786000,385224.97015200,0
1784952540000000,64124.40000000,64124.40000000,64124.39000000,64124.39000000,0.52198000,1784952599999999,33471.65299310,108,0.39009000,25014.28719600,0
1784952600000000,64124.39000000,64124.40000000,64124.39000000,64124.40000000,2.45876000,1784952659999999,157666.49465290,123,0.94965000,60895.73646000,0
1784952660000000,64124.40000000,64124.40000000,64124.39000000,64124.39000000,3.15380000,1784952719999999,202235.50854080,202,0.73588000,47187.86347200,0
1784952720000000,64124.40000000,64124.40000000,64124.39000000,64124.40000000,2.28422000,1784952779999999,146474.23481480,160,2.06890000,132666.97116000,0
1784952780000000,64124.39000000,64124.40000000,64124.39000000,64124.39000000,2.81069000,1784952839999999,180233.78434310,174,0.26140000,16762.11816000,0
1784952840000000,64124.40000000,64129.62000000,64124.39000000,64129.61000000,2.41280000,1784952899999999,154720.02862570,368,2.14327000,137436.56297630,0
1784952900000000,64129.62000000,64134.00000000,64128.94000000,64128.94000000,2.10292000,1784952959999999,134866.14902280,812,0.64786000,41547.84303170,0
1784952960000000,64128.94000000,64128.94000000,64122.52000000,64122.53000000,1.17857000,1784953019999999,75577.42847880,434,0.15700000,10067.23721000,0
1784953020000000,64122.53000000,64122.53000000,64122.52000000,64122.52000000,0.26169000,1784953079999999,16780.22376900,94,0.15102000,9683.78448060,0
1784953080000000,64122.53000000,64122.53000000,64122.52000000,64122.53000000,1.90768000,1784953139999999,122325.26228510,204,1.33315000,85484.95086950,0
1784953140000000,64122.53000000,64122.53000000,64114.55000000,64114.55000000,3.42442000,1784953199999999,219571.70367070,938,1.23616000,79258.43402560,0
1784953200000000,64114.55000000,64114.56000000,64110.00000000,64110.00000000,2.17375000,1784953259999999,139364.97425320,649,0.27933000,17907.93592360,0
1784953260000000,64110.00000000,64110.01000000,64110.00000000,64110.01000000,0.77394000,1784953319999999,49617.29512120,293,0.17212000,11034.61492120,0
1784953320000000,64110.00000000,64110.01000000,64110.00000000,64110.01000000,0.41075000,1784953379999999,26333.18456300,219,0.20630000,13225.89506300,0
1784953380000000,64110.00000000,64110.01000000,64110.00000000,64110.01000000,1.87905000,1784953439999999,120465.89745460,106,0.19546000,12530.94255460,0
1784953440000000,64110.00000000,64110.01000000,64102.40000000,64102.41000000,7.05582000,1784953499999999,452303.84898950,881,5.58725000,358158.51691250,0
1784953500000000,64102.41000000,64113.62000000,64102.40000000,64113.62000000,4.97763000,1784953559999999,319108.72154540,825,3.67317000,235476.52579130,0
1784953560000000,64113.61000000,64113.63000000,64113.61000000,64113.62000000,0.53873000,1784953619999999,34539.93106350,169,0.43491000,27883.65603550,0
1784953620000000,64113.63000000,64113.63000000,64112.11000000,64112.11000000,1.34339000,1784953679999999,86129.24898900,728,0.20568000,13186.77740120,0
1784953680000000,64112.12000000,64112.12000000,64111.08000000,64111.09000000,0.85170000,1784953739999999,54603.88552470,282,0.27650000,17726.81359640,0
1784953740000000,64111.08000000,64111.08000000,64098.20000000,64104.98000000,11.21384000,1784953799999999,718830.27856390,926,2.98688000,191462.12084710,0
1784953800000000,64104.98000000,64105.07000000,64104.98000000,64105.07000000,0.79133000,1784953859999999,50728.23421610,228,0.48701000,31219.79919130,0
1784953860000000,64105.07000000,64106.08000000,64105.06000000,64106.08000000,1.40235000,1784953919999999,89897.86216540,211,1.16276000,74538.92400600,0
1784953920000000,64106.08000000,64113.17000000,64106.08000000,64110.08000000,2.43430000,1784953979999999,156061.62148840,1191,1.45763000,93445.46020790,0
1784953980000000,64110.07000000,64110.08000000,64101.45000000,64101.47000000,1.29298000,1784954039999999,82887.93979260,729,0.14293000,9162.54448880,0
1784954040000000,64101.47000000,64101.48000000,64093.21000000,64093.22000000,1.83637000,1784954099999999,117709.03743810,1066,0.32384000,20756.91280130,0
1784954100000000,64093.21000000,64106.50000000,64085.15000000,64106.50000000,7.40551000,1784954159999999,474610.38272990,1767,6.29842000,403655.02180070,0
1784954160000000,64106.50000000,64122.53000000,64106.49000000,64122.53000000,3.28814000,1784954219999999,210809.63447710,1296,2.99563000,192056.31815740,0
1784954220000000,64122.53000000,64129.99000000,64122.52000000,64129.98000000,1.74142000,1784954279999999,111669.36538960,466,1.01343000,64986.28433020,0
1784954280000000,64129.98000000,64130.51000000,64129.98000000,64130.50000000,0.93350000,1784954339999999,59865.75286140,213,0.60229000,38625.09038280,0
1784954340000000,64130.51000000,64134.30000000,64130.50000000,64134.30000000,1.14730000,1784954399999999,73578.98449550,356,0.90519000,58052.34143610,0
1784954400000000,64134.30000000,64134.58000000,64134.29000000,64134.57000000,0.84172000,1784954459999999,53983.28645210,197,0.66060000,42367.23353130,0
1784954460000000,64134.58000000,64150.83000000,64134.57000000,64150.83000000,5.49311000,1784954519999999,352351.58472650,994,4.66447000,299205.35043420,0
1784954520000000,64150.83000000,64187.47000000,64150.82000000,64187.47000000,17.25710000,1784954579999999,1107426.80242540,1779,16.65499000,1068782.56103190,0
1784954580000000,64187.46000000,64190.13000000,64187.46000000,64188.07000000,4.91789000,1784954639999999,315675.15363440,722,3.49215000,224157.19009810,0
1784954640000000,64188.07000000,64190.01000000,64188.06000000,64190.01000000,2.01481000,1784954699999999,129328.47469410,317,1.76118000,113048.00798450,0
1784954700000000,64190.00000000,64191.00000000,64190.00000000,64190.99000000,1.54804000,1784954759999999,99369.15524130,279,1.41603000,90895.40254240,0
1784954760000000,64191.00000000,64191.00000000,64190.99000000,64190.99000000,3.73566000,1784954819999999,239795.74760700,218,3.39036000,217630.59876000,0
1784954820000000,64191.00000000,64191.00000000,64188.07000000,64188.07000000,4.39578000,1784954879999999,282166.81679780,1068,0.38394000,24645.37316660,0
1784954880000000,64188.07000000,64190.94000000,64182.00000000,64190.94000000,7.17931000,1784954939999999,460821.45536440,622,6.78478000,435497.77976320,0
1784954940000000,64190.93000000,64190.94000000,64190.93000000,64190.94000000,0.48721000,1784954999999999,31274.46518030,151,0.21750000,13961.52945000,0
1784955000000000,64190.94000000,64191.00000000,64190.93000000,64191.00000000,1.66265000,1784955059999999,106727.12730260,298,1.01836000,65369.53498170,0
1784955060000000,64191.00000000,64200.00000000,64190.99000000,64200.00000000,6.11208000,1784955119999999,392347.46924470,399,5.47514000,351458.89320410,0
1784955120000000,64199.99000000,64205.67000000,64162.07000000,64162.07000000,6.00615000,1784955179999999,385517.15975410,1792,0.90671000,58201.24001430,0
1784955180000000,64162.08000000,64162.08000000,64162.07000000,64162.07000000,0.31496000,1784955239999999,20208.48738710,134,0.18199000,11676.85693920,0
1784955240000000,64162.08000000,64162.08000000,64158.00000000,64158.01000000,1.98665000,1784955299999999,127462.64257740,754,0.49562000,31799.04527400,0
1784955300000000,64158.01000000,64158.01000000,64155.88000000,64155.89000000,1.93414000,1784955359999999,124088.88648740,497,0.12999000,8339.78547810,0
1784955360000000,64155.88000000,64155.89000000,64155.88000000,64155.89000000,2.34143000,1784955419999999,150216.52133150,108,1.92231000,123327.50890590,0
1784955420000000,64155.88000000,64155.89000000,64150.05000000,64150.05000000,0.81729000,1784955479999999,52433.03321940,454,0.17549000,11258.34816900,0
1784955480000000,64150.06000000,64153.84000000,64150.05000000,64153.83000000,0.66838000,1784955539999999,42877.29517030,247,0.60685000,38929.93968340,0
1784955540000000,64153.84000000,64181.46000000,64153.83000000,64181.46000000,6.42489000,1784955599999999,412247.11773350,836,5.81894000,373372.41101310,0
1784955600000000,64181.45000000,64191.09000000,64181.45000000,64191.08000000,0.72556000,1784955659999999,46572.09971380,507,0.61877000,39717.35010970,0
1784955660000000,64191.09000000,64199.76000000,64191.08000000,64194.76000000,2.17425000,1784955719999999,139578.50228750,728,0.54263000,34834.00064150,0
1784955720000000,64194.77000000,64194.77000000,64193.99000000,64194.00000000,1.18845000,1784955779999999,76291.82491030,675,0.23318000,14968.75873350,0
1784955780000000,64193.99000000,64194.00000000,64189.55000000,64189.55000000,1.40724000,1784955839999999,90333.85502980,431,0.16724000,10735.44416520,0
1784955840000000,64189.55000000,64189.56000000,64172.98000000,64172.99000000,9.11612000,1784955899999999,585047.16933360,1217,0.14345000,9207.50000840,0
1784955900000000,64172.98000000,64172.99000000,64172.40000000,64172.41000000,0.46060000,1784955959999999,29558.03813420,397,0.14785000,9487.95617770,0
1784955960000000,64172.41000000,64172.41000000,64166.60000000,64166.61000000,0.69172000,1784956019999999,44387.06581320,325,0.17986000,11541.49874260,0
1784956020000000,64166.61000000,64166.61000000,64166.60000000,64166.60000000,0.53954000,1784956079999999,34620.44859190,97,0.12279000,7879.01804190,0
1784956080000000,64166.61000000,64166.61000000,64166.60000000,64166.60000000,0.26526000,1784956139999999,17020.83403300,129,0.17170000,11017.40693700,0
1784956140000000,64166.60000000,64180.01000000,64160.00000000,64180.00000000,25.86270000,1784956199999999,1659599.61267680,1079,24.04461000,1542931.72332690,0
1784956200000000,64180.00000000,64180.01000000,64177.24000000,64177.24000000,0.80022000,1784956259999999,51357.17451740,294,0.21236000,13628.94295480,0
1784956260000000,64177.24000000,64177.25000000,64159.18000000,64159.19000000,4.47815000,1784956319999999,287364.09857920,753,1.26964000,81474.54929100,0
1784956320000000,64159.18000000,64159.19000000,64149.37000000,64149.37000000,5.17752000,1784956379999999,332157.53080740,585,0.26460000,16974.09508160,0
1784956380000000,64149.38000000,64150.00000000,64149.37000000,64149.99000000,2.50657000,1784956439999999,160796.13878530,221,2.02225000,129727.01805200,0
1784956440000000,64149.99000000,64150.00000000,64149.99000000,64149.99000000,0.64063000,1784956499999999,41096.41327740,132,0.51837000,33253.43550000,0
1784956500000000,64150.00000000,64150.00000000,64149.99000000,64150.00000000,0.30679000,1784956559999999,19680.57744700,96,0.20149000,12925.58350000,0
1784956560000000,64150.00000000,64150.00000000,64149.99000000,64149.99000000,0.65132000,1784956619999999,41782.17721770,156,0.57309000,36763.72350000,0
1784956620000000,64150.00000000,64150.00000000,64149.99000000,64150.00000000,0.47589000,1784956679999999,30528.34042580,176,0.16847000,10807.35050000,0
1784956680000000,64150.00000000,64150.00000000,64149.99000000,64149.99000000,0.66656000,1784956739999999,42759.82071570,210,0.33813000,21691.03950000,0
1784956740000000,64150.00000000,64150.00000000,64139.99000000,64140.00000000,11.01585000,1784956799999999,706618.98138830,1050,1.40879000,90362.01990550,0
1784956800000000,64139.99000000,64151.92000000,64139.99000000,64151.91000000,3.42341000,1784956859999999,219602.49213320,673,2.91569000,187032.20603170,0
1784956860000000,64151.92000000,64151.92000000,64150.94000000,64151.06000000,1.25845000,1784956919999999,80731.13325920,456,0.76500000,49075.49938450,0
1784956920000000,64151.07000000,64154.00000000,64151.06000000,64154.00000000,0.53375000,1784956979999999,34241.75697810,337,0.47328000,30362.41642030,0
1784956980000000,64153.99000000,64155.51000000,64153.99000000,64155.51000000,1.15983000,1784957039999999,74408.18636360,268,0.64790000,41565.80518030,0
1784957040000000,64155.50000000,64155.51000000,64155.50000000,64155.51000000,1.35206000,1784957099999999,86742.08740410,219,0.20741000,13306.49432910,0
1784957100000000,64155.51000000,64155.51000000,64155.50000000,64155.51000000,1.51544000,1784957159999999,97223.82493030,152,1.40103000,89883.79417530,0
1784957160000000,64155.50000000,64155.51000000,64155.50000000,64155.50000000,4.00592000,1784957219999999,257001.83919770,165,3.86377000,247882.13487270,0
1784957220000000,64155.51000000,64155.51000000,64155.50000000,64155.50000000,0.50504000,1784957279999999,32401.09540190,115,0.16819000,10790.31522690,0
1784957280000000,64155.51000000,64155.51000000,64150.55000000,64150.56000000,2.98611000,1784957339999999,191573.91489810,839,0.32655000,20949.85323900,0
1784957340000000,64150.55000000,64150.56000000,64150.55000000,64150.56000000,0.32968000,1784957399999999,21149.15457830,115,0.12543000,8046.40474080,0
1784957400000000,64150.55000000,64150.56000000,64146.25000000,64146.26000000,3.68748000,1784957459999999,236552.94573830,572,0.18850000,12092.33300200,0
1784957460000000,64146.25000000,64146.26000000,64145.60000000,64145.60000000,0.50404000,1784957519999999,32332.18027300,231,0.13891000,8910.50823310,0
1784957520000000,64145.60000000,64145.61000000,64145.10000000,64145.18000000,1.11823000,1784957579999999,71729.48396160,414,0.26377000,16919.68681470,0
1784957580000000,64145.18000000,64145.18000000,64133.50000000,64133.50000000,2.32107000,1784957639999999,148877.07638860,642,0.37222000,23875.58467500,0
1784957640000000,64133.51000000,64133.51000000,64103.67000000,64103.67000000,2.96794000,1784957699999999,190306.62301900,1040,0.27717000,17774.31161490,0
1784957700000000,64103.65000000,64103.65000000,64083.08000000,64083.08000000,5.51512000,1784957759999999,353472.70450490,830,1.55202000,99468.61759050,0
1784957760000000,64083.09000000,64083.09000000,64060.09000000,64060.10000000,5.80297000,1784957819999999,371783.25517220,1202,0.81525000,52230.42553540,0
1784957820000000,64060.09000000,64060.10000000,64041.98000000,64043.76000000,9.02460000,1784957879999999,578010.22130500,866,0.12101000,7751.18622930,0
1784957880000000,64043.77000000,64043.77000000,64035.90000000,64035.90000000,4.71239000,1784957939999999,301774.31536960,750,0.29584000,18945.90499780,0
1784957940000000,64035.90000000,64035.91000000,64030.00000000,64030.01000000,0.66026000,1784957999999999,42278.36132560,316,0.25623000,16407.09510130,0
1784958000000000,64030.01000000,64030.01000000,64021.76000000,64021.77000000,6.98618000,1784958059999999,447280.27473010,748,0.56108000,35921.79234880,0
1784958060000000,64021.77000000,64035.21000000,64021.76000000,64035.20000000,2.42119000,1784958119999999,155018.31348550,749,1.78440000,114249.32173920,0
1784958120000000,64035.20000000,64035.21000000,64030.92000000,64030.96000000,8.55218000,1784958179999999,547630.36232250,663,1.20997000,77480.57903070,0
1784958180000000,64030.97000000,64036.90000000,64030.96000000,64036.90000000,2.59343000,1784958239999999,166072.35924580,341,2.44820000,156772.34450980,0
1784958240000000,64036.90000000,64036.90000000,64036.89000000,64036.89000000,2.05712000,1784958299999999,131731.57594510,165,0.87883000,56277.54882700,0
1784958300000000,64036.90000000,64036.90000000,64036.89000000,64036.90000000,0.47317000,1784958359999999,30300.33775820,115,0.25169000,16117.44736100,0
1784958360000000,64036.90000000,64036.90000000,64036.89000000,64036.89000000,0.85257000,1784958419999999,54595.93447430,210,0.31670000,20280.48623000,0
1784958420000000,64036.89000000,64036.90000000,64036.89000000,64036.90000000,2.18164000,1784958479999999,139705.44218860,558,0.14890000,9535.09441000,0
1784958480000000,64036.89000000,64036.90000000,64036.89000000,64036.90000000,1.47680000,1784958539999999,94569.68178160,521,0.26296000,16839.14322400,0
1784958540000000,64036.89000000,64046.01000000,64030.00000000,64046.01000000,32.22767000,1784958599999999,2063767.19409250,1613,21.59309000,1382708.69754460,0
1784958600000000,64046.01000000,64046.01000000,64043.43000000,64043.43000000,1.12910000,1784958659999999,72312.69904900,288,0.32607000,20882.67072050,0
1784958660000000,64043.44000000,64043.44000000,64029.99000000,64030.00000000,12.16711000,1784958719999999,779166.82440110,591,4.22252000,270422.69053760,0
1784958720000000,64029.99000000,64030.00000000,64020.00000000,64020.00000000,9.07351000,1784958779999999,580965.94018760,1027,0.45494000,29128.29873890,0
1784958780000000,64020.00000000,64020.01000000,63980.01000000,63990.00000000,23.06814000,1784958839999999,1476304.35230800,2608,3.05742000,195639.55535870,0
1784958840000000,63989.99000000,64014.58000000,63989.99000000,64014.57000000,2.73876000,1784958899999999,175305.31029930,1012,1.68096000,107591.33189670,0
1784958900000000,64014.58000000,64014.58000000,64014.57000000,64014.58000000,2.10953000,1784958959999999,135040.65882510,262,0.29730000,19031.53463400,0
1784958960000000,64014.57000000,64014.58000000,64010.00000000,64010.00000000,2.90303000,1784959019999999,185835.97354160,896,0.64792000,41476.32320040,0
1784959020000000,64010.00000000,64027.96000000,64010.00000000,64027.95000000,7.51781000,1784959079999999,481287.68529320,725,7.33511000,469590.98706530,0
1784959080000000,64027.95000000,64027.96000000,64027.95000000,64027.95000000,0.66975000,1784959139999999,42882.72231070,132,0.27982000,17916.30376720,0
1784959140000000,64027.96000000,64027.96000000,64024.00000000,64024.00000000,1.89096000,1784959199999999,121073.78834560,834,0.19555000,12520.63510900,0
1784959200000000,64024.00000000,64024.01000000,64009.99000000,64010.00000000,3.79234000,1784959259999999,242778.28868040,822,0.31135000,19931.32206980,0
1784959260000000,64010.00000000,64027.33000000,64009.99000000,64027.32000000,13.14114000,1784959319999999,841206.65831490,1037,13.05459000,835665.97471950,0
1784959320000000,64027.33000000,64027.33000000,64027.32000000,64027.33000000,0.36808000,1784959379999999,23567.17747570,161,0.15301000,9796.82176330,0
1784959380000000,64027.33000000,64049.06000000,64027.32000000,64049.05000000,2.99128000,1784959439999999,191546.26091540,821,2.31933000,148518.23048450,0
1784959440000000,64049.05000000,64050.00000000,64049.05000000,64050.00000000,0.81383000,1784959499999999,52125.30258280,209,0.49019000,31396.44775560,0
1784959500000000,64049.99000000,64050.00000000,64049.99000000,64049.99000000,0.33183000,1784959559999999,21253.70944540,124,0.12637000,8093.99850000,0
1784959560000000,64049.99000000,64050.00000000,64036.16000000,64036.17000000,7.42805000,1784959619999999,475755.25669420,1248,3.13129000,200558.17775730,0
1784959620000000,64036.17000000,64046.64000000,64036.16000000,64046.64000000,1.52532000,1784959679999999,97684.95400700,557,1.29694000,83060.02621540,0
1784959680000000,64046.64000000,64048.67000000,64046.64000000,64048.67000000,1.77516000,1784959739999999,113695.79452380,459,1.65472000,105981.78900100,0
1784959740000000,64048.66000000,64053.03000000,64048.66000000,64053.03000000,0.85160000,1784959799999999,54545.08659190,521,0.75077000,48086.87821650,0
1784959800000000,64053.03000000,64053.03000000,64052.01000000,64052.01000000,3.02249000,1784959859999999,193598.11998170,1057,0.19039000,12194.93257340,0
1784959860000000,64052.02000000,64052.02000000,64052.01000000,64052.01000000,1.02513000,1784959919999999,65661.64120380,195,0.41925000,26853.80938500,0
1784959920000000,64052.02000000,64052.02000000,64052.01000000,64052.02000000,0.51423000,1784959979999999,32937.46735570,145,0.22534000,14433.48218680,0
1784959980000000,64052.02000000,64052.02000000,64052.01000000,64052.02000000,0.32196000,1784960039999999,20622.18704880,103,0.19092000,12228.81165840,0
1784960040000000,64052.02000000,64054.64000000,64052.01000000,64054.63000000,4.20786000,1784960099999999,269522.59316450,324,4.03800000,258642.62304430,0
1784960100000000,64054.64000000,64063.37000000,64052.01000000,64052.02000000,8.42449000,1784960159999999,539674.95212670,1619,3.59051000,230008.51317530,0
1784960160000000,64052.01000000,64052.02000000,64005.73000000,64013.99000000,17.37801000,1784960219999999,1112610.91755990,2127,1.59334000,101999.54119760,0
1784960220000000,64013.99000000,64034.00000000,64013.99000000,64033.99000000,1.81638000,1784960279999999,116294.11391770,947,1.66928000,106875.22502950,0
1784960280000000,64033.99000000,64048.06000000,64033.99000000,64048.06000000,5.27387000,1784960339999999,337733.33887970,1248,5.04767000,323247.62974010,0
1784960340000000,64048.06000000,64048.06000000,64040.88000000,64040.89000000,1.58365000,1784960399999999,101427.78591350,621,0.18317000,11731.67705570,0
1784960400000000,64040.88000000,64040.89000000,64033.00000000,64033.00000000,1.51100000,1784960459999999,96762.24733950,561,0.14124000,9045.05981320,0
1784960460000000,64033.01000000,64033.01000000,64022.00000000,64022.01000000,1.81878000,1784960519999999,116450.11458670,604,0.27434000,17563.86752340,0
1784960520000000,64022.01000000,64022.01000000,64022.00000000,64022.01000000,0.97595000,1784960579999999,62482.28016790,118,0.92679000,59334.95864790,0
1784960580000000,64022.00000000,64022.01000000,64000.09000000,64000.09000000,4.75533000,1784960639999999,304407.14067490,1288,0.12447000,7966.21997960,0
1784960640000000,64000.09000000,64000.10000000,63997.49000000,64000.01000000,16.75155000,1784960699999999,1072073.86301320,776,12.10113000,774447.45029770,0
1784960700000000,64000.01000000,64000.01000000,63994.17000000,63994.18000000,11.83835000,1784960759999999,757643.63974880,799,0.29911000,19142.29287340,0
1784960760000000,63994.18000000,63994.18000000,63979.99000000,63984.98000000,19.92991000,1784960819999999,1275252.82056150,1064,1.11301000,71212.25095520,0
1784960820000000,63984.98000000,64000.00000000,63984.97000000,64000.00000000,3.28600000,1784960879999999,210290.66113550,719,1.25943000,80592.77551270,0
1784960880000000,63999.99000000,64014.04000000,63999.99000000,64014.03000000,8.01864000,1784960939999999,513219.85873680,668,5.54333000,354796.49790990,0
1784960940000000,64014.03000000,64014.04000000,64012.00000000,64012.00000000,4.06406000,1784960999999999,260156.06970470,832,1.75369000,112260.46202170,0
1784961000000000,64012.00000000,64012.01000000,63978.41000000,63978.42000000,7.52668000,1784961059999999,481637.42641230,1612,2.09826000,134247.29383670,0
1784961060000000,63978.42000000,63993.22000000,63978.42000000,63993.21000000,7.65236000,1784961119999999,489646.75854130,1042,5.68750000,363909.27633830,0
1784961120000000,63993.21000000,63993.22000000,63993.21000000,63993.21000000,0.88804000,1784961179999999,56828.53442740,153,0.42190000,26998.73951800,0
1784961180000000,63993.21000000,63993.22000000,63967.72000000,63978.65000000,8.44908000,1784961239999999,540572.40328190,2564,3.98369000,254852.94984630,0
1784961240000000,63978.65000000,63988.00000000,63978.65000000,63988.00000000,2.69989000,1784961299999999,172737.17494260,577,1.53783000,98389.93453270,0
1784961300000000,63988.00000000,63988.00000000,63980.66000000,63980.66000000,2.53860000,1784961359999999,162432.36426890,779,0.67907000,43449.30709520,0
1784961360000000,63980.67000000,63993.52000000,63980.66000000,63993.52000000,2.54323000,1784961419999999,162737.49384010,672,2.15298000,137764.47645530,0
1784961420000000,63993.52000000,64004.76000000,63993.51000000,64004.75000000,2.46237000,1784961479999999,157588.86292960,742,2.14979000,137584.86308760,0
1784961480000000,64004.75000000,64020.96000000,64004.75000000,64020.95000000,1.98110000,1784961539999999,126818.67700720,814,1.70116000,108897.61399370,0
1784961540000000,64020.96000000,64027.64000000,64020.95000000,64027.64000000,2.88419000,1784961599999999,184660.50189250,507,2.74704000,175879.30016680,0
1784961600000000,64027.63000000,64027.64000000,64019.01000000,64019.01000000,4.37517000,1784961659999999,280121.91949050,1401,0.38357000,24556.27371970,0
1784961660000000,64019.01000000,64019.02000000,64010.00000000,64010.01000000,4.19718000,1784961719999999,268689.43917020,1015,0.35240000,22559.61791470,0
1784961720000000,64010.00000000,64010.00000000,63988.00000000,63988.01000000,3.09721000,1784961779999999,198213.63782390,938,0.63846000,40859.22823600,0
1784961780000000,63988.01000000,63988.01000000,63988.00000000,63988.01000000,0.56082000,1784961839999999,35885.75355620,202,0.33962000,21731.60795620,0
1784961840000000,63988.01000000,63999.11000000,63988.00000000,63991.43000000,4.66612000,1784961899999999,298599.44440360,947,2.87811000,184174.06932660,0
1784961900000000,63991.42000000,63991.43000000,63991.42000000,63991.42000000,0.97343000,1784961959999999,62291.17203750,194,0.40669000,26024.67466670,0
1784961960000000,63991.43000000,63991.43000000,63977.78000000,63977.79000000,3.93288000,1784962019999999,251655.80576270,1432,0.46482000,29740.54878000,0
1784962020000000,63977.78000000,63977.79000000,63970.00000000,63970.01000000,3.94976000,1784962079999999,252690.88440780,730,1.47241000,94200.50202250,0
1784962080000000,63970.01000000,63970.01000000,63964.57000000,63964.58000000,5.15275000,1784962139999999,329607.91103490,817,0.37893000,24239.25217440,0
1784962140000000,63964.57000000,63970.00000000,63964.57000000,63966.01000000,3.55919000,1784962199999999,227673.74637440,1202,1.02002000,65247.07604110,0
1784962200000000,63966.00000000,63966.01000000,63966.00000000,63966.01000000,2.00342000,1784962259999999,128150.77046330,272,0.67433000,43134.19952330,0
1784962260000000,63966.01000000,63966.01000000,63966.00000000,63966.01000000,0.94524000,1784962319999999,60463.22880160,220,0.69616000,44530.57752160,0
1784962320000000,63966.00000000,63972.36000000,63966.00000000,63972.36000000,3.61951000,1784962379999999,231529.68037770,560,2.57021000,164407.97831870,0
1784962380000000,63972.35000000,63985.88000000,63972.35000000,63985.88000000,2.88478000,1784962439999999,184566.83214070,733,1.96391000,125649.80409280,0
1784962440000000,63985.87000000,63989.44000000,63985.87000000,63989.44000000,0.87206000,1784962499999999,55802.31739610,275,0.51694000,33078.40222850,0
1784962500000000,63989.44000000,63989.44000000,63989.43000000,63989.43000000,0.67428000,1784962559999999,43146.79690130,165,0.40409000,25857.49280960,0
1784962560000000,63989.44000000,63989.44000000,63989.43000000,63989.43000000,1.20135000,1784962619999999,76873.70586470,179,0.41342000,26454.51428480,0
1784962620000000,63989.44000000,63989.44000000,63989.43000000,63989.44000000,3.04245000,1784962679999999,194684.64540750,570,0.41040000,26261.26617600,0
1784962680000000,63989.44000000,63993.93000000,63989.43000000,63993.92000000,1.75086000,1784962739999999,112038.41973090,575,1.36313000,87227.46850330,0
1784962740000000,63993.93000000,64010.00000000,63993.93000000,64010.00000000,7.92731000,1784962799999999,507398.26384230,857,3.54034000,226601.19411260,0
1784962800000000,64010.00000000,64015.01000000,64009.99000000,64015.00000000,1.36012000,1784962859999999,87064.16884010,566,0.64273000,41143.56597340,0
1784962860000000,64015.01000000,64015.01000000,64015.00000000,64015.00000000,2.05763000,1784962919999999,131719.18839750,187,0.39475000,25269.92519750,0
1784962920000000,64015.01000000,64015.01000000,64012.43000000,64012.44000000,6.09634000,1784962979999999,390251.58598870,1026,0.76858000,49198.69390810,0
1784962980000000,64012.44000000,64012.44000000,64012.43000000,64012.43000000,0.58984000,1784963039999999,37757.09676870,136,0.50575000,32374.29153000,0
1784963040000000,64012.43000000,64028.66000000,64012.43000000,64015.93000000,15.23437000,1784963099999999,975368.12023360,1835,1.73506000,111078.72071240,0
1784963100000000,64015.92000000,64015.92000000,64015.69000000,64015.70000000,2.49221000,1784963159999999,159540.77339480,286,0.37117000,23760.70736900,0
1784963160000000,64015.70000000,64021.10000000,64015.69000000,64021.10000000,4.90901000,1784963219999999,314274.09578270,659,1.88468000,120654.18191390,0
1784963220000000,64021.09000000,64021.10000000,64021.09000000,64021.09000000,1.79597000,1784963279999999,114979.97283790,134,1.58306000,101349.24256600,0
1784963280000000,64021.10000000,64021.10000000,64021.09000000,64021.09000000,6.91372000,1784963339999999,442623.92051770,253,3.01629000,193106.20371900,0
1784963340000000,64021.09000000,64021.10000000,64018.10000000,64018.10000000,2.45167000,1784963399999999,156956.22693590,825,0.42736000,27359.47238970,0
1784963400000000,64018.10000000,64018.11000000,64018.10000000,64018.11000000,1.05392000,1784963459999999,67469.95909210,549,0.31401000,20102.32672110,0
1784963460000000,64018.11000000,64018.11000000,64018.10000000,64018.11000000,0.51119000,1784963519999999,32725.41597360,129,0.34346000,21987.66006060,0
1784963520000000,64018.11000000,64021.08000000,64018.10000000,64021.07000000,1.18098000,1784963579999999,75605.19411950,290,0.97555000,62453.87059750,0
1784963580000000,64021.07000000,64021.08000000,64021.07000000,64021.07000000,0.50887000,1784963639999999,32578.40546520,148,0.35743000,22883.05462440,0
1784963640000000,64021.07000000,64021.08000000,64021.07000000,64021.07000000,1.26063000,1784963699999999,80706.88501780,904,0.35437000,22687.15011960,0
1784963700000000,64021.07000000,64021.08000000,64021.07000000,64021.08000000,5.78159000,1784963759999999,370143.62163010,745,4.35288000,278676.07871040,0
1784963760000000,64021.07000000,64021.08000000,64021.07000000,64021.07000000,0.75129000,1784963819999999,48098.39307180,141,0.33915000,21712.74928200,0
1784963820000000,64021.08000000,64021.08000000,64016.57000000,64016.58000000,1.43625000,1784963879999999,91948.94128070,590,0.31080000,19897.27398900,0
1784963880000000,64016.58000000,64016.58000000,64002.93000000,64002.93000000,3.23734000,1784963939999999,207230.89123610,828,1.44333000,92394.05629110,0
1784963940000000,64002.94000000,64020.00000000,64000.00000000,64020.00000000,29.40573000,1784963999999999,1882342.72151250,1339,28.57589000,1829231.03051650,0
1784964000000000,64020.00000000,64020.00000000,64016.00000000,64016.01000000,3.43933000,1784964059999999,220179.56473600,383,1.14581000,73350.18749040,0
1784964060000000,64016.00000000,64016.01000000,64016.00000000,64016.00000000,0.70490000,1784964119999999,45124.88287430,189,0.44743000,28642.68335430,0
1784964120000000,64016.00000000,64029.63000000,64016.00000000,64029.63000000,6.33875000,1784964179999999,405860.56484970,698,1.23723000,79214.32548230,0
1784964180000000,64029.63000000,64029.65000000,64029.62000000,64029.65000000,0.94821000,1784964239999999,60713.54180780,233,0.71702000,45910.53109300,0
1784964240000000,64029.64000000,64038.00000000,64016.00000000,64016.01000000,47.13098000,1784964299999999,3017695.48148800,2176,3.59057000,229919.81340560,0
1784964300000000,64016.00000000,64022.89000000,64015.84000000,64022.88000000,15.98836000,1784964359999999,1023553.62307080,759,13.23472000,847265.22960340,0
1784964360000000,64022.89000000,64022.90000000,64018.89000000,64022.61000000,35.86733000,1784964419999999,2296251.05913720,1140,17.63305000,1128876.77963690,0
1784964420000000,64022.62000000,64023.64000000,64022.61000000,64023.63000000,7.32113000,1784964479999999,468718.66190730,602,3.66089000,234380.19326070,0
1784964480000000,64023.63000000,64028.68000000,64023.63000000,64028.68000000,1.65147000,1784964539999999,105739.20239180,627,1.30264000,83404.35550370,0
1784964540000000,64028.67000000,64028.68000000,64025.25000000,64025.26000000,1.38709000,1784964599999999,88812.47615450,334,0.54928000,35169.50293180,0
1784964600000000,64025.26000000,64025.26000000,64009.52000000,64014.00000000,5.30681000,1784964659999999,339708.96916400,1206,1.98878000,127305.65072710,0
1784964660000000,64013.99000000,64014.00000000,64009.00000000,64009.00000000,4.10941000,1784964719999999,263048.36573900,567,1.27723000,81754.94246020,0
1784964720000000,64009.01000000,64009.01000000,64003.23000000,64007.99000000,8.19057000,1784964779999999,524248.64116420,714,4.12098000,263761.50926410,0
1784964780000000,64007.99000000,64018.06000000,64007.98000000,64018.05000000,2.35388000,1784964839999999,150676.98465380,2267,1.76750000,113141.51137720,0
1784964840000000,64018.06000000,64028.00000000,64018.06000000,64028.00000000,15.13634000,1784964899999999,969085.56017590,1274,14.55548000,931899.56458750,0
1784964900000000,64028.00000000,64028.00000000,64027.03000000,64027.04000000,3.38428000,1784964959999999,216687.19757010,284,2.23638000,143190.01688640,0
1784964960000000,64027.04000000,64027.04000000,64027.03000000,64027.03000000,2.87303000,1784965019999999,183951.59639720,184,1.83963000,117786.06359520,0
1784965020000000,64027.04000000,64027.04000000,64027.03000000,64027.04000000,1.86213000,1784965079999999,119226.66530770,163,1.19338000,76408.58899520,0
1784965080000000,64027.04000000,64032.17000000,64027.03000000,64032.16000000,4.46438000,1784965139999999,285843.21020160,383,4.29426000,274950.69269330,0
1784965140000000,64032.16000000,64038.40000000,64032.16000000,64038.39000000,1.91920000,1784965199999999,122896.58533430,627,1.62483000,104045.87450920,0
1784965200000000,64038.39000000,64038.52000000,64028.20000000,64028.21000000,12.12503000,1784965259999999,776407.36357690,692,1.35381000,86689.25315570,0
1784965260000000,64028.21000000,64028.21000000,64028.20000000,64028.20000000,2.50623000,1784965319999999,160469.41414880,284,1.84628000,118214.00355880,0
1784965320000000,64028.20000000,64028.21000000,64028.20000000,64028.20000000,2.51048000,1784965379999999,160741.53203580,239,1.64998000,105645.26593580,0
1784965380000000,64028.20000000,64028.21000000,64028.20000000,64028.20000000,1.95339000,1784965439999999,125072.06037090,216,1.47729000,94588.23435090,0
1784965440000000,64028.20000000,64030.75000000,64028.20000000,64030.75000000,4.24485000,1784965499999999,271790.69413830,571,2.46637000,157917.74385680,0
1784965500000000,64030.75000000,64035.31000000,64030.74000000,64035.31000000,3.47454000,1784965559999999,222488.49582000,827,2.21214000,141650.82179970,0
1784965560000000,64035.30000000,64035.31000000,64035.30000000,64035.30000000,3.59256000,1784965619999999,230050.68151240,247,2.41444000,154609.41387640,0
1784965620000000,64035.31000000,64035.31000000,64035.30000000,64035.31000000,0.77473000,1784965679999999,49610.07460200,178,0.66330000,42474.62112300,0
1784965680000000,64035.30000000,64038.00000000,64035.30000000,64037.99000000,1.97368000,1784965739999999,126387.76650950,516,1.50426000,96327.55676840,0
1784965740000000,64037.99000000,64038.00000000,64004.85000000,64008.58000000,16.56576000,1784965799999999,1060700.37513000,1019,4.03858000,258603.72988670,0
1784965800000000,64008.57000000,64017.82000000,64008.57000000,64017.81000000,2.35042000,1784965859999999,150460.92539300,1244,2.15357000,137859.42781780,0
1784965860000000,64017.82000000,64021.96000000,64017.81000000,64021.96000000,1.80523000,1784965919999999,115567.64058110,1050,1.31362000,84095.82036840,0
1784965920000000,64021.95000000,64023.55000000,64021.95000000,64023.55000000,3.95670000,1784965979999999,253321.07087220,958,1.56062000,99915.93062010,0
1784965980000000,64023.55000000,64024.02000000,64023.54000000,64024.02000000,1.94673000,1784966039999999,124636.89863910,980,1.64359000,105228.77211990,0
1784966040000000,64024.01000000,64024.99000000,64024.01000000,64024.07000000,4.21321000,1784966099999999,269748.37034470,668,1.76761000,113170.12500410,0
1784966100000000,64024.07000000,64028.66000000,64024.07000000,64028.66000000,6.95508000,1784966159999999,445298.20252780,1050,6.59923000,422514.85647230,0
1784966160000000,64028.65000000,64029.70000000,64028.65000000,64029.70000000,3.49144000,1784966219999999,223553.50326790,974,2.74942000,176042.75365550,0
1784966220000000,64029.69000000,64029.70000000,64029.69000000,64029.69000000,4.60160000,1784966279999999,294639.06367080,256,4.21668000,269992.75539600,0
1784966280000000,64029.70000000,64029.70000000,64029.69000000,64029.69000000,1.59888000,1784966339999999,102375.80481980,233,1.40726000,90106.43562200,0
1784966340000000,64029.69000000,64035.15000000,64003.19000000,64003.20000000,68.31932000,1784966399999999,4373916.57267090,1542,21.20133000,1357296.03163240,0
1784966400000000,64003.20000000,64010.01000000,64000.00000000,64010.01000000,20.85284000,1784966459999999,1334657.63448210,507,17.48029000,1118803.53973980,0
1784966460000000,64010.00000000,64010.01000000,64000.01000000,64005.60000000,26.03381000,1784966519999999,1666278.10482180,693,20.57095000,1316605.04360950,0
1784966520000000,64005.59000000,64005.59000000,63972.00000000,63972.01000000,31.23946000,1784966579999999,1998854.80128220,1878,18.77917000,1201502.03501120,0
1784966580000000,63972.00000000,63972.01000000,63972.00000000,63972.01000000,3.07472000,1784966639999999,196695.99962070,136,1.17807000,75363.50582070,0
1784966640000000,63972.01000000,63972.01000000,63972.00000000,63972.01000000,0.93781000,1784966699999999,59993.58634790,166,0.50279000,32164.48690790,0
1784966700000000,63972.01000000,63972.01000000,63972.00000000,63972.01000000,3.74876000,1784966759999999,239815.69167640,205,1.69564000,108473.49903640,0
1784966760000000,63972.01000000,63972.01000000,63952.80000000,63952.80000000,6.43438000,1784966819999999,411545.22491710,966,0.81693000,52256.77463940,0
1784966820000000,63952.81000000,63952.81000000,63944.79000000,63949.40000000,6.77982000,1784966879999999,433565.40853670,880,2.28168000,145905.67036910,0
1784966880000000,63949.41000000,63949.41000000,63934.00000000,63939.13000000,9.19505000,1784966939999999,587937.49700790,1182,3.13853000,200667.72666480,0
1784966940000000,63939.12000000,63949.98000000,63939.12000000,63941.32000000,3.14846000,1784966999999999,201332.70095200,796,1.51442000,96840.38587130,0
1784967000000000,63941.32000000,63941.32000000,63941.31000000,63941.32000000,1.51081000,1784967059999999,96603.17407680,230,0.35157000,22479.84987240,0
1784967060000000,63941.32000000,63961.69000000,63941.31000000,63961.69000000,3.64722000,1784967119999999,233238.67066590,913,3.30954000,211643.22770890,0
1784967120000000,63961.68000000,63961.69000000,63919.91000000,63927.39000000,36.31044000,1784967179999999,2321478.40689830,1775,4.77392000,305199.37811340,0
1784967180000000,63927.38000000,63952.00000000,63927.38000000,63951.99000000,7.24159000,1784967239999999,463043.26182710,2030,3.95187000,252668.87227760,0
1784967240000000,63951.99000000,63961.68000000,63951.99000000,63961.68000000,3.78827000,1784967299999999,242273.78693740,1212,2.41862000,154681.47623560,0
1784967300000000,63961.68000000,63976.45000000,63961.67000000,63976.44000000,3.58058000,1784967359999999,229043.27593460,2234,3.00498000,192222.93864030,0
1784967360000000,63976.44000000,63984.24000000,63976.44000000,63984.23000000,2.14857000,1784967419999999,137465.57735500,1782,1.44309000,92329.20865070,0
1784967420000000,63984.23000000,63984.24000000,63984.23000000,63984.23000000,2.38583000,1784967479999999,152655.50743870,185,1.19778000,76639.04298720,0
1784967480000000,63984.23000000,63984.24000000,63980.00000000,63980.01000000,2.75089000,1784967539999999,176006.82578680,637,0.41813000,26752.06534320,0
1784967540000000,63980.00000000,63980.01000000,63980.00000000,63980.01000000,0.60011000,1784967599999999,38395.04179250,133,0.39925000,25544.01899250,0
1784967600000000,63980.00000000,63986.00000000,63980.00000000,63986.00000000,3.04361000,1784967659999999,194733.68983990,810,2.46590000,157771.17351240,0
1784967660000000,63986.00000000,63987.93000000,63985.99000000,63987.93000000,1.38312000,1784967719999999,88501.11296990,681,0.90344000,57808.02285780,0
1784967720000000,63987.92000000,63987.93000000,63974.24000000,63974.25000000,4.04299000,1784967779999999,258683.30288650,854,0.79814000,51066.62298810,0
1784967780000000,63974.25000000,63974.25000000,63974.24000000,63974.24000000,0.37977000,1784967839999999,24295.49930860,181,0.21838000,13970.69671500,0
1784967840000000,63974.25000000,63974.25000000,63974.24000000,63974.25000000,0.70279000,1784967899999999,44960.45992330,212,0.37937000,24269.91122250,0
1784967900000000,63974.25000000,63977.76000000,63974.24000000,63977.75000000,2.40597000,1784967959999999,153921.60627040,485,2.09746000,134184.54844240,0
1784967960000000,63977.76000000,63985.82000000,63977.75000000,63985.81000000,2.81523000,1784968019999999,180121.51287330,534,2.48798000,159182.68677630,0
1784968020000000,63985.81000000,63985.82000000,63985.81000000,63985.82000000,0.86208000,1784968079999999,55160.89136740,154,0.42826000,27402.56727320,0
1784968080000000,63985.82000000,63996.00000000,63985.81000000,63995.99000000,2.30715000,1784968139999999,147635.47870470,507,1.97147000,126154.73180720,0
1784968140000000,63996.00000000,63996.96000000,63995.99000000,63996.95000000,2.11268000,1784968199999999,135204.02773920,323,1.13168000,72423.70066760,0
1784968200000000,63996.95000000,64005.40000000,63986.00000000,63991.48000000,17.61665000,1784968259999999,1127429.13459500,1147,3.22271000,206239.35692310,0
1784968260000000,63991.47000000,63991.48000000,63991.47000000,63991.47000000,0.77865000,1784968319999999,49826.96419210,158,0.60766000,38885.06273680,0
1784968320000000,63991.48000000,63991.48000000,63991.47000000,63991.47000000,0.83824000,1784968379999999,53640.21626780,180,0.64550000,41306.50034000,0
1784968380000000,63991.48000000,64003.46000000,63991.47000000,64003.45000000,1.90803000,1784968439999999,122113.71315060,706,1.42765000,91368.52829550,0
1784968440000000,64003.46000000,64003.46000000,63988.00000000,63990.00000000,8.10066000,1784968499999999,518370.58168910,1292,5.19074000,332151.28297220,0
1784968500000000,63990.01000000,63990.01000000,63972.78000000,63972.79000000,2.08943000,1784968559999999,133686.01369090,1032,0.68533000,43847.30001990,0
1784968560000000,63972.79000000,63972.79000000,63965.92000000,63965.93000000,3.54094000,1784968619999999,226517.51140840,1317,1.25680000,80398.76552100,0
1784968620000000,63965.92000000,63965.92000000,63961.68000000,63961.69000000,4.55755000,1784968679999999,291512.44334770,522,0.58865000,37651.80210160,0
1784968680000000,63961.69000000,63961.69000000,63960.64000000,63960.64000000,1.26693000,1784968739999999,81033.92581050,322,0.73271000,46864.62839110,0
1784968740000000,63960.65000000,63960.65000000,63960.64000000,63960.64000000,0.85833000,1784968799999999,54899.33906720,201,0.29360000,18778.84684000,0
1784968800000000,63960.65000000,63969.66000000,63960.64000000,63969.66000000,2.89912000,1784968859999999,185437.46258460,736,2.50198000,160034.33612230,0
1784968860000000,63969.65000000,63989.58000000,63969.65000000,63976.07000000,14.69664000,1784968919999999,940279.96281910,478,14.45892000,925071.68408790,0
1784968920000000,63976.06000000,63980.50000000,63976.06000000,63980.50000000,3.41630000,1784968979999999,218569.32143890,629,2.64814000,169422.55899170,0
1784968980000000,63980.49000000,63980.50000000,63958.40000000,63958.41000000,6.04592000,1784969039999999,386746.01664610,1051,0.87777000,56145.69561650,0
1784969040000000,63958.40000000,63958.40000000,63954.00000000,63957.27000000,3.63860000,1784969099999999,232711.68443310,760,2.31427000,148011.73075440,0
1784969100000000,63957.28000000,63961.13000000,63919.95000000,63932.97000000,19.28650000,1784969159999999,1233176.87848970,2738,8.06932000,515944.58109100,0
1784969160000000,63932.97000000,63954.00000000,63932.97000000,63953.99000000,10.42109000,1784969219999999,666400.81774670,1129,5.63963000,360630.25765660,0
1784969220000000,63953.99000000,63959.12000000,63953.99000000,63959.12000000,6.10475000,1784969279999999,390447.48853680,455,2.64076000,168898.01869860,0
1784969280000000,63959.12000000,63959.12000000,63927.59000000,63930.00000000,7.73741000,1784969339999999,494791.35158230,1438,1.52248000,97350.93911380,0
1784969340000000,63930.00000000,63930.00000000,63868.69000000,63868.70000000,16.62946000,1784969399999999,1062583.94942270,3242,5.39038000,344418.07752030,0
1784969400000000,63868.70000000,63879.89000000,63868.70000000,63877.33000000,2.75581000,1784969459999999,176029.56020790,656,2.25554000,144073.11023830,0
1784969460000000,63877.33000000,63877.33000000,63866.00000000,63866.01000000,9.60678000,1784969519999999,613631.17763260,1102,2.06017000,131593.61670330,0
1784969520000000,63866.00000000,63866.01000000,63810.00000000,63810.01000000,43.88928000,1784969579999999,2801953.34529440,3111,7.35321000,469259.08144680,0
1784969580000000,63810.01000000,63827.66000000,63810.00000000,63827.66000000,5.68113000,1784969639999999,362553.85927930,898,5.41300000,345443.50335780,0
1784969640000000,63827.65000000,63827.66000000,63810.00000000,63810.01000000,11.52862000,1784969699999999,735780.07297790,1865,1.42739000,91099.20720670,0
1784969700000000,63810.01000000,63822.77000000,63810.00000000,63822.77000000,5.68116000,1784969759999999,362529.80234130,776,2.96873000,189444.67675310,0
1784969760000000,63822.77000000,63890.01000000,63822.76000000,63866.69000000,9.89004000,1784969819999999,631566.61313010,2804,7.54496000,481809.03512470,0
1784969820000000,63866.70000000,63884.17000000,63866.69000000,63883.07000000,13.87628000,1784969879999999,886436.22822350,1802,7.05392000,450604.69367950,0
1784969880000000,63883.07000000,63884.01000000,63842.00000000,63842.15000000,47.56913000,1784969939999999,3038203.46111600,2367,17.43044000,1113285.85150110,0
1784969940000000,63842.16000000,63876.07000000,63842.16000000,63876.06000000,29.15474000,1784969999999999,1861925.34369630,3608,15.73848000,1005109.25217180,0
1784970000000000,63876.07000000,63905.50000000,63876.07000000,63905.50000000,2.78894000,1784970059999999,178185.67647920,3070,1.98497000,126818.95357960,0
1784970060000000,63905.51000000,63918.00000000,63905.51000000,63916.73000000,21.46895000,1784970119999999,1372206.06151000,4601,10.92309000,698156.60400540,0
1784970120000000,63916.73000000,63916.73000000,63876.00000000,63876.00000000,32.84225000,1784970179999999,2098860.62859490,3714,14.40267000,920461.40530500,0
1784970180000000,63876.01000000,63876.01000000,63874.04000000,63874.05000000,23.24736000,1784970239999999,1484936.10375020,1058,11.81185000,754487.48573530,0
1784970240000000,63874.05000000,63874.05000000,63834.01000000,63843.53000000,29.37244000,1784970299999999,1875365.58902570,3039,13.21196000,843528.46834450,0
1784970300000000,63843.54000000,63854.53000000,63836.31000000,63837.19000000,36.26254000,1784970359999999,2315184.72939850,3815,22.38062000,1428844.36721720,0
1784970360000000,63837.20000000,63838.03000000,63830.53000000,63830.53000000,28.37121000,1784970419999999,1811154.64587130,1912,13.90938000,887943.63861030,0
1784970420000000,63830.54000000,63845.34000000,63830.00000000,63845.33000000,25.95655000,1784970479999999,1657055.98140690,3557,15.02184000,958981.57466740,0
1784970480000000,63845.33000000,63850.01000000,63845.33000000,63850.00000000,33.77984000,1784970539999999,2156756.31250560,2080,21.03345000,1342936.45957810,0
1784970540000000,63850.01000000,63857.32000000,63850.00000000,63857.31000000,20.27620000,1784970599999999,1294658.47026710,2672,10.90949000,696583.82420210,0
1784970600000000,63857.32000000,63865.01000000,63849.01000000,63850.00000000,32.28805000,1784970659999999,2061658.27489290,3173,14.44830000,922549.73005210,0
1784970660000000,63850.00000000,63854.61000000,63850.00000000,63854.60000000,20.27834000,1784970719999999,1294818.35261370,1327,11.76076000,750950.09566320,0
1784970720000000,63854.61000000,63854.92000000,63854.60000000,63854.91000000,21.27412000,1784970779999999,1358454.72062870,1231,10.39065000,663492.86097050,0
1784970780000000,63854.92000000,63856.77000000,63854.91000000,63856.77000000,18.17815000,1784970839999999,1160772.11451970,2508,9.71604000,620421.24613500,0
1784970840000000,63856.77000000,63873.17000000,63856.76000000,63873.17000000,17.57683000,1784970899999999,1122603.97451280,2996,9.71187000,620278.13402520,0
1784970900000000,63873.18000000,63886.16000000,63873.18000000,63886.15000000,11.92322000,1784970959999999,761630.79851100,4670,5.79000000,369855.35362270,0
1784970960000000,63886.16000000,63891.93000000,63886.15000000,63891.92000000,18.90112000,1784971019999999,1207572.06189710,2337,10.39798000,664315.36737820,0
1784971020000000,63891.93000000,63923.99000000,63891.92000000,63922.72000000,18.01834000,1784971079999999,1151602.94066250,3782,9.61624000,614589.59068850,0
1784971080000000,63922.73000000,63922.73000000,63901.93000000,63906.72000000,29.61694000,1784971139999999,1892752.56281960,3485,13.38096000,855132.07914210,0
1784971140000000,63906.72000000,63907.70000000,63899.28000000,63899.28000000,12.81900000,1784971199999999,819197.30842530,1283,6.46548000,413177.21465590,0
1784971200000000,63899.29000000,63899.29000000,63884.80000000,63884.81000000,5.43609000,1784971259999999,347304.56480430,734,2.12487000,135754.03313860,0
1784971260000000,63884.81000000,63884.81000000,63884.78000000,63884.78000000,19.72654000,1784971319999999,1260225.85809840,1022,9.13631000,583671.28430110,0
1784971320000000,63884.79000000,63884.79000000,63884.78000000,63884.78000000,21.43201000,1784971379999999,1369179.35399800,796,11.01902000,703947.77870580,0
1784971380000000,63884.79000000,63896.01000000,63884.78000000,63896.00000000,24.68604000,1784971439999999,1577201.88250120,1477,12.91006000,824832.27082740,0
1784971440000000,63896.01000000,63928.09000000,63896.00000000,63928.09000000,41.22451000,1784971499999999,2634533.86930490,4273,22.80004000,1457079.35833920,0
1784971500000000,63928.09000000,63931.54000000,63922.72000000,63922.73000000,50.25312000,1784971559999999,3212393.64365340,2042,23.94753000,1530824.90026690,0
1784971560000000,63922.72000000,63922.73000000,63922.71000000,63922.72000000,37.00803000,1784971619999999,2365653.76862990,1702,19.12115000,1222275.92036050,0
1784971620000000,63922.72000000,63930.88000000,63922.71000000,63930.88000000,66.08539000,1784971679999999,4224418.36890910,2382,33.81290000,2161444.80487880,0
1784971680000000,63930.87000000,63942.00000000,63930.87000000,63941.99000000,24.28652000,1784971739999999,1552818.54544180,2818,12.54750000,802250.96751990,0
1784971740000000,63942.00000000,63942.00000000,63941.99000000,63941.99000000,20.39118000,1784971799999999,1303852.73161250,669,10.39643000,664768.52706000,0
1784971800000000,63941.99000000,63944.00000000,63941.99000000,63943.99000000,20.01286000,1784971859999999,1279668.08095230,1896,10.58406000,676769.10740020,0
1784971860000000,63944.00000000,63944.01000000,63943.99000000,63943.99000000,18.65245000,1784971919999999,1192712.27633390,788,9.10980000,582517.10406150,0
1784971920000000,63943.99000000,63944.00000000,63943.99000000,63943.99000000,21.63371000,1784971979999999,1383345.84542160,728,10.95187000,700306.37528000,0
1784971980000000,63944.00000000,63944.00000000,63943.99000000,63944.00000000,1.43004000,1784972039999999,91442.47164080,204,0.81812000,52313.86528000,0
1784972040000000,63944.00000000,63947.81000000,63935.80000000,63935.80000000,25.76652000,1784972099999999,1647592.25819440,1590,0.77147000,49330.92807660,0
1784972100000000,63935.80000000,63935.81000000,63935.80000000,63935.81000000,2.02906000,1784972159999999,129729.58150160,183,0.71536000,45737.12104160,0
1784972160000000,63935.80000000,63935.81000000,63925.30000000,63933.98000000,15.33693000,1784972219999999,980502.02283800,1190,9.23100000,590129.56072810,0
1784972220000000,63933.99000000,63937.87000000,63933.98000000,63937.87000000,19.75408000,1784972279999999,1263006.57010470,1052,10.07955000,644451.07557230,0
1784972280000000,63937.87000000,63942.11000000,63937.86000000,63942.11000000,19.41191000,1784972339999999,1241171.42218390,1631,10.06385000,643468.96471740,0
1784972340000000,63942.12000000,63955.04000000,63926.46000000,63926.46000000,13.69358000,1784972399999999,875664.72335100,2212,4.29116000,274402.44990690,0
1784972400000000,63926.47000000,63936.01000000,63926.46000000,63936.01000000,18.01838000,1784972459999999,1151898.48879790,902,7.72996000,494174.43055840,0
1784972460000000,63936.00000000,63937.73000000,63936.00000000,63937.73000000,1.37814000,1784972519999999,88113.96762470,228,1.01802000,65088.93585190,0
1784972520000000,63937.73000000,63948.81000000,63937.72000000,63948.80000000,1.26966000,1784972579999999,81185.91878280,611,0.97376000,62265.16771670,0
1784972580000000,63948.80000000,63948.81000000,63937.73000000,63937.74000000,6.71180000,1784972639999999,429196.30889870,817,1.68192000,107548.86169050,0
1784972640000000,63937.74000000,63937.74000000,63937.73000000,63937.73000000,0.86235000,1784972699999999,55136.70773540,218,0.62699000,40088.32360260,0
1784972700000000,63937.73000000,63947.25000000,63937.73000000,63947.24000000,4.12883000,1784972759999999,263994.88035980,514,3.48733000,222976.61937970,0
1784972760000000,63947.25000000,63949.97000000,63947.24000000,63949.96000000,2.20083000,1784972819999999,140740.39885850,421,1.32292000,84598.85496310,0
1784972820000000,63949.97000000,63974.76000000,63949.96000000,63970.08000000,150.77798000,1784972879999999,9645573.10908700,4911,76.51403000,4894737.13130630,0
1784972880000000,63970.09000000,63970.09000000,63967.08000000,63967.08000000,523.86675000,1784972939999999,33510518.46551150,13028,261.65377000,16737374.92541030,0
1784972940000000,63967.09000000,63967.09000000,63961.70000000,63961.71000000,96.19740000,1784972999999999,6153445.45301650,2737,48.48308000,3101311.01419520,0
1784973000000000,63961.71000000,63995.87000000,63961.70000000,63995.86000000,50.23078000,1784973059999999,3213382.68735590,2174,36.80320000,2354501.60511600,0
1784973060000000,63995.86000000,64015.50000000,63995.86000000,64015.49000000,3.52676000,1784973119999999,225744.62954070,922,2.79225000,178726.11227130,0
1784973120000000,64015.50000000,64024.72000000,64015.49000000,64020.87000000,8.92699000,1784973179999999,571541.32846130,786,2.31460000,148186.28459470,0
1784973180000000,64020.87000000,64020.88000000,64015.00000000,64015.01000000,2.28503000,1784973239999999,146283.00779410,621,0.95984000,61447.32067980,0
1784973240000000,64015.00000000,64015.01000000,64000.00000000,64000.01000000,6.68136000,1784973299999999,427680.47510090,642,0.73841000,47258.60825610,0
1784973300000000,64000.01000000,64000.01000000,63997.67000000,63997.67000000,1.03833000,1784973359999999,66451.80183660,286,0.56318000,36042.87157750,0
1784973360000000,63997.67000000,64004.83000000,63997.67000000,64004.83000000,2.67813000,1784973419999999,171406.29562080,496,2.04537000,130908.59236760,0
1784973420000000,64004.83000000,64004.83000000,63994.00000000,63994.00000000,1.96105000,1784973479999999,125508.98816790,1056,0.55217000,35336.87521060,0
1784973480000000,63994.01000000,63994.01000000,63994.00000000,63994.01000000,0.58147000,1784973539999999,37210.59448580,223,0.33058000,21155.13982580,0
1784973540000000,63994.00000000,64000.00000000,63994.00000000,63999.99000000,6.79912000,1784973599999999,435103.52616020,566,6.31132000,403887.20237690,0
1784973600000000,64000.00000000,64019.77000000,64000.00000000,64019.77000000,1.94762000,1784973659999999,124666.97479420,993,1.73179000,110851.67657390,0
1784973660000000,64019.76000000,64026.00000000,64013.82000000,64013.82000000,14.27538000,1784973719999999,913910.16123230,935,7.91803000,506879.44272720,0
1784973720000000,64013.83000000,64014.92000000,64013.82000000,64014.91000000,2.34010000,1784973779999999,149799.48344990,532,1.65154000,105721.92962220,0
1784973780000000,64014.91000000,64025.16000000,64014.91000000,64020.88000000,2.55184000,1784973839999999,163376.67034200,748,1.51168000,96781.43602360,0
1784973840000000,64020.89000000,64020.89000000,64020.88000000,64020.88000000,1.69052000,1784973899999999,108228.58972970,229,1.16721000,74725.82301690,0
1784973900000000,64020.88000000,64020.89000000,64020.88000000,64020.89000000,5.04665000,1784973959999999,323090.98636000,241,1.23080000,78796.91141200,0
1784973960000000,64020.88000000,64020.89000000,64017.50000000,64017.51000000,2.64520000,1784974019999999,169341.09464500,516,1.66246000,106426.88355100,0
1784974020000000,64017.51000000,64017.51000000,64016.37000000,64016.38000000,2.02042000,1784974079999999,129340.61665900,271,1.18945000,76144.67784350,0
1784974080000000,64016.37000000,64016.38000000,64016.37000000,64016.37000000,1.70507000,1784974139999999,109152.40403420,174,1.20383000,77064.83873540,0
1784974140000000,64016.38000000,64021.83000000,64016.37000000,64021.83000000,4.12424000,1784974199999999,264023.67779540,472,3.83757000,245671.37994100,0
1784974200000000,64021.83000000,64021.83000000,64021.82000000,64021.83000000,1.15065000,1784974259999999,73666.71708500,237,0.99020000,63394.41606600,0
1784974260000000,64021.82000000,64030.00000000,64021.82000000,64030.00000000,1.59901000,1784974319999999,102378.48233290,549,1.33995000,85791.76629550,0
1784974320000000,64029.99000000,64034.53000000,64029.99000000,64034.53000000,2.40108000,1784974379999999,153744.40657820,348,2.07388000,132793.01192690,0
1784974380000000,64034.52000000,64034.53000000,64034.52000000,64034.53000000,1.60542000,1784974439999999,102802.31373140,185,1.46330000,93701.72774900,0
1784974440000000,64034.52000000,64043.74000000,64034.52000000,64043.74000000,2.37967000,1784974499999999,152391.28070240,662,2.22099000,142229.91511300,0
1784974500000000,64043.74000000,64043.74000000,64043.73000000,64043.74000000,2.33409000,1784974559999999,149483.85079370,274,2.10380000,134735.22021200,0
1784974560000000,64043.74000000,64043.74000000,64043.73000000,64043.73000000,1.45299000,1784974619999999,93054.90896300,202,0.97103000,62188.39285220,0
1784974620000000,64043.73000000,64043.74000000,64043.73000000,64043.73000000,2.20643000,1784974679999999,141308.01171620,189,0.45323000,29026.54428020,0
1784974680000000,64043.74000000,64043.74000000,64043.73000000,64043.74000000,1.41286000,1784974739999999,90484.83222050,284,0.78527000,50291.62770980,0
1784974740000000,64043.73000000,64050.15000000,64043.73000000,64050.01000000,7.79615000,1784974799999999,499310.29466340,491,7.34500000,470415.64566270,0
1784974800000000,64050.00000000,64050.01000000,64022.26000000,64026.00000000,10.95787000,1784974859999999,701649.90545950,1290,2.31847000,148452.55432490,0
1784974860000000,64026.00000000,64029.37000000,64026.00000000,64029.36000000,1.66313000,1784974919999999,106487.73062950,366,1.13099000,72415.52388610,0
1784974920000000,64029.37000000,64033.20000000,64029.36000000,64033.20000000,1.97977000,1784974979999999,126767.63211260,443,1.75722000,112517.15648000,0
1784974980000000,64033.19000000,64033.20000000,64030.62000000,64030.63000000,2.04201000,1784975039999999,130754.45296250,284,0.80207000,51357.57507650,0
1784975040000000,64030.62000000,64030.63000000,64030.62000000,64030.62000000,0.81436000,1784975099999999,52143.98130110,153,0.55979000,35843.70636770,0
1784975100000000,64030.62000000,64030.63000000,64030.62000000,64030.63000000,3.63521000,1784975159999999,232764.78245880,290,3.23286000,207002.06250180,0
1784975160000000,64030.63000000,64040.44000000,64030.62000000,64040.44000000,4.05145000,1784975219999999,259441.72448160,903,2.83404000,181479.21210770,0
1784975220000000,64040.43000000,64040.44000000,64039.03000000,64039.03000000,1.42342000,1784975279999999,91156.40477650,321,1.07769000,69015.73853560,0
1784975280000000,64039.03000000,64039.04000000,64036.37000000,64036.38000000,0.97718000,1784975339999999,62575.87619890,354,0.32962000,21107.69110320,0
1784975340000000,64036.37000000,64036.38000000,64036.37000000,64036.38000000,2.24294000,1784975399999999,143629.74384980,202,0.81220000,52010.34783600,0
1784975400000000,64036.37000000,64036.37000000,64026.00000000,64026.01000000,2.82670000,1784975459999999,181000.88112300,464,0.59675000,38213.24315490,0
1784975460000000,64026.00000000,64026.01000000,64026.00000000,64026.01000000,0.73181000,1784975519999999,46854.87208910,188,0.50291000,32199.32068910,0
1784975520000000,64026.00000000,64026.01000000,64022.40000000,64022.41000000,0.70087000,1784975579999999,44873.23263730,297,0.35169000,22517.16234090,0
1784975580000000,64022.40000000,64022.41000000,64020.25000000,64020.26000000,0.67141000,1784975639999999,42985.11272360,269,0.28824000,18453.79651790,0
1784975640000000,64020.25000000,64020.26000000,63996.01000000,64015.85000000,12.45185000,1784975699999999,796981.20725750,1887,7.06414000,452118.30504580,0
1784975700000000,64015.84000000,64018.64000000,63996.00000000,63999.42000000,6.40053000,1784975759999999,409679.32527170,646,0.93239000,59684.57932910,0
1784975760000000,63999.41000000,63999.42000000,63999.41000000,63999.42000000,0.74625000,1784975819999999,47759.56369600,131,0.39835000,25494.16895700,0
1784975820000000,63999.42000000,63999.42000000,63999.41000000,63999.42000000,1.77646000,1784975879999999,113692.40799910,221,1.61105000,103106.26559100,0
1784975880000000,63999.42000000,64004.00000000,63999.41000000,64003.99000000,1.85965000,1784975939999999,119018.41107870,538,1.58308000,101317.45126280,0
1784975940000000,64004.00000000,64008.81000000,64003.99000000,64008.81000000,1.30524000,1784975999999999,83542.42076250,438,1.10725000,70870.17917650,0
1784976000000000,64008.81000000,64019.99000000,64008.80000000,64019.99000000,3.13317000,1784976059999999,200574.63121140,663,2.89703000,185459.10585580,0
1784976060000000,64019.99000000,64026.01000000,64010.00000000,64015.92000000,6.89382000,1784976119999999,441303.60423460,1206,5.58166000,357300.35680690,0
1784976120000000,64015.92000000,64030.00000000,64015.91000000,64029.99000000,5.04397000,1784976179999999,322911.50769630,731,3.68099000,235655.98320370,0
1784976180000000,64029.99000000,64031.07000000,64029.99000000,64031.06000000,0.97254000,1784976239999999,62272.38129170,304,0.77344000,49523.81566040,0
1784976240000000,64031.06000000,64031.07000000,64030.06000000,64030.06000000,0.57966000,1784976299999999,37115.91767030,168,0.38964000,24948.78621480,0
1784976300000000,64030.07000000,64030.07000000,64030.06000000,64030.07000000,1.77545000,1784976359999999,113682.17729010,126,0.72631000,46505.68014170,0
1784976360000000,64030.07000000,64030.07000000,64030.06000000,64030.06000000,1.77794000,1784976419999999,113841.61185100,180,0.69746000,44658.41262220,0
1784976420000000,64030.06000000,64030.07000000,64030.06000000,64030.06000000,1.36959000,1784976479999999,87694.94145050,161,1.15751000,74115.44632570,0
1784976480000000,64030.07000000,64033.96000000,64030.06000000,64033.95000000,2.77356000,1784976539999999,177592.50996710,635,2.54892000,163208.51180340,0
1784976540000000,64033.96000000,64042.00000000,64033.95000000,64038.15000000,2.93481000,1784976599999999,187941.60373940,607,1.79858000,115176.65647850,0
1784976600000000,64038.15000000,64038.16000000,64030.84000000,64031.08000000,1.34729000,1784976659999999,86273.84975380,304,0.74152000,47482.50283360,0
1784976660000000,64031.08000000,64031.08000000,64031.07000000,64031.08000000,1.40468000,1784976719999999,89943.17087980,155,0.74722000,47845.30359760,0
1784976720000000,64031.08000000,64031.08000000,64020.00000000,64020.01000000,3.90915000,1784976779999999,250283.62587760,387,1.99146000,127501.39903550,0
1784976780000000,64020.00000000,64025.83000000,64020.00000000,64025.83000000,9.96621000,1784976839999999,638045.38048330,897,9.63939000,617121.03257460,0
1784976840000000,64025.82000000,64041.14000000,64025.82000000,64041.14000000,16.53232000,1784976899999999,1058678.88484290,1195,16.19895000,1037334.03165500,0
1784976900000000,64041.13000000,64050.15000000,64041.13000000,64047.08000000,7.72057000,1784976959999999,494493.25295900,632,2.42444000,155278.16759490,0
1784976960000000,64047.08000000,64047.08000000,64047.07000000,64047.07000000,1.08301000,1784977019999999,69363.62529150,144,0.80108000,51306.83484640,0
1784977020000000,64047.07000000,64061.28000000,64047.07000000,64061.28000000,2.72218000,1784977079999999,174364.13979240,1172,2.44756000,156774.25879860,0
1784977080000000,64061.28000000,64067.28000000,64061.27000000,64067.27000000,2.28817000,1784977139999999,146590.14188010,469,2.06930000,132567.85254040,0
1784977140000000,64067.27000000,64070.00000000,64067.27000000,64070.00000000,4.40800000,1784977199999999,282417.24580730,697,4.18872000,268368.33871530,0
1784977200000000,64069.99000000,64070.00000000,64047.09000000,64047.09000000,5.82322000,1784977259999999,373055.76831590,1147,2.05563000,131695.85098970,0
1784977260000000,64047.10000000,64072.73000000,64047.09000000,64072.72000000,4.91364000,1784977319999999,314770.21218250,1210,4.82068000,308815.14309760,0
1784977320000000,64072.73000000,64083.01000000,64072.73000000,64083.01000000,5.22297000,1784977379999999,334670.87384920,983,5.13030000,328732.53186350,0
1784977380000000,64083.01000000,64092.00000000,64071.17000000,64071.17000000,8.39515000,1784977439999999,537964.18623680,1225,3.31918000,212674.12677550,0
1784977440000000,64071.18000000,64080.00000000,64064.31000000,64080.00000000,5.16244000,1784977499999999,330746.93365050,1132,4.75389000,304571.06727080,0
1784977500000000,64080.00000000,64094.77000000,64079.99000000,64094.76000000,3.48229000,1784977559999999,223160.68825950,899,3.27080000,209607.60319650,0
1784977560000000,64094.77000000,64094.77000000,64088.76000000,64088.77000000,1.59526000,1784977619999999,102241.24048730,520,0.72174000,46256.21859940,0
1784977620000000,64088.76000000,64088.77000000,64071.41000000,64071.43000000,1.88355000,1784977679999999,120691.77751610,880,0.75860000,48609.71402700,0
1784977680000000,64071.42000000,64071.43000000,64060.00000000,64060.00000000,1.03367000,1784977739999999,66221.41146560,579,0.57055000,36552.23408130,0
1784977740000000,64060.01000000,64060.01000000,64058.69000000,64058.69000000,1.45676000,1784977799999999,93319.59770160,333,0.33238000,21292.02181390,0
1784977800000000,64058.69000000,64058.70000000,64058.69000000,64058.69000000,0.94789000,1784977859999999,60720.59556160,193,0.38975000,24966.87832500,0
1784977860000000,64058.70000000,64058.70000000,64058.69000000,64058.69000000,0.43942000,1784977919999999,28148.67249170,137,0.29319000,18781.37025300,0
1784977920000000,64058.69000000,64058.70000000,64058.69000000,64058.69000000,0.29438000,1784977979999999,18857.59942360,134,0.22614000,14486.23441800,0
1784977980000000,64058.70000000,64070.00000000,64058.69000000,64070.00000000,7.79639000,1784978039999999,499472.50001200,907,7.42145000,475450.65693140,0
1784978040000000,64070.00000000,64073.21000000,64070.00000000,64073.20000000,4.67706000,1784978099999999,299673.86605500,254,4.31404000,276414.01299100,0
1784978100000000,64073.21000000,64073.21000000,64063.59000000,64063.59000000,4.57449000,1784978159999999,293085.11343830,442,1.54495000,98975.80300820,0
1784978160000000,64063.60000000,64063.60000000,64063.59000000,64063.60000000,1.26842000,1784978219999999,81259.54271500,173,0.38872000,24902.80259200,0
1784978220000000,64063.60000000,64063.60000000,64063.59000000,64063.60000000,2.16290000,1784978279999999,138563.15919560,136,2.03846000,130591.08605600,0
1784978280000000,64063.60000000,64082.97000000,64063.60000000,64082.97000000,8.17280000,1784978339999999,523636.51835270,1084,8.12458000,520546.73220170,0
1784978340000000,64082.96000000,64083.00000000,64073.02000000,64083.00000000,6.71081000,1784978399999999,430009.91520640,1043,3.63442000,232878.17771460,0
1784978400000000,64082.99000000,64083.00000000,64082.99000000,64082.99000000,1.32651000,1784978459999999,85006.73852000,197,1.14551000,73407.71733000,0
1784978460000000,64083.00000000,64086.00000000,64082.99000000,64083.20000000,3.54838000,1784978519999999,227395.56331970,499,2.11713000,135674.83502440,0
1784978520000000,64083.20000000,64083.21000000,64081.15000000,64081.15000000,1.57073000,1784978579999999,100656.68458130,427,0.58498000,37486.98597820,0
1784978580000000,64081.15000000,64081.16000000,64081.15000000,64081.15000000,0.77293000,1784978639999999,49530.24728570,150,0.40162000,25736.27547920,0
1784978640000000,64081.15000000,64087.62000000,64080.00000000,64087.62000000,11.99331000,1784978699999999,768545.44289890,707,11.66033000,747207.94530890,0
1784978700000000,64087.61000000,64087.62000000,64080.26000000,64080.26000000,6.00820000,1784978759999999,385025.63387410,505,2.19526000,140675.47812150,0
1784978760000000,64080.26000000,64080.26000000,64078.42000000,64078.42000000,4.39118000,1784978819999999,281380.21247620,455,4.13692000,265087.44524340,0
1784978820000000,64078.43000000,64078.43000000,64078.42000000,64078.43000000,3.58050000,1784978879999999,229432.81775880,167,3.49488000,223946.42343840,0
1784978880000000,64078.43000000,64078.43000000,64078.42000000,64078.42000000,1.52548000,1784978939999999,97750.36218000,175,1.40384000,89955.86317120,0
1784978940000000,64078.42000000,64086.55000000,64078.42000000,64086.54000000,13.04541000,1784978999999999,835948.15716820,972,12.77048000,818331.00774300,0
1784979000000000,64086.55000000,64106.25000000,64086.54000000,64106.25000000,10.48780000,1784979059999999,672200.69116580,1034,10.35610000,663758.74784910,0
1784979060000000,64106.24000000,64112.00000000,64106.24000000,64112.00000000,2.91792000,1784979119999999,187067.84060550,650,2.53103000,162263.86643010,0
1784979120000000,64111.99000000,64113.00000000,64106.00000000,64106.00000000,3.19195000,1784979179999999,204636.53989760,626,1.34020000,85919.47072740,0
1784979180000000,64106.01000000,64106.01000000,64104.00000000,64104.01000000,2.07459000,1784979239999999,132992.88752580,283,1.22997000,78848.27288170,0
1784979240000000,64104.00000000,64104.01000000,64082.00000000,64082.00000000,2.05423000,1784979299999999,131670.67564470,794,0.41902000,26858.86251520,0
1784979300000000,64082.00000000,64082.01000000,64078.42000000,64078.43000000,0.99483000,1784979359999999,63748.00103210,308,0.31489000,20177.88066590,0
1784979360000000,64078.42000000,64078.43000000,64078.42000000,64078.43000000,0.34231000,1784979419999999,21934.68582600,126,0.18758000,12019.83189940,0
1784979420000000,64078.42000000,64078.43000000,64074.29000000,64074.30000000,5.79699000,1784979479999999,371443.74443020,402,2.14354000,137347.61033220,0
1784979480000000,64074.29000000,64074.29000000,64069.16000000,64069.16000000,13.90949000,1784979539999999,891182.59177160,522,6.69784000,429125.04959280,0
1784979540000000,64069.17000000,64069.88000000,64069.16000000,64069.88000000,6.99351000,1784979599999999,448071.47313180,863,6.88242000,440953.98940780,0
1784979600000000,64069.88000000,64078.42000000,64069.87000000,64078.42000000,2.44873000,1784979659999999,156893.02226660,535,2.11943000,135793.25150760,0
1784979660000000,64078.42000000,64078.42000000,64069.45000000,64069.45000000,5.19889000,1784979719999999,333134.87327950,516,0.50140000,32128.90328320,0
1784979720000000,64069.44000000,64069.45000000,64054.10000000,64054.10000000,4.75158000,1784979779999999,304401.11132900,834,0.34681000,22216.72384590,0
1784979780000000,64054.09000000,64054.10000000,64053.00000000,64053.00000000,0.59219000,1784979839999999,37931.61374550,252,0.39663000,25405.34659170,0
1784979840000000,64053.00000000,64053.01000000,64053.00000000,64053.01000000,0.99816000,1784979899999999,63935.14788100,199,0.54010000,34595.03070100,0
1784979900000000,64053.01000000,64053.01000000,64053.00000000,64053.01000000,1.34626000,1784979959999999,86231.99757740,135,0.57974000,37134.09201740,0
1784979960000000,64053.00000000,64056.01000000,64053.00000000,64056.01000000,3.81662000,1784980019999999,244466.58945320,402,3.37180000,215974.25034500,0
1784980020000000,64056.00000000,64057.88000000,64056.00000000,64057.88000000,6.69134000,1784980079999999,428625.16362860,525,6.08870000,390022.24882780,0
1784980080000000,64057.88000000,64064.01000000,64057.87000000,64064.00000000,1.35835000,1784980139999999,87017.43857370,405,1.07406000,68804.73374930,0
1784980140000000,64064.01000000,64071.12000000,64060.00000000,64060.01000000,4.20074000,1784980199999999,269120.75580110,910,2.41703000,154849.66130900,0
1784980200000000,64060.01000000,64060.01000000,64059.99000000,64059.99000000,0.54602000,1784980259999999,34978.04119060,235,0.21679000,13887.56840050,0
1784980260000000,64060.00000000,64066.00000000,64059.99000000,64066.00000000,3.89997000,1784980319999999,249836.63941470,455,3.81610000,244463.66370750,0
1784980320000000,64065.99000000,64072.57000000,64065.99000000,64072.57000000,1.79989000,1784980379999999,115315.95618810,481,1.60596000,102891.15003540,0
1784980380000000,64072.57000000,64072.57000000,64072.56000000,64072.57000000,0.90999000,1784980439999999,58305.39420120,170,0.53268000,34130.17658760,0
1784980440000000,64072.56000000,64075.96000000,64069.91000000,64069.92000000,1.72145000,1784980499999999,110296.45140840,545,1.44768000,92755.23436480,0
1784980500000000,64069.92000000,64069.92000000,64069.91000000,64069.92000000,6.22098000,1784980559999999,398577.67311150,301,4.43997000,284468.52270240,0
1784980560000000,64069.92000000,64071.12000000,64069.92000000,64071.11000000,2.66407000,1784980619999999,170689.74093020,426,2.37724000,152312.22444890,0
1784980620000000,64071.12000000,64071.12000000,64071.11000000,64071.12000000,0.94759000,1784980679999999,60713.15094100,181,0.78161000,50078.62810320,0
1784980680000000,64071.11000000,64071.12000000,64066.00000000,64066.00000000,1.66149000,1784980739999999,106451.73124050,466,0.55114000,35311.70047270,0
1784980740000000,64066.00000000,64066.01000000,64060.16000000,64064.01000000,2.15225000,1784980799999999,137880.62902090,443,0.94912000,60803.12531300,0
1784980800000000,64064.01000000,64067.83000000,64060.79000000,64060.80000000,6.53303000,1784980859999999,418546.17875410,550,3.33894000,213908.42451700,0
1784980860000000,64060.79000000,64060.80000000,64060.79000000,64060.79000000,0.94928000,1784980919999999,60811.63231420,168,0.55830000,35765.14464000,0
1784980920000000,64060.80000000,64069.83000000,64060.79000000,64069.83000000,7.36016000,1784980979999999,471524.21073630,542,6.20265000,397369.89885620,0
1784980980000000,64069.82000000,64076.10000000,64069.82000000,64076.10000000,3.62635000,1784981039999999,232345.88538700,446,3.38421000,216831.52250500,0
1784981040000000,64076.10000000,64077.23000000,64076.09000000,64077.23000000,0.99567000,1784981099999999,63799.22561570,223,0.91060000,58348.22847900,0
1784981100000000,64077.22000000,64077.23000000,64077.22000000,64077.23000000,1.33104000,1784981159999999,85289.35419650,131,1.12877000,72328.45490710,0
1784981160000000,64077.23000000,64077.23000000,64077.22000000,64077.23000000,4.41584000,1784981219999999,282954.79172130,151,4.05565000,259874.81784950,0
1784981220000000,64077.23000000,64077.23000000,64077.22000000,64077.22000000,1.42636000,1784981279999999,91397.19607130,172,1.25521000,80430.37986830,0
1784981280000000,64077.22000000,64079.78000000,64077.22000000,64079.78000000,2.33951000,1784981339999999,149910.73465630,294,1.79554000,115053.57643140,0
1784981340000000,64079.77000000,64079.78000000,64062.00000000,64062.00000000,18.91702000,1784981399999999,1212004.75850790,1392,13.46866000,862907.38562370,0
1784981400000000,64062.00000000,64062.01000000,64062.00000000,64062.01000000,0.70144000,1784981459999999,44935.65397800,149,0.46980000,30096.33229800,0
1784981460000000,64062.01000000,64062.01000000,64062.00000000,64062.00000000,0.65791000,1784981519999999,42147.03491470,170,0.44947000,28793.95163470,0
1784981520000000,64062.00000000,64062.01000000,64049.99000000,64050.01000000,6.25134000,1784981579999999,400433.70413690,931,4.52764000,290023.99905010,0
1784981580000000,64050.00000000,64052.00000000,64045.56000000,64052.00000000,9.05217000,1784981639999999,579771.64731260,1103,8.20431000,525466.70186470,0
1784981640000000,64051.99000000,64062.01000000,64051.99000000,64062.01000000,3.59805000,1784981699999999,230465.47860110,548,3.46540000,221968.86828950,0
1784981700000000,64062.01000000,64066.00000000,64062.00000000,64063.99000000,3.77853000,1784981759999999,242063.05033940,289,3.03664000,194534.30526160,0
1784981760000000,64063.99000000,64064.00000000,64063.99000000,64064.00000000,0.42884000,1784981819999999,27473.20511430,98,0.36427000,23336.59328000,0
1784981820000000,64063.99000000,64064.00000000,64063.99000000,64063.99000000,0.78099000,1784981879999999,50033.34291670,112,0.73666000,47193.38624000,0
1784981880000000,64063.99000000,64064.00000000,64063.99000000,64063.99000000,0.90468000,1784981939999999,57957.41739840,122,0.69252000,44365.60128000,0
1784981940000000,64064.00000000,64064.00000000,64063.99000000,64063.99000000,0.67485000,1784981999999999,43233.58938840,89,0.57369000,36752.87616000,0
1784982000000000,64064.00000000,64064.00000000,64063.99000000,64063.99000000,1.28492000,1784982059999999,82317.11325780,118,1.12270000,71924.65280000,0
1784982060000000,64064.00000000,64064.00000000,64051.74000000,64051.75000000,2.66072000,1784982119999999,170447.37390680,522,1.61512000,103465.31880660,0
1784982120000000,64051.74000000,64051.75000000,64046.00000000,64046.00000000,1.44331000,1784982179999999,92441.78135600,369,0.60273000,38603.86066250,0
1784982180000000,64046.00000000,64046.01000000,64045.55000000,64045.56000000,2.29551000,1784982239999999,147017.91158660,386,0.90920000,58230.37618510,0
1784982240000000,64045.55000000,64045.56000000,64044.33000000,64044.33000000,1.78208000,1784982299999999,114133.03479840,262,0.86994000,55715.36804820,0
1784982300000000,64044.34000000,64059.81000000,64044.33000000,64059.80000000,7.42141000,1784982359999999,475325.97719420,706,7.32869000,469386.85880480,0
1784982360000000,64059.80000000,64059.81000000,64059.80000000,64059.81000000,0.96042000,1784982419999999,61524.32161560,194,0.84996000,54448.27610760,0
1784982420000000,64059.81000000,64059.81000000,64059.80000000,64059.81000000,0.99165000,1784982479999999,63524.91011750,158,0.94475000,60520.50549750,0
1784982480000000,64059.81000000,64059.81000000,64050.89000000,64050.89000000,5.12171000,1784982539999999,328075.55364160,366,2.10449000,134795.11587330,0
1784982540000000,64050.89000000,64050.90000000,64050.00000000,64050.00000000,1.75186000,1784982599999999,112208.17760970,291,0.96750000,61969.23207070,0
1784982600000000,64050.01000000,64051.46000000,64044.34000000,64051.45000000,4.49331000,1784982659999999,287773.86662500,582,4.14999000,265784.87854120,0
1784982660000000,64051.45000000,64051.46000000,64044.00000000,64044.01000000,1.78605000,1784982719999999,114391.26630270,404,0.73558000,47110.45340430,0
1784982720000000,64044.01000000,64044.01000000,64043.00000000,64043.00000000,0.94947000,1784982779999999,60807.74499710,252,0.66033000,42290.12712220,0
1784982780000000,64043.00000000,64043.01000000,64043.00000000,64043.01000000,0.82939000,1784982839999999,53116.63040220,144,0.66322000,42474.60509220,0
1784982840000000,64043.01000000,64065.39000000,64043.00000000,64065.38000000,4.38901000,1784982899999999,281101.66678990,741,3.52509000,225772.33983980,0
1784982900000000,64065.38000000,64065.39000000,64056.53000000,64059.11000000,3.14584000,1784982959999999,201518.67013850,520,2.35751000,151016.31759070,0
1784982960000000,64059.11000000,64059.11000000,64057.00000000,64057.01000000,0.89935000,1784983019999999,57611.20369120,258,0.58243000,37309.69088030,0
1784983020000000,64057.01000000,64059.09000000,64052.01000000,64059.09000000,7.68645000,1784983079999999,492336.86464820,572,7.38469000,473007.49728240,0
1784983080000000,64059.10000000,64085.21000000,64059.10000000,64080.34000000,2.93883000,1784983139999999,188312.86008690,1087,2.08006000,133281.39379420,0
1784983140000000,64080.33000000,64086.74000000,64078.00000000,64086.74000000,2.06277000,1784983199999999,132180.50591090,694,1.55564000,99683.97417130,0
1784983200000000,64086.75000000,64094.59000000,64086.00000000,64086.00000000,1.94985000,1784983259999999,124966.67831690,690,0.99381000,63692.89237300,0
1784983260000000,64086.01000000,64094.84000000,64086.00000000,64092.01000000,2.33185000,1784983319999999,149454.98242920,722,0.73303000,46980.42688100,0
1784983320000000,64092.00000000,64092.01000000,64090.00000000,64090.00000000,1.18098000,1784983379999999,75689.27036570,390,0.92607000,59351.91719570,0
1784983380000000,64090.01000000,64094.00000000,64090.00000000,64093.99000000,0.85884000,1784983439999999,55044.62056030,383,0.67961000,43557.40944470,0
1784983440000000,64094.00000000,64094.00000000,64093.99000000,64093.99000000,0.64264000,1784983499999999,41189.36555070,211,0.38171000,24465.32074000,0
1784983500000000,64093.99000000,64094.77000000,64093.99000000,64094.77000000,2.30397000,1784983559999999,147671.43042790,265,1.13003000,72428.18751760,0
1784983560000000,64094.77000000,64101.87000000,64094.76000000,64101.87000000,2.18870000,1784983619999999,140289.23631400,518,1.02516000,65709.66875710,0
1784983620000000,64101.87000000,64120.85000000,64101.87000000,64120.84000000,2.55988000,1784983679999999,164112.95236140,915,2.46555000,158065.09048630,0
1784983680000000,64120.84000000,64120.85000000,64104.99000000,64105.00000000,3.52323000,1784983739999999,225885.68451220,751,1.12020000,71810.95508290,0
1784983740000000,64104.99000000,64105.00000000,64104.99000000,64104.99000000,0.39839000,1784983799999999,25538.78907560,132,0.21095000,13522.94975000,0
1784983800000000,64104.99000000,64105.00000000,64104.99000000,64104.99000000,0.46026000,1784983859999999,29504.96524720,137,0.25498000,16345.49290000,0
1784983860000000,64104.99000000,64105.00000000,64104.99000000,64104.99000000,0.74135000,1784983919999999,47524.23847830,113,0.41418000,26551.00890000,0
1784983920000000,64105.00000000,64105.00000000,64104.99000000,64104.99000000,1.46505000,1784983979999999,93917.02811720,79,1.25177000,80244.71585000,0
1784983980000000,64105.00000000,64105.00000000,64104.97000000,64104.98000000,6.07913000,1784984039999999,389702.49362060,288,0.36958000,23691.92320840,0
1784984040000000,64104.98000000,64105.00000000,64104.97000000,64104.99000000,1.53650000,1784984099999999,98497.30887770,361,0.74562000,47797.95685790,0
1784984100000000,64105.00000000,64114.00000000,64104.99000000,64110.01000000,2.40921000,1784984159999999,154458.02318190,902,1.38056000,88507.73514630,0
1784984160000000,64110.01000000,64111.06000000,64108.00000000,64111.05000000,4.57768000,1784984219999999,293468.06674800,513,4.19203000,268744.08893720,0
1784984220000000,64111.06000000,64111.06000000,64111.05000000,64111.06000000,1.62243000,1784984279999999,104015.70453920,154,1.36877000,87753.29559620,0
1784984280000000,64111.06000000,64114.00000000,64111.05000000,64114.00000000,3.49603000,1784984339999999,224134.63542690,613,2.93997000,188484.98327190,0
1784984340000000,64114.00000000,64123.80000000,64113.99000000,64123.80000000,9.46711000,1784984399999999,607037.73931500,758,8.97290000,575347.89730510,0
1784984400000000,64123.80000000,64123.80000000,64117.37000000,64117.38000000,15.23223000,1784984459999999,976689.32914000,658,9.89698000,634589.83264530,0
1784984460000000,64117.37000000,64117.38000000,64117.37000000,64117.38000000,3.78774000,1784984519999999,242859.95956580,150,3.25220000,208522.54323600,0
1784984520000000,64117.37000000,64119.46000000,64117.37000000,64119.45000000,1.19812000,1784984579999999,76820.99193420,452,0.80105000,51361.50975790,0
1784984580000000,64119.46000000,64132.47000000,64119.45000000,64122.29000000,4.32957000,1784984639999999,277633.74655820,1301,3.23810000,207639.80450300,0
1784984640000000,64122.29000000,64136.42000000,64122.29000000,64133.99000000,6.82626000,1784984699999999,437763.73046270,774,6.31237000,404806.22329020,0
1784984700000000,64134.00000000,64134.00000000,64126.00000000,64126.01000000,2.79882000,1784984759999999,179495.15486890,589,0.39339000,25228.77519690,0
1784984760000000,64126.00000000,64126.01000000,64126.00000000,64126.01000000,1.79889000,1784984819999999,115355.62311930,196,0.29793000,19105.06215930,0
1784984820000000,64126.01000000,64129.71000000,64126.00000000,64129.71000000,2.18841000,1784984879999999,140334.44462260,398,1.82766000,117200.98838360,0
1784984880000000,64129.70000000,64129.71000000,64129.70000000,64129.70000000,1.00366000,1784984939999999,64364.41957890,211,0.48769000,31275.41826990,0
1784984940000000,64129.70000000,64131.69000000,64129.70000000,64131.68000000,0.96620000,1784984999999999,61962.49820940,465,0.77800000,49893.16469260,0
1784985000000000,64131.69000000,64131.69000000,64130.24000000,64130.25000000,1.00765000,1784985059999999,64621.30257310,211,0.54232000,34779.12116880,0
1784985060000000,64130.25000000,64130.25000000,64130.24000000,64130.25000000,2.03332000,1784985119999999,130397.31334200,119,1.37452000,88148.31123000,0
1784985120000000,64130.24000000,64135.80000000,64130.24000000,64135.79000000,1.82892000,1784985179999999,117294.30327300,417,1.65952000,106429.71715250,0
1784985180000000,64135.80000000,64135.80000000,64135.79000000,64135.79000000,1.09925000,1784985239999999,70501.27653000,129,0.93725000,60111.27855000,0
1784985240000000,64135.80000000,64135.80000000,64130.96000000,64130.97000000,5.41686000,1784985299999999,347391.49888650,330,4.58974000,294345.43806540,0
1784985300000000,64130.96000000,64130.97000000,64130.96000000,64130.96000000,1.20003000,1784985359999999,76959.08112430,233,0.51955000,33319.24546350,0
1784985360000000,64130.96000000,64136.45000000,64130.96000000,64136.44000000,2.18692000,1784985419999999,140255.66591110,448,1.72850000,110854.93780730,0
1784985420000000,64136.44000000,64136.45000000,64130.25000000,64130.25000000,9.19277000,1784985479999999,589565.93233190,456,5.16402000,331177.37328080,0
1784985480000000,64130.26000000,64130.26000000,64126.00000000,64126.00000000,2.37534000,1784985539999999,152326.89971100,348,0.59650000,38251.62637750,0
1784985540000000,64126.00000000,64126.01000000,64106.74000000,64106.74000000,2.23958000,1784985599999999,143590.89198230,645,0.31965000,20494.63001260,0
1784985600000000,64106.74000000,64113.53000000,64106.74000000,64113.53000000,2.25147000,1784985659999999,144342.28683180,601,1.96876000,126217.00393950,0
1784985660000000,64113.52000000,64113.53000000,64113.52000000,64113.53000000,0.74707000,1784985719999999,47897.29379630,119,0.64099000,41096.13159470,0
1784985720000000,64113.53000000,64128.50000000,64113.52000000,64128.50000000,1.63517000,1784985779999999,104844.78549370,718,1.42698000,91495.86791610,0
1784985780000000,64128.51000000,64128.51000000,64128.50000000,64128.51000000,1.03346000,1784985839999999,66274.24912230,110,0.95123000,61000.96256730,0
1784985840000000,64128.51000000,64128.51000000,64128.50000000,64128.51000000,0.77513000,1784985899999999,49707.93151490,116,0.73099000,46877.29952490,0
1784985900000000,64128.50000000,64133.00000000,64128.50000000,64133.00000000,1.50284000,1784985959999999,96375.48435790,406,1.42376000,91304.19956960,0
1784985960000000,64132.99000000,64133.00000000,64132.99000000,64133.00000000,0.81612000,1784986019999999,52340.22330220,153,0.75034000,48121.55522000,0
1784986020000000,64132.99000000,64135.38000000,64132.00000000,64132.00000000,6.61726000,1784986079999999,424384.11027160,492,5.57509000,357545.30843920,0
1784986080000000,64132.01000000,64132.01000000,64132.00000000,64132.00000000,1.60924000,1784986139999999,103203.78941830,177,0.97383000,62453.67529830,0
1784986140000000,64132.00000000,64132.01000000,64132.00000000,64132.00000000,0.94852000,1784986199999999,60830.48941710,161,0.47771000,30636.50249710,0
1784986200000000,64132.01000000,64134.32000000,64132.00000000,64134.31000000,3.46949000,1784986259999999,222509.93093660,552,2.14725000,137709.14646300,0
1784986260000000,64134.32000000,64134.32000000,64134.31000000,64134.32000000,1.63521000,1784986319999999,104873.07868420,207,1.36291000,87409.30607120,0
1784986320000000,64134.31000000,64134.32000000,64134.31000000,64134.31000000,0.67439000,1784986379999999,43251.54127090,269,0.39500000,25333.05640000,0
1784986380000000,64134.31000000,64135.38000000,64116.97000000,64116.97000000,6.03315000,1784986439999999,386919.80829170,919,1.22668000,78668.87781120,0
1784986440000000,64116.97000000,64128.71000000,64116.97000000,64128.70000000,3.33175000,1784986499999999,213629.39738310,702,2.90659000,186368.35675160,0
1784986500000000,64128.71000000,64128.71000000,64128.70000000,64128.71000000,2.21387000,1784986559999999,141972.61428670,229,0.92177000,59111.92101670,0
1784986560000000,64128.71000000,64128.71000000,64128.70000000,64128.71000000,1.77291000,1784986619999999,113694.42866100,340,1.51440000,97116.51842400,0
1784986620000000,64128.71000000,64130.54000000,64128.70000000,64130.54000000,2.25044000,1784986679999999,144319.79379060,678,1.89690000,121647.31511580,0
1784986680000000,64130.54000000,64132.21000000,64130.53000000,64132.21000000,1.34549000,1784986739999999,86287.97282340,659,0.96384000,61812.17676780,0
1784986740000000,64132.20000000,64146.01000000,64132.20000000,64144.37000000,3.31900000,1784986799999999,212895.28622700,715,2.57280000,165030.68714060,0
1784986800000000,64144.37000000,64174.00000000,64144.36000000,64174.00000000,14.61223000,1784986859999999,937385.03885930,1594,13.13657000,842695.49663510,0
1784986860000000,64174.00000000,64190.00000000,64173.99000000,64184.51000000,6.48057000,1784986919999999,415958.38856980,1433,2.23628000,143523.74403910,0
1784986920000000,64184.52000000,64184.52000000,64175.64000000,64178.00000000,3.88027000,1784986979999999,249030.85248140,872,3.15580000,202535.21707960,0
1784986980000000,64177.99000000,64200.00000000,64177.99000000,64190.57000000,12.40400000,1784987039999999,796178.16899720,1638,11.64650000,747552.53454890,0
1784987040000000,64190.57000000,64199.99000000,64190.57000000,64199.98000000,3.99754000,1784987099999999,256620.86987850,492,3.45218000,221610.26611040,0
1784987100000000,64199.98000000,64241.63000000,64199.98000000,64234.15000000,19.77449000,1784987159999999,1270032.88431550,2201,15.81466000,1015660.07668790,0
1784987160000000,64234.14000000,64264.93000000,64234.14000000,64248.09000000,22.22084000,1784987219999999,1427594.76075690,2050,12.71012000,816521.91629020,0
1784987220000000,64248.09000000,64252.01000000,64218.00000000,64231.10000000,25.59675000,1784987279999999,1644411.95633630,1681,9.47238000,608434.99991520,0
1784987280000000,64231.09000000,64236.34000000,64231.09000000,64236.33000000,3.54673000,1784987339999999,227816.32856830,663,3.25167000,208862.96351990,0
1784987340000000,64236.33000000,64267.78000000,64236.33000000,64242.00000000,11.14578000,1784987399999999,716133.58041980,2126,6.13235000,393974.61836850,0
1784987400000000,64242.01000000,64242.01000000,64235.79000000,64235.80000000,2.24228000,1784987459999999,144038.50794730,1052,0.68932000,44281.03483780,0
1784987460000000,64235.80000000,64235.80000000,64218.00000000,64218.01000000,6.13664000,1784987519999999,394124.82320660,1572,5.21307000,334805.90904110,0
1784987520000000,64218.01000000,64219.47000000,64213.01000000,64213.01000000,6.22131000,1784987579999999,399508.41355920,756,5.00551000,321433.51558140,0
1784987580000000,64213.00000000,64213.00000000,64187.52000000,64196.80000000,9.53079000,1784987639999999,611788.96056870,2370,7.11932000,456982.89968310,0
1784987640000000,64196.80000000,64196.80000000,64186.08000000,64186.09000000,1.92482000,1784987699999999,123552.27032260,1217,1.05899000,67973.21257300,0
1784987700000000,64186.09000000,64186.09000000,64183.83000000,64183.83000000,1.89775000,1784987759999999,121808.96346070,587,0.87098000,55904.78394260,0
1784987760000000,64183.83000000,64183.83000000,64143.00000000,64145.58000000,6.61093000,1784987819999999,424150.93909920,2094,3.04240000,195176.85789790,0
1784987820000000,64145.58000000,64145.58000000,64145.57000000,64145.58000000,3.05723000,1784987879999999,196107.77354620,224,1.25751000,80663.70830580,0
1784987880000000,64145.57000000,64145.58000000,64145.57000000,64145.58000000,2.93322000,1784987939999999,188153.09604300,356,2.72076000,174524.72824080,0
1784987940000000,64145.58000000,64178.73000000,64145.57000000,64172.00000000,8.55922000,1784987999999999,549170.14871470,1162,7.24482000,464824.39374050,0
1784988000000000,64172.01000000,64172.01000000,64126.29000000,64126.29000000,18.63675000,1784988059999999,1195484.47742250,2030,8.02386000,514700.54807510,0
1784988060000000,64126.29000000,64129.34000000,64126.00000000,64126.00000000,3.56932000,1784988119999999,228892.01915040,682,2.69001000,172503.14858000,0
1784988120000000,64126.00000000,64130.20000000,64126.00000000,64130.20000000,3.17058000,1784988179999999,203325.11230380,709,2.96614000,190214.57081640,0
1784988180000000,64130.20000000,64130.20000000,64130.19000000,64130.20000000,1.84414000,1784988239999999,118265.06530270,274,1.67161000,107200.68362200,0
1784988240000000,64130.19000000,64130.20000000,64130.19000000,64130.19000000,2.76829000,1784988299999999,177530.98554180,280,2.18667000,140231.58443400,0
1784988300000000,64130.19000000,64153.00000000,64130.19000000,64152.99000000,5.79067000,1784988359999999,371414.10555030,1152,5.70160000,365700.77240390,0
1784988360000000,64152.99000000,64153.00000000,64152.99000000,64152.99000000,2.49511000,1784988419999999,160068.79058500,335,2.37061000,152081.74333000,0
1784988420000000,64153.00000000,64153.00000000,64138.69000000,64147.63000000,8.86015000,1784988479999999,568294.74296650,1179,7.73982000,496429.89262870,0
1784988480000000,64147.63000000,64159.43000000,64147.63000000,64159.43000000,3.84216000,1784988539999999,246483.31230910,923,3.76952000,241823.25340570,0
1784988540000000,64159.42000000,64174.24000000,64159.42000000,64174.24000000,3.76738000,1784988599999999,241737.85786020,1048,2.48443000,159411.86823210,0
1784988600000000,64174.24000000,64174.24000000,64174.22000000,64174.23000000,2.08025000,1784988659999999,133498.44419300,288,1.10658000,71013.92364830,0
1784988660000000,64174.22000000,64174.22000000,64150.00000000,64150.01000000,12.27613000,1784988719999999,787580.40183170,924,9.21985000,591496.80853960,0
1784988720000000,64150.01000000,64150.01000000,64150.00000000,64150.01000000,1.40502000,1784988779999999,90132.04651880,199,1.35188000,86723.11551880,0
1784988780000000,64150.01000000,64159.62000000,64150.00000000,64159.62000000,6.13551000,1784988839999999,393611.56754710,1234,5.80262000,372254.34866370,0
1784988840000000,64159.62000000,64173.00000000,64159.61000000,64173.00000000,1.75553000,1784988899999999,112642.86466100,621,1.70254000,109242.86440610,0
1784988900000000,64172.99000000,64182.00000000,64172.99000000,64181.99000000,1.80266000,1784988959999999,115689.25235470,476,1.69508000,108784.64180980,0
1784988960000000,64182.00000000,64182.00000000,64181.99000000,64181.99000000,1.14910000,1784989019999999,73751.53393700,172,0.92280000,59227.14960000,0
1784989020000000,64182.00000000,64182.00000000,64171.59000000,64171.60000000,15.13394000,1784989079999999,971186.96380410,693,13.30548000,853837.04548440,0
1784989080000000,64171.59000000,64171.60000000,64168.00000000,64168.00000000,0.81178000,1784989139999999,52091.95909240,361,0.32842000,21074.50555310,0
1784989140000000,64168.00000000,64168.01000000,64164.22000000,64164.22000000,1.51244000,1784989199999999,97045.42488970,303,0.93752000,60155.47467120,0
1784989200000000,64164.23000000,64164.23000000,64154.26000000,64154.27000000,1.84289000,1784989259999999,118243.01941470,632,0.93900000,60249.50128260,0
1784989260000000,64154.26000000,64154.27000000,64154.26000000,64154.26000000,0.90285000,1784989319999999,57921.68172620,115,0.80852000,51870.01038040,0
1784989320000000,64154.27000000,64154.27000000,64136.00000000,64138.00000000,15.27009000,1784989379999999,979405.46538770,1113,6.71201000,430483.07517830,0
1784989380000000,64138.00000000,64140.00000000,64137.99000000,64139.99000000,4.32002000,1784989439999999,277077.48526220,582,3.80157000,243825.11552500,0
1784989440000000,64139.99000000,64151.20000000,64139.99000000,64151.19000000,5.05103000,1784989499999999,323982.25635660,864,4.93009000,316224.63161600,0
1784989500000000,64151.20000000,64151.31000000,64151.19000000,64151.30000000,3.24217000,1784989559999999,207989.20970130,427,3.04377000,195261.59530240,0
1784989560000000,64151.30000000,64152.00000000,64144.26000000,64144.27000000,4.19293000,1784989619999999,268969.76502880,861,3.16941000,203309.90029470,0
1784989620000000,64144.27000000,64150.92000000,64144.26000000,64150.92000000,4.40073000,1784989679999999,282288.79241750,695,4.32595000,277491.93687730,0
1784989680000000,64150.91000000,64158.50000000,64150.91000000,64158.49000000,1.57574000,1784989739999999,101088.22670330,403,1.42963000,91714.62255560,0
1784989740000000,64158.50000000,64160.82000000,64158.49000000,64160.81000000,1.39114000,1784989799999999,89254.64959380,505,1.26704000,81292.51142360,0
1784989800000000,64160.82000000,64160.82000000,64160.81000000,64160.82000000,0.58669000,1784989859999999,37642.50781550,158,0.21966000,14093.56572120,0
1784989860000000,64160.82000000,64170.00000000,64160.81000000,64169.99000000,2.75921000,1784989919999999,177040.82675710,902,2.39237000,153502.54878340,0
1784989920000000,64170.00000000,64170.00000000,64169.99000000,64170.00000000,0.49225000,1784989979999999,31587.68205110,160,0.44736000,28707.09120000,0
1784989980000000,64170.00000000,64170.00000000,64169.99000000,64169.99000000,0.73881000,1784990039999999,47409.43701840,144,0.67065000,43035.61050000,0
1784990040000000,64170.00000000,64183.00000000,64169.99000000,64176.94000000,4.11857000,1784990099999999,264308.07204400,941,3.24408000,208184.50260410,0
1784990100000000,64176.94000000,64176.95000000,64173.31000000,64173.32000000,3.67308000,1784990159999999,235716.70251470,400,2.96985000,190587.38271150,0
1784990160000000,64173.32000000,64204.59000000,64173.31000000,64202.02000000,6.97778000,1784990219999999,447880.24187040,1443,5.42689000,348333.69316670,0
1784990220000000,64202.02000000,64202.02000000,64190.89000000,64190.89000000,5.46402000,1784990279999999,350785.38116300,571,2.45552000,157640.27202860,0
1784990280000000,64190.89000000,64195.58000000,64188.07000000,64188.08000000,5.41140000,1784990339999999,347359.75685540,541,4.29820000,275900.43230490,0
1784990340000000,64188.08000000,64195.58000000,64188.08000000,64195.58000000,5.34310000,1784990399999999,342980.54992890,838,4.96820000,318915.16332500,0
1784990400000000,64195.58000000,64195.58000000,64195.57000000,64195.58000000,0.71314000,1784990459999999,45780.43369360,144,0.49038000,31480.22852040,0
1784990460000000,64195.58000000,64200.78000000,64195.57000000,64199.56000000,5.73368000,1784990519999999,368086.90809470,772,5.09960000,327379.09501560,0
1784990520000000,64199.56000000,64199.56000000,64183.00000000,64183.01000000,3.58277000,1784990579999999,229972.14375600,1107,1.19279000,76558.90270680,0
1784990580000000,64183.01000000,64183.01000000,64176.01000000,64176.01000000,5.62804000,1784990639999999,361185.87963650,515,5.13288000,329407.81659750,0
1784990640000000,64176.01000000,64197.99000000,64176.01000000,64197.98000000,10.18309000,1784990699999999,653618.62049180,1690,9.91117000,636167.21131440,0
1784990700000000,64197.98000000,64201.08000000,64190.85000000,64190.86000000,7.05916000,1784990759999999,453180.58575070,882,3.07650000,197498.47223690,0
1784990760000000,64190.85000000,64190.86000000,64177.98000000,64177.98000000,10.58782000,1784990819999999,679559.46326170,832,9.23350000,592631.96050560,0
1784990820000000,64177.98000000,64177.99000000,64177.98000000,64177.99000000,0.65435000,1784990879999999,41994.86736100,134,0.61480000,39456.62825200,0
1784990880000000,64177.99000000,64185.00000000,64177.98000000,64185.00000000,2.34048000,1784990939999999,150212.18475910,694,2.07763000,133341.64789340,0
1784990940000000,64185.00000000,64185.00000000,64182.00000000,64182.00000000,2.52594000,1784990999999999,162122.29265010,542,0.23545000,15111.81403540,0
1784991000000000,64182.01000000,64182.01000000,64175.01000000,64175.01000000,0.62002000,1784991059999999,39792.08467830,342,0.35400000,22719.36775040,0
1784991060000000,64175.02000000,64175.02000000,64175.01000000,64175.01000000,0.51340000,1784991119999999,32947.45338100,152,0.32470000,20837.62899400,0
1784991120000000,64175.02000000,64184.99000000,64175.01000000,64184.99000000,3.40011000,1784991179999999,218206.94918890,844,3.10885000,199514.85362710,0
1784991180000000,64184.99000000,64206.00000000,64184.98000000,64205.99000000,14.15585000,1784991239999999,908632.26179870,811,13.72799000,881165.73547990,0
1784991240000000,64205.99000000,64206.00000000,64205.99000000,64206.00000000,1.83017000,1784991299999999,117507.88721070,213,1.04924000,67367.50344000,0
1784991300000000,64206.00000000,64213.00000000,64205.99000000,64213.00000000,5.82022000,1784991359999999,373711.80465170,1260,4.62304000,296838.61441700,0
1784991360000000,64212.99000000,64213.00000000,64212.86000000,64212.87000000,6.82107000,1784991419999999,438001.27238350,310,0.76283000,48983.58038580,0
1784991420000000,64212.87000000,64217.09000000,64212.86000000,64217.08000000,1.84268000,1784991479999999,118325.43423000,644,1.54244000,99045.97988560,0
1784991480000000,64217.09000000,64217.09000000,64217.07000000,64217.07000000,5.37507000,1784991539999999,345171.31686140,387,1.93237000,124091.17694960,0
1784991540000000,64217.08000000,64217.08000000,64214.04000000,64214.04000000,4.25476000,1784991599999999,273218.30652920,391,2.71960000,174637.70517160,0
1784991600000000,64214.05000000,64214.05000000,64196.00000000,64196.00000000,4.94668000,1784991659999999,317592.18685290,1353,2.67831000,171950.43260340,0
1784991660000000,64196.01000000,64196.01000000,64196.00000000,64196.00000000,2.87041000,1784991719999999,184268.86582740,224,2.54674000,163490.54650740,0
1784991720000000,64196.00000000,64196.01000000,64188.38000000,64188.39000000,2.22949000,1784991779999999,143119.67727650,726,0.49572000,31822.17844720,0
1784991780000000,64188.39000000,64188.39000000,64188.38000000,64188.39000000,0.93593000,1784991839999999,60075.83339250,184,0.28991000,18608.85614490,0
1784991840000000,64188.39000000,64188.39000000,64188.38000000,64188.39000000,1.12170000,1784991899999999,72000.11036330,247,0.45173000,28995.82141470,0
1784991900000000,64188.39000000,64193.62000000,64188.39000000,64193.61000000,7.64069000,1784991959999999,490457.36971750,1145,7.12258000,457199.02586270,0
1784991960000000,64193.61000000,64220.00000000,64193.61000000,64219.99000000,5.26424000,1784992019999999,337985.72471710,1069,4.77634000,306660.55695230,0
1784992020000000,64219.99000000,64220.00000000,64219.99000000,64220.00000000,1.17515000,1784992079999999,75468.13082300,223,0.95745000,61487.43900000,0
1784992080000000,64220.00000000,64220.00000000,64212.00000000,64212.00000000,2.55439000,1784992139999999,164038.73581850,573,0.27936000,17939.42314510,0
1784992140000000,64212.01000000,64219.62000000,64212.00000000,64219.61000000,4.49189000,1784992199999999,288436.29623500,641,3.67021000,235673.87181230,0
1784992200000000,64219.61000000,64230.00000000,64219.61000000,64230.00000000,2.85226000,1784992259999999,183181.19004690,743,2.47075000,158677.10964480,0
1784992260000000,64229.99000000,64230.00000000,64228.00000000,64228.01000000,2.46334000,1784992319999999,158219.32907860,268,0.23835000,15308.76674020,0
1784992320000000,64228.01000000,64248.54000000,64228.00000000,64248.54000000,5.88709000,1784992379999999,378170.97695800,1212,5.71027000,366811.89072140,0
1784992380000000,64248.54000000,64256.84000000,64248.53000000,64256.84000000,4.11296000,1784992439999999,264265.37844060,1031,3.98941000,256326.80119910,0
1784992440000000,64256.84000000,64258.45000000,64240.00000000,64245.14000000,4.66952000,1784992499999999,300009.57242990,1360,2.19478000,141004.66140940,0
1784992500000000,64245.15000000,64258.45000000,64245.14000000,64258.45000000,2.84796000,1784992559999999,182986.45427550,725,2.15708000,138595.03627490,0
1784992560000000,64258.44000000,64272.00000000,64258.44000000,64262.00000000,5.86279000,1784992619999999,376776.94027330,1196,4.73814000,304497.24967910,0
1784992620000000,64262.01000000,64262.01000000,64240.00000000,64248.00000000,5.56249000,1784992679999999,357360.30314220,1768,4.16020000,267263.68665640,0
1784992680000000,64248.00000000,64248.00000000,64237.21000000,64237.21000000,1.47315000,1784992739999999,94640.37828210,689,0.56424000,36248.85855720,0
1784992740000000,64237.22000000,64244.00000000,64236.85000000,64244.00000000,3.58227000,1784992799999999,230122.37640250,1255,2.96512000,190476.49702620,0
1784992800000000,64244.00000000,64264.00000000,64243.99000000,64262.01000000,6.07967000,1784992859999999,390666.34757120,1497,3.95807000,254325.03101890,0
1784992860000000,64262.01000000,64262.01000000,64236.18000000,64236.19000000,3.25906000,1784992919999999,209374.85130850,1057,0.47674000,30627.61798240,0
1784992920000000,64236.18000000,64238.76000000,64236.18000000,64238.75000000,2.70969000,1784992979999999,174062.98807250,837,2.40882000,154735.96625570,0
1784992980000000,64238.76000000,64238.76000000,64227.41000000,64227.42000000,5.01094000,1784993039999999,321871.28717150,831,1.35802000,87230.32083130,0
1784993040000000,64227.41000000,64227.42000000,64226.28000000,64226.29000000,3.97725000,1784993099999999,255444.96759930,586,0.89320000,57366.99524120,0
1784993100000000,64226.28000000,64226.29000000,64216.00000000,64216.01000000,2.63172000,1784993159999999,169014.18832600,919,0.49187000,31589.62088660,0
1784993160000000,64216.00000000,64216.01000000,64208.01000000,64208.02000000,0.96896000,1784993219999999,62221.35033420,517,0.23255000,14933.18718800,0
1784993220000000,64208.01000000,64208.02000000,64200.00000000,64200.00000000,1.86435000,1784993279999999,119698.05245620,535,0.55556000,35669.86455750,0
1784993280000000,64200.01000000,64200.01000000,64200.00000000,64200.01000000,3.30346000,1784993339999999,212082.13832100,262,0.63210000,40580.82632100,0
1784993340000000,64200.00000000,64200.01000000,64200.00000000,64200.01000000,2.02377000,1784993399999999,129926.05260100,498,1.86010000,119418.43860100,0
1784993400000000,64200.01000000,64200.01000000,64193.00000000,64193.01000000,2.02613000,1784993459999999,130076.41325150,409,0.46088000,29588.01918880,0
1784993460000000,64193.01000000,64193.01000000,64183.01000000,64183.02000000,1.86975000,1784993519999999,120013.81732730,516,0.65224000,41863.32182580,0
1784993520000000,64183.01000000,64183.02000000,64183.01000000,64183.01000000,0.79775000,1784993579999999,51202.00263730,176,0.64098000,41140.03215960,0
1784993580000000,64183.01000000,64185.66000000,64183.01000000,64185.66000000,6.07985000,1784993639999999,390231.00119740,847,5.74802000,368932.73771710,0
1784993640000000,64185.66000000,64185.66000000,64184.33000000,64184.34000000,1.97604000,1784993699999999,126832.72701600,300,0.64668000,41507.04790320,0
1784993700000000,64184.34000000,64198.01000000,64184.33000000,64198.01000000,4.19105000,1784993759999999,269032.95545350,871,3.18626000,204529.36463280,0
1784993760000000,64198.01000000,64214.00000000,64198.00000000,64214.00000000,2.28541000,1784993819999999,146728.22275320,870,2.13423000,137021.77858450,0
1784993820000000,64213.99000000,64223.00000000,64213.99000000,64214.01000000,2.16975000,1784993879999999,139342.49328140,864,1.40554000,90264.50385050,0
1784993880000000,64214.00000000,64242.61000000,64214.00000000,64233.99000000,13.46340000,1784993939999999,864780.50120670,805,13.24160000,850536.24357590,0
1784993940000000,64233.99000000,64234.15000000,64222.75000000,64234.14000000,2.18890000,1784993999999999,140592.77926110,1045,1.21000000,77716.99314730,0
1784994000000000,64234.15000000,64234.15000000,64231.99000000,64232.00000000,4.70930000,1784994059999999,302497.08253630,379,0.39945000,25657.90110210,0
1784994060000000,64231.99000000,64232.00000000,64222.12000000,64222.13000000,2.93498000,1784994119999999,188500.76777220,798,0.12792000,8215.99878280,0
1784994120000000,64222.12000000,64222.13000000,64222.12000000,64222.13000000,0.71475000,1784994179999999,45902.76317420,128,0.29042000,18651.39099460,0
1784994180000000,64222.13000000,64222.64000000,64222.12000000,64222.12000000,5.98622000,1784994239999999,384448.15266970,741,5.63615000,361965.82578350,0
1784994240000000,64222.12000000,64222.13000000,64215.56000000,64215.56000000,1.24510000,1784994299999999,79957.51385060,470,0.28137000,18068.34739950,0
1784994300000000,64215.56000000,64217.73000000,64215.56000000,64217.73000000,1.45346000,1784994359999999,93334.92002280,619,1.25968000,80891.16551800,0
1784994360000000,64217.72000000,64217.73000000,64210.99000000,64210.99000000,0.96990000,1784994419999999,62282.21727000,510,0.35737000,22948.59220450,0
1784994420000000,64210.99000000,64211.00000000,64210.00000000,64210.00000000,0.90419000,1784994479999999,58058.31875250,253,0.61632000,39574.07727750,0
1784994480000000,64210.00000000,64210.01000000,64200.00000000,64200.04000000,1.10794000,1784994539999999,71134.35779580,772,0.49524000,31796.08643110,0
1784994540000000,64200.03000000,64200.04000000,64194.00000000,64194.00000000,2.20446000,1784994599999999,141524.74606260,630,1.08880000,69900.70782070,0
1784994600000000,64194.01000000,64194.01000000,64184.00000000,64184.01000000,3.65361000,1784994659999999,234527.29237840,958,1.00644000,64601.30381750,0
1784994660000000,64184.00000000,64186.02000000,64184.00000000,64186.02000000,0.80350000,1784994719999999,51572.85026800,334,0.51463000,33031.57560610,0
1784994720000000,64186.01000000,64189.58000000,64186.01000000,64189.57000000,6.55972000,1784994779999999,421062.51068440,605,1.25820000,80760.24838040,0
1784994780000000,64189.58000000,64189.58000000,64187.44000000,64187.45000000,2.48257000,1784994839999999,159354.59080160,499,0.83616000,53672.48559840,0
1784994840000000,64187.45000000,64187.45000000,64180.00000000,64180.00000000,3.50654000,1784994899999999,225065.07713510,688,0.29334000,18828.41989970,0
1784994900000000,64179.95000000,64187.38000000,64169.99000000,64187.38000000,8.48709000,1784994959999999,544656.44511470,1274,3.55054000,227861.54781360,0
1784994960000000,64187.37000000,64187.38000000,64187.37000000,64187.37000000,1.05427000,1784995019999999,67670.82061540,238,0.20455000,13129.52857900,0
1784995020000000,64187.37000000,64187.38000000,64182.00000000,64182.00000000,1.30647000,1784995079999999,83855.47056350,448,0.18172000,11663.58607290,0
1784995080000000,64182.00000000,64182.01000000,64182.00000000,64182.00000000,1.03099000,1784995139999999,66171.00517500,240,0.49950000,32058.91399500,0
1784995140000000,64182.01000000,64182.01000000,64182.00000000,64182.00000000,1.44393000,1784995199999999,92674.32586050,170,1.06005000,68036.13970050,0
1784995200000000,64182.01000000,64187.96000000,64182.00000000,64187.95000000,2.89323000,1784995259999999,185707.15438340,653,2.42464000,155629.50083720,0
1784995260000000,64187.96000000,64203.00000000,64187.95000000,64203.00000000,1.99520000,1784995319999999,128076.67009010,580,1.63832000,105166.83526930,0
1784995320000000,64203.00000000,64208.50000000,64203.00000000,64208.50000000,0.77382000,1784995379999999,49684.92710420,367,0.56911000,36540.82832650,0
1784995380000000,64208.50000000,64208.50000000,64196.44000000,64196.45000000,4.25015000,1784995439999999,272881.25793380,724,0.41012000,26329.55811710,0
1784995440000000,64196.44000000,64196.45000000,64192.00000000,64192.01000000,1.26360000,1784995499999999,81113.50752590,520,0.65357000,41954.04706590,0
1784995500000000,64192.01000000,64192.01000000,64192.00000000,64192.01000000,1.69622000,1784995559999999,108883.75830050,219,0.40605000,26065.16566050,0
1784995560000000,64192.01000000,64192.01000000,64186.79000000,64191.98000000,4.93764000,1784995619999999,316939.58736300,723,3.75602000,241090.02422530,0
1784995620000000,64191.98000000,64199.52000000,64176.89000000,64176.89000000,5.49333000,1784995679999999,352642.80960830,1143,0.82216000,52777.29524050,0
1784995680000000,64176.90000000,64176.90000000,64169.48000000,64169.49000000,2.08070000,1784995739999999,133525.90638870,430,0.38214000,24522.92775750,0
1784995740000000,64169.49000000,64169.49000000,64156.08000000,64156.09000000,2.54769000,1784995799999999,163460.89192560,698,0.42659000,27369.90969910,0
1784995800000000,64156.08000000,64158.00000000,64153.78000000,64158.00000000,4.44117000,1784995859999999,284921.67279900,675,3.71592000,238393.28356480,0
1784995860000000,64158.00000000,64176.00000000,64157.99000000,64176.00000000,5.20814000,1784995919999999,334166.41975090,668,4.65463000,298652.98173930,0
1784995920000000,64175.99000000,64176.00000000,64175.99000000,64176.00000000,0.68398000,1784995979999999,43895.09659210,260,0.29519000,18944.11344000,0
1784995980000000,64176.00000000,64188.00000000,64175.99000000,64187.99000000,0.90515000,1784996039999999,58093.55268500,443,0.67195000,43126.39855700,0
1784996040000000,64187.99000000,64208.00000000,64187.99000000,64208.00000000,1.89607000,1784996099999999,121720.98295920,875,1.22214000,78458.38375200,0
1784996100000000,64207.99000000,64208.00000000,64200.00000000,64200.01000000,1.51103000,1784996159999999,97011.14693830,493,0.30522000,19595.70824480,0
1784996160000000,64200.00000000,64200.01000000,64200.00000000,64200.01000000,1.71216000,1784996219999999,109920.67867670,285,0.66767000,42864.42067670,0
1784996220000000,64200.00000000,64200.01000000,64178.00000000,64178.00000000,2.59285000,1784996279999999,166450.82076900,934,0.28464000,18273.45653140,0
1784996280000000,64178.01000000,64186.00000000,64178.00000000,64185.99000000,3.21646000,1784996339999999,206443.62441250,437,0.88768000,56971.58005880,0
1784996340000000,64185.99000000,64186.00000000,64164.36000000,64167.98000000,5.32129000,1784996399999999,341478.67830940,923,0.27601000,17710.63555900,0
1784996400000000,64167.97000000,64167.98000000,64166.19000000,64166.19000000,0.96925000,1784996459999999,62194.75996960,315,0.41085000,26363.40760540,0
1784996460000000,64166.19000000,64168.00000000,64166.19000000,64167.99000000,0.79866000,1784996519999999,51248.02802660,327,0.56342000,36153.17205500,0
1784996520000000,64167.99000000,64168.00000000,64154.44000000,64154.45000000,5.66021000,1784996579999999,363175.19315410,782,0.26822000,17208.64454050,0
1784996580000000,64154.44000000,64154.45000000,64144.00000000,64144.01000000,5.99631000,1784996639999999,384674.83503100,560,0.34708000,22263.29443260,0
1784996640000000,64144.01000000,64144.01000000,64136.49000000,64136.49000000,2.16419000,1784996699999999,138817.43879010,528,0.61858000,39677.05357700,0
1784996700000000,64136.49000000,64136.50000000,64123.00000000,64123.01000000,4.32458000,1784996759999999,277318.58973550,702,0.37105000,23793.09582830,0
1784996760000000,64123.00000000,64123.01000000,64123.00000000,64123.00000000,1.04326000,1784996819999999,66896.96540340,267,0.44234000,28364.17224340,0
1784996820000000,64123.01000000,64142.27000000,64123.00000000,64142.26000000,1.92827000,1784996879999999,123668.50075920,699,1.57431000,100965.55532610,0
1784996880000000,64142.26000000,64142.27000000,64142.26000000,64142.27000000,0.86975000,1784996939999999,55787.73462030,219,0.39853000,25562.61886310,0
1784996940000000,64142.27000000,64142.27000000,64142.26000000,64142.26000000,0.67401000,1784996999999999,43232.52670720,160,0.20446000,13114.52852420,0
1784997000000000,64142.26000000,64148.99000000,64142.26000000,64146.28000000,2.85530000,1784997059999999,183154.83399000,720,1.51720000,97320.45821800,0
1784997060000000,64146.28000000,64146.29000000,64142.14000000,64142.15000000,0.91471000,1784997119999999,58673.90117170,342,0.13094000,8399.12345930,0
1784997120000000,64142.14000000,64154.00000000,64142.14000000,64153.99000000,2.70884000,1784997179999999,173774.65283940,914,1.41697000,90897.62122860,0
1784997180000000,64154.00000000,64170.00000000,64153.99000000,64169.99000000,1.50918000,1784997239999999,96829.66978330,778,0.98468000,63178.31903810,0
1784997240000000,64170.00000000,64182.50000000,64169.99000000,64182.49000000,3.68754000,1784997299999999,236642.45408690,739,3.26364000,209439.89492090,0
1784997300000000,64182.49000000,64186.00000000,64182.49000000,64185.99000000,0.57874000,1784997359999999,37145.42186160,337,0.37436000,24027.64556040,0
1784997360000000,64185.99000000,64189.24000000,64185.99000000,64189.23000000,3.16123000,1784997419999999,202908.05715330,539,0.69953000,44901.23235150,0
1784997420000000,64189.23000000,64193.69000000,64189.23000000,64193.68000000,0.80062000,1784997479999999,51393.19479750,577,0.53221000,34163.66754090,0
1784997480000000,64193.69000000,64197.20000000,64186.00000000,64186.00000000,1.59970000,1784997539999999,102687.99146310,848,0.20492000,13154.35835050,0
1784997540000000,64186.00000000,64188.00000000,64186.00000000,64187.99000000,0.62741000,1784997599999999,40271.95115720,303,0.27060000,17369.11936850,0
1784997600000000,64187.99000000,64193.68000000,64187.99000000,64193.68000000,1.12659000,1784997659999999,72315.86016720,577,0.50064000,32135.64286580,0
1784997660000000,64193.68000000,64200.00000000,64193.68000000,64200.00000000,0.63232000,1784997719999999,40593.60964430,389,0.29335000,18832.26978250,0
1784997720000000,64200.00000000,64200.00000000,64199.99000000,64199.99000000,0.72413000,1784997779999999,46489.14216020,270,0.34015000,21837.63000000,0
1784997780000000,64199.99000000,64200.94000000,64199.99000000,64200.94000000,0.36394000,1784997839999999,23365.03815920,496,0.17892000,11486.70804730,0
1784997840000000,64200.93000000,64203.00000000,64200.93000000,64202.99000000,0.78202000,1784997899999999,50207.18791640,543,0.36680000,23549.26069220,0
1784997900000000,64203.00000000,64203.29000000,64202.99000000,64203.29000000,1.09501000,1784997959999999,70303.07676600,548,0.69313000,44501.16195850,0
1784997960000000,64203.29000000,64205.18000000,64203.28000000,64205.17000000,0.62316000,1784998019999999,40009.37314840,420,0.38424000,24669.72524530,0
1784998020000000,64205.18000000,64229.30000000,64205.18000000,64229.30000000,3.36427000,1784998079999999,216064.57538230,1383,1.20764000,77551.98600730,0
1784998080000000,64229.29000000,64241.71000000,64228.00000000,64228.01000000,2.51767000,1784998139999999,161720.60402040,1470,0.57818000,37139.90192430,0
1784998140000000,64228.01000000,64238.00000000,64228.00000000,64228.86000000,1.41543000,1784998199999999,90915.66714310,879,0.50779000,32615.93670880,0
1784998200000000,64228.87000000,64228.87000000,64224.99000000,64225.00000000,1.18252000,1784998259999999,75948.62095950,664,0.23297000,14962.74222380,0
1784998260000000,64225.00000000,64225.00000000,64203.00000000,64203.01000000,2.67292000,1784998319999999,171640.52544060,907,0.45485000,29207.24649750,0
1784998320000000,64203.01000000,64212.00000000,64203.00000000,64210.00000000,1.58306000,1784998379999999,101641.74822450,678,0.66919000,42965.79863650,0
1784998380000000,64210.01000000,64210.01000000,64206.80000000,64206.81000000,1.25309000,1784998439999999,80459.37506400,409,0.29348000,18843.68198680,0
1784998440000000,64206.81000000,64206.81000000,64206.80000000,64206.80000000,0.66897000,1784998499999999,42952.42444700,156,0.14510000,9316.40813100,0
1784998500000000,64206.81000000,64206.81000000,64190.00000000,64190.01000000,1.73442000,1784998559999999,111349.15738330,942,0.26178000,16806.12872520,0
1784998560000000,64190.00000000,64190.01000000,64190.00000000,64190.01000000,1.09476000,1784998619999999,70272.64810870,151,0.37087000,23806.14900870,0
1784998620000000,64190.00000000,64207.64000000,64190.00000000,64207.64000000,2.55299000,1784998679999999,163906.34548950,950,2.35157000,150974.92134760,0
1784998680000000,64207.64000000,64209.73000000,64205.28000000,64205.29000000,1.29319000,1784998739999999,83034.15774150,492,0.36900000,23692.78295480,0
1784998740000000,64205.29000000,64206.61000000,64205.28000000,64206.60000000,1.63818000,1784998799999999,105179.97234830,448,0.75523000,48489.85592990,0
1784998800000000,64206.61000000,64206.61000000,64206.60000000,64206.61000000,4.22554000,1784998859999999,271307.56042090,233,0.38569000,24763.84741090,0
1784998860000000,64206.60000000,64209.17000000,64206.60000000,64209.16000000,1.34188000,1784998919999999,86159.33785350,413,0.96027000,61657.10028670,0
1784998920000000,64209.17000000,64217.92000000,64209.15000000,64217.91000000,1.25693000,1784998979999999,80708.85773520,607,0.86837000,55759.35365710,0
1784998980000000,64217.91000000,64229.93000000,64217.91000000,64229.93000000,1.23680000,1784999039999999,79430.23666350,636,0.90570000,58165.59855250,0
1784999040000000,64229.93000000,64236.00000000,64229.92000000,64236.00000000,1.10735000,1784999099999999,71128.07828230,600,0.68277000,43855.51620350,0
1784999100000000,64236.00000000,64236.00000000,64235.99000000,64235.99000000,1.76548000,1784999159999999,113407.36921810,150,1.35929000,87315.35244000,0
1784999160000000,64235.99000000,64236.00000000,64226.48000000,64226.49000000,1.23661000,1784999219999999,79430.74957850,448,0.13930000,8947.76249160,0
1784999220000000,64226.48000000,64226.49000000,64226.48000000,64226.48000000,0.96684000,1784999279999999,62096.73442010,199,0.44969000,28882.01028810,0
1784999280000000,64226.48000000,64226.49000000,64225.79000000,64225.80000000,1.19845000,1784999339999999,76972.12234640,321,0.40374000,25930.78267980,0
1784999340000000,64225.79000000,64225.80000000,64224.23000000,64224.23000000,0.99754000,1784999399999999,64066.94217560,224,0.28245000,18140.37091560,0
1784999400000000,64224.23000000,64224.24000000,64224.23000000,64224.24000000,0.64637000,1784999459999999,41512.61684530,178,0.13002000,8350.43568480,0
1784999460000000,64224.23000000,64224.24000000,64216.00000000,64216.00000000,2.01699000,1784999519999999,129527.42721420,448,0.21153000,13583.76098220,0
1784999520000000,64216.00000000,64216.01000000,64194.37000000,64196.97000000,5.84988000,1784999579999999,375579.95955580,1328,2.10023000,134830.01464290,0
1784999580000000,64196.96000000,64198.02000000,64196.96000000,64198.02000000,1.24397000,1784999639999999,79859.25230750,419,0.73614000,47257.99626970,0
1784999640000000,64198.02000000,64203.79000000,64198.01000000,64203.78000000,1.11245000,1784999699999999,71418.08608410,397,0.34063000,21868.24491990,0
1784999700000000,64203.79000000,64212.38000000,64203.79000000,64212.38000000,1.84949000,1784999759999999,118746.76272140,554,1.29425000,83098.17822050,0
1784999760000000,64212.37000000,64233.00000000,64212.37000000,64232.99000000,1.65020000,1784999819999999,105984.76263320,1002,1.25115000,80355.15650160,0
1784999820000000,64233.00000000,64233.00000000,64227.14000000,64227.14000000,3.15612000,1784999879999999,202720.77572020,483,0.21620000,13886.00996640,0
1784999880000000,64227.15000000,64230.00000000,64227.14000000,64229.99000000,2.00321000,1784999939999999,128664.00148560,497,1.51846000,97529.61916960,0
1784999940000000,64229.99000000,64230.55000000,64220.05000000,64220.06000000,2.55298000,1784999999999999,163966.27760710,754,0.58797000,37764.67465330,0
1785000000000000,64220.05000000,64220.06000000,64220.05000000,64220.06000000,1.03659000,1785000059999999,66569.86541310,192,0.37836000,24298.30190160,0
1785000060000000,64220.06000000,64231.39000000,64220.05000000,64231.38000000,3.76621000,1785000119999999,241873.17755700,960,3.43154000,220379.39234150,0
1785000120000000,64231.38000000,64236.03000000,64231.38000000,64236.03000000,0.71675000,1785000179999999,46039.36505620,438,0.45578000,29276.28590680,0
1785000180000000,64236.03000000,64248.00000000,64236.02000000,64247.99000000,2.31999000,1785000239999999,149035.83744360,931,2.09421000,134530.97744270,0
1785000240000000,64248.00000000,64252.01000000,64247.99000000,64252.01000000,4.14550000,1785000299999999,266352.62208820,1173,3.95468000,254092.30903240,0
1785000300000000,64252.01000000,64262.94000000,64252.01000000,64262.93000000,3.45437000,1785000359999999,221973.51991730,722,2.72126000,174863.86293780,0
1785000360000000,64262.93000000,64271.02000000,64262.93000000,64271.02000000,1.69896000,1785000419999999,109185.62679180,901,1.32315000,85033.86720440,0
1785000420000000,64271.01000000,64281.21000000,64271.01000000,64281.21000000,3.70694000,1785000479999999,238272.18709160,1349,3.22311000,207173.30507010,0
1785000480000000,64281.21000000,64281.28000000,64279.99000000,64280.00000000,7.93553000,1785000539999999,510097.98079260,516,5.28195000,339525.49003780,0
1785000540000000,64279.99000000,64280.00000000,64271.93000000,64271.93000000,2.91270000,1785000599999999,187217.87771000,515,0.35977000,23123.83413870,0
1785000600000000,64271.93000000,64271.94000000,64258.99000000,64258.99000000,2.42415000,1785000659999999,155800.97402470,711,1.23207000,79187.03146760,0
1785000660000000,64258.99000000,64259.00000000,64256.00000000,64256.69000000,3.73365000,1785000719999999,239910.67298930,796,1.95759000,125787.08804140,0
1785000720000000,64256.69000000,64264.50000000,64256.69000000,64264.50000000,5.48732000,1785000779999999,352603.77811540,1151,5.10980000,328344.90759350,0
1785000780000000,64264.50000000,64286.26000000,64264.50000000,64286.25000000,2.36334000,1785000839999999,151903.55990930,1184,2.03307000,130677.52618740,0
1785000840000000,64286.25000000,64300.00000000,64286.25000000,64296.01000000,2.32802000,1785000899999999,149680.49373240,760,1.51367000,97320.21146450,0
1785000900000000,64296.01000000,64321.57000000,64296.01000000,64298.01000000,13.75366000,1785000959999999,884478.97640720,2063,8.42180000,541573.51869170,0
1785000960000000,64298.00000000,64298.00000000,64285.25000000,64285.26000000,1.92746000,1785001019999999,123924.29605620,605,0.31731000,20400.66305650,0
1785001020000000,64285.26000000,64285.26000000,64273.30000000,64273.30000000,1.04239000,1785001079999999,67006.53000550,449,0.24649000,15845.64772200,0
1785001080000000,64273.07000000,64273.08000000,64273.07000000,64273.07000000,0.72093000,1785001139999999,46336.38763490,146,0.32798000,21080.28477840,0
1785001140000000,64273.07000000,64273.08000000,64263.72000000,64263.73000000,4.30320000,1785001199999999,276569.14188610,551,1.73551000,111539.65493880,0
1785001200000000,64263.72000000,64275.40000000,64263.00000000,64275.40000000,4.98877000,1785001259999999,320635.83712630,1319,2.38437000,153239.95529360,0
1785001260000000,64275.40000000,64288.95000000,64275.39000000,64288.95000000,4.04917000,1785001319999999,260305.89569910,836,1.51214000,97207.54120890,0
1785001320000000,64288.94000000,64288.95000000,64288.94000000,64288.95000000,2.20210000,1785001379999999,141570.69424700,217,1.94730000,125189.87233500,0
1785001380000000,64288.95000000,64288.95000000,64288.94000000,64288.94000000,3.77986000,1785001439999999,243003.22239620,271,2.96478000,190602.59318100,0
1785001440000000,64288.95000000,64288.95000000,64288.94000000,64288.95000000,0.88016000,1785001499999999,56584.56047450,208,0.70441000,45285.77926950,0
1785001500000000,64288.94000000,64288.95000000,64288.94000000,64288.94000000,2.19888000,1785001559999999,141363.67568200,524,1.12948000,72613.08324600,0
1785001560000000,64288.95000000,64288.95000000,64288.94000000,64288.95000000,0.56652000,1785001619999999,36420.97323760,332,0.29488000,18957.52557600,0
1785001620000000,64288.95000000,64299.58000000,64288.94000000,64299.57000000,3.90557000,1785001679999999,251105.15034270,1410,3.65333000,234888.09522280,0
1785001680000000,64299.58000000,64356.00000000,64278.00000000,64278.01000000,16.48290000,1785001739999999,1060138.08539630,3997,6.65969000,428318.38898080,0
1785001740000000,64278.00000000,64278.01000000,64270.84000000,64270.84000000,1.08705000,1785001799999999,69867.39668180,553,0.26448000,16998.72502740,0
1785001800000000,64270.84000000,64302.34000000,64270.84000000,64302.34000000,8.54191000,1785001859999999,549080.67678060,1285,8.24723000,530133.98709050,0
1785001860000000,64302.33000000,64302.34000000,64282.25000000,64282.25000000,10.46841000,1785001919999999,673077.88245380,1244,6.87801000,442216.85613280,0
1785001920000000,64282.26000000,64282.26000000,64268.00000000,64268.00000000,3.16884000,1785001979999999,203691.17987550,632,0.64316000,41343.38232240,0
1785001980000000,64268.01000000,64268.01000000,64260.00000000,64267.94000000,1.74736000,1785002039999999,112291.86864320,937,1.37093000,88100.70814640,0
1785002040000000,64267.95000000,64267.95000000,64267.94000000,64267.95000000,2.03015000,1785002099999999,130473.57532330,291,1.69323000,108820.42097850,0
1785002100000000,64267.94000000,64267.95000000,64267.94000000,64267.94000000,4.71504000,1785002159999999,303025.94593410,728,3.81165000,244966.93161750,0
1785002160000000,64267.94000000,64267.95000000,64261.55000000,64261.56000000,1.11818000,1785002219999999,71859.05218590,509,0.25197000,16193.20285620,0
1785002220000000,64261.56000000,64261.56000000,64258.83000000,64258.83000000,1.68016000,1785002279999999,107968.92323860,394,0.38600000,24804.59974160,0
1785002280000000,64258.83000000,64258.83000000,64254.00000000,64254.01000000,0.83558000,1785002339999999,53691.70100170,599,0.34480000,22155.65996040,0
1785002340000000,64254.00000000,64267.41000000,64250.58000000,64267.40000000,6.17771000,1785002399999999,396932.74127890,1351,5.36174000,344502.55944340,0
1785002400000000,64267.41000000,64282.53000000,64267.41000000,64282.52000000,2.17754000,1785002459999999,139966.08683330,1174,1.83452000,117917.03826820,0
1785002460000000,64282.53000000,64348.00000000,64282.52000000,64348.00000000,5.86251000,1785002519999999,377103.32550910,2325,5.64105000,362859.01732570,0
1785002520000000,64348.00000000,64420.00000000,64347.99000000,64414.90000000,17.77258000,1785002579999999,1144389.15223590,4322,12.81333000,825023.38441600,0
1785002580000000,64414.90000000,64419.06000000,64363.00000000,64363.01000000,14.23439000,1785002639999999,916492.96073240,2853,3.47093000,223454.62363040,0
1785002640000000,64363.01000000,64365.99000000,64350.84000000,64362.00000000,3.90623000,1785002699999999,251404.70524320,1522,1.48355000,95483.12421330,0
1785002700000000,64362.00000000,64378.66000000,64338.00000000,64338.64000000,7.53546000,1785002759999999,484973.98375150,2534,2.74982000,176988.55416030,0
1785002760000000,64338.63000000,64346.39000000,64338.63000000,64340.43000000,3.47118000,1785002819999999,223352.58029020,1287,2.00552000,129043.42446010,0
1785002820000000,64340.42000000,64377.73000000,64333.00000000,64377.73000000,7.45833000,1785002879999999,479941.23539700,2088,7.11582000,457902.62141030,0
1785002880000000,64377.72000000,64379.77000000,64362.00000000,64368.93000000,5.14094000,1785002939999999,330922.26387490,2021,1.82783000,117659.32783400,0
1785002940000000,64368.93000000,64370.00000000,64347.23000000,64347.24000000,3.95829000,1785002999999999,254738.14344260,1127,1.88744000,121456.34089690,0
1785003000000000,64347.24000000,64357.75000000,64347.23000000,64357.74000000,1.46561000,1785003059999999,94314.70947590,966,1.23922000,79745.53086950,0
1785003060000000,64357.74000000,64377.99000000,64357.74000000,64377.99000000,3.02738000,1785003119999999,194870.47420790,1459,2.85716000,183913.40517640,0
1785003120000000,64377.99000000,64379.62000000,64377.01000000,64379.61000000,5.79755000,1785003179999999,373233.02389320,1039,4.45297000,286671.47271890,0
1785003180000000,64379.61000000,64381.12000000,64379.61000000,64380.00000000,2.31681000,1785003239999999,149158.01126360,334,0.42481000,27349.32872050,0
1785003240000000,64380.00000000,64380.01000000,64360.00000000,64360.01000000,3.16689000,1785003299999999,203844.64605220,755,0.39388000,25350.52672000,0
1785003300000000,64360.01000000,64360.29000000,64356.33000000,64360.28000000,5.78934000,1785003359999999,372598.95407250,1471,3.88090000,249774.40385590,0
1785003360000000,64360.29000000,64362.64000000,64350.00000000,64350.00000000,4.27987000,1785003419999999,275456.94668390,1433,3.37208000,217033.15644670,0
1785003420000000,64350.00000000,64350.01000000,64346.36000000,64346.56000000,1.38303000,1785003479999999,88994.43600120,381,0.38149000,24547.72048900,0
1785003480000000,64346.56000000,64374.07000000,64346.56000000,64374.06000000,3.74164000,1785003539999999,240823.74734770,1733,3.65580000,235297.97368880,0
1785003540000000,64374.06000000,64374.07000000,64374.06000000,64374.07000000,1.12405000,1785003599999999,72359.67269170,242,1.05487000,67906.27522090,0
1785003600000000,64374.07000000,64374.07000000,64355.11000000,64355.12000000,1.57409000,1785003659999999,101322.47854950,741,0.47606000,30644.86393270,0
1785003660000000,64355.12000000,64371.40000000,64355.11000000,64365.39000000,3.65003000,1785003719999999,234911.69720100,1229,1.94883000,125424.69469870,0
1785003720000000,64365.40000000,64365.40000000,64365.23000000,64365.24000000,0.58934000,1785003779999999,37933.03679510,189,0.31813000,20476.52270840,0
1785003780000000,64365.23000000,64365.24000000,64365.23000000,64365.24000000,0.95759000,1785003839999999,61635.50600800,171,0.54123000,34836.39884520,0
1785003840000000,64365.23000000,64371.17000000,64365.23000000,64368.00000000,3.20321000,1785003899999999,206183.81900290,1105,1.88014000,121017.49573400,0
1785003900000000,64368.01000000,64374.02000000,64364.07000000,64364.08000000,5.50720000,1785003959999999,354495.71976420,1035,0.92622000,59618.86678250,0
1785003960000000,64364.08000000,64370.67000000,64364.07000000,64370.67000000,2.70953000,1785004019999999,174409.18386860,731,2.51169000,161675.15046800,0
1785004020000000,64370.66000000,64374.00000000,64370.66000000,64374.00000000,1.36263000,1785004079999999,87714.55760460,546,1.27374000,81992.39966280,0
1785004080000000,64374.00000000,64395.74000000,64373.99000000,64395.73000000,1.60618000,1785004139999999,103415.25023500,1294,1.51895000,97798.70351210,0
1785004140000000,64395.73000000,64420.00000000,64395.73000000,64419.99000000,12.87092000,1785004199999999,828909.63856780,927,12.71368000,818781.60608720,0
1785004200000000,64420.00000000,64420.00000000,64414.00000000,64414.02000000,3.04414000,1785004259999999,196088.04453390,538,2.19770000,141563.70557730,0
1785004260000000,64414.01000000,64414.02000000,64388.37000000,64388.38000000,3.25054000,1785004319999999,209344.03195730,1059,0.68611000,44185.47866310,0
1785004320000000,64388.38000000,64396.00000000,64388.37000000,64396.00000000,2.96345000,1785004379999999,190819.71122800,804,2.74671000,176862.88495890,0
1785004380000000,64396.00000000,64475.28000000,64395.99000000,64440.29000000,84.12129000,1785004439999999,5420596.30130170,2470,80.50419000,5187553.98574050,0
1785004440000000,64440.29000000,64440.30000000,64425.37000000,64427.99000000,3.66080000,1785004499999999,235883.28838360,899,0.95545000,61560.93310410,0
1785004500000000,64427.99000000,64428.00000000,64413.71000000,64413.72000000,7.41600000,1785004559999999,477754.58323270,1153,2.39788000,154460.09956960,0
1785004560000000,64413.71000000,64413.72000000,64397.91000000,64397.91000000,3.40098000,1785004619999999,219038.10984990,781,1.33017000,85668.99248350,0
1785004620000000,64397.91000000,64397.92000000,64391.21000000,64391.21000000,1.19393000,1785004679999999,76881.80110620,372,0.48018000,30919.78364590,0
1785004680000000,64391.21000000,64391.22000000,64391.21000000,64391.22000000,2.70043000,1785004739999999,173883.95941610,162,0.41958000,27017.26808760,0
1785004740000000,64391.22000000,64391.22000000,64391.21000000,64391.22000000,0.36071000,1785004799999999,23226.55622550,87,0.28664000,18457.09930080,0
1785004800000000,64391.22000000,64398.00000000,64391.21000000,64395.34000000,5.21112000,1785004859999999,335566.99077370,1130,3.01002000,193820.88634370,0
1785004860000000,64395.33000000,64395.34000000,64388.38000000,64388.38000000,1.70650000,1785004919999999,109885.64411200,530,0.24586000,15831.61974880,0
1785004920000000,64388.38000000,64388.39000000,64388.38000000,64388.39000000,1.69896000,1785004979999999,109393.28328120,207,0.11964000,7703.42697960,0
1785004980000000,64388.39000000,64393.02000000,64388.38000000,64393.01000000,2.64687000,1785005039999999,170428.09136930,843,1.70019000,109472.82895190,0
1785005040000000,64393.02000000,64396.00000000,64393.02000000,64396.00000000,0.37845000,1785005099999999,24370.39181400,245,0.27824000,17917.26965610,0
1785005100000000,64396.00000000,64396.00000000,64395.99000000,64396.00000000,1.18207000,1785005159999999,76120.57713250,126,0.92332000,59458.11472000,0
1785005160000000,64395.99000000,64411.82000000,64395.99000000,64411.81000000,4.59001000,1785005219999999,295593.89341880,1695,4.49923000,289747.79770280,0
1785005220000000,64411.82000000,64425.89000000,64411.82000000,64425.88000000,6.81156000,1785005279999999,438796.48382100,1341,6.67446000,429964.72119080,0
1785005280000000,64425.89000000,64425.89000000,64416.00000000,64416.54000000,7.31805000,1785005339999999,471419.87723640,1093,6.04388000,389337.60405950,0
1785005340000000,64416.54000000,64422.78000000,64416.53000000,64422.77000000,4.92461000,1785005399999999,317237.35697590,399,4.42694000,285176.08420600,0
1785005400000000,64422.77000000,64422.77000000,64412.00000000,64412.00000000,2.43940000,1785005459999999,157142.92216130,579,0.24523000,15797.12275890,0
1785005460000000,64412.00000000,64417.17000000,64412.00000000,64417.16000000,2.09936000,1785005519999999,135225.13172930,817,1.21864000,78495.45822960,0
1785005520000000,64417.16000000,64446.71000000,64417.16000000,64446.70000000,3.45820000,1785005579999999,222818.88379120,1028,2.72979000,175879.96585100,0
1785005580000000,64446.71000000,64446.71000000,64400.00000000,64400.01000000,4.48595000,1785005639999999,289018.28078480,1658,0.57135000,36805.72970940,0
1785005640000000,64400.00000000,64400.01000000,64392.44000000,64392.44000000,1.21613000,1785005699999999,78316.88069550,282,0.19276000,12412.94963280,0
1785005700000000,64392.45000000,64406.00000000,64392.45000000,64406.00000000,4.90003000,1785005759999999,315535.83551370,1316,4.67124000,300802.33107240,0
1785005760000000,64406.00000000,64421.16000000,64405.99000000,64421.15000000,1.25638000,1785005819999999,80928.02524270,537,0.98897000,63702.83495970,0
1785005820000000,64421.16000000,64428.00000000,64421.15000000,64428.00000000,2.82159000,1785005879999999,181774.97657800,686,1.30106000,83819.49010820,0
1785005880000000,64428.00000000,64432.43000000,64427.99000000,64432.43000000,1.14322000,1785005939999999,73657.38087400,472,0.66832000,43059.64902540,0
1785005940000000,64432.43000000,64432.43000000,64412.62000000,64415.99000000,4.47961000,1785005999999999,288601.02012350,1259,1.02419000,65972.95044630,0
1785006000000000,64415.99000000,64418.00000000,64404.00000000,64404.01000000,1.83536000,1785006059999999,118217.94501010,926,0.91812000,59137.74372500,0
1785006060000000,64404.00000000,64432.03000000,64404.00000000,64432.03000000,3.49681000,1785006119999999,225256.37969380,1419,2.97401000,191585.26022180,0
1785006120000000,64432.03000000,64432.03000000,64432.02000000,64432.03000000,0.41356000,1785006179999999,26646.50768780,159,0.14966000,9642.89760980,0
1785006180000000,64432.03000000,64432.03000000,64423.63000000,64425.99000000,1.74355000,1785006239999999,112334.73448450,865,0.35749000,23031.65317110,0
1785006240000000,64426.00000000,64438.12000000,64425.99000000,64438.12000000,1.16502000,1785006299999999,75061.79216060,708,1.07715000,69399.99490610,0
1785006300000000,64438.12000000,64438.12000000,64438.11000000,64438.11000000,4.17202000,1785006359999999,268837.08681530,204,0.31331000,20189.10737720,0
1785006360000000,64438.11000000,64438.12000000,64425.20000000,64425.21000000,6.57057000,1785006419999999,423354.41984770,1192,3.79160000,244302.98534670,0
1785006420000000,64425.20000000,64425.21000000,64416.00000000,64416.00000000,1.96969000,1785006479999999,126893.50638880,775,0.12890000,8303.59005600,0
1785006480000000,64416.00000000,64416.01000000,64416.00000000,64416.01000000,0.26503000,1785006539999999,17072.17434550,162,0.18655000,12016.80666550,0
1785006540000000,64416.01000000,64422.00000000,64416.00000000,64422.00000000,1.12651000,1785006599999999,72567.12405260,602,0.98740000,63605.38605530,0
1785006600000000,64422.00000000,64429.38000000,64421.99000000,64429.38000000,1.43555000,1785006659999999,92484.04264000,521,1.03960000,66975.63710380,0
1785006660000000,64429.37000000,64435.77000000,64429.37000000,64435.76000000,1.25103000,1785006719999999,80610.47025680,296,1.12626000,72570.84386900,0
1785006720000000,64435.77000000,64438.11000000,64435.77000000,64438.10000000,0.63114000,1785006779999999,40669.17088020,236,0.48452000,31221.26182620,0
1785006780000000,64438.11000000,64438.11000000,64438.10000000,64438.11000000,0.29684000,1785006839999999,19127.80761300,150,0.20090000,12945.61629900,0
1785006840000000,64438.10000000,64438.11000000,64436.01000000,64436.01000000,3.05538000,1785006899999999,196882.88153060,533,0.79047000,50936.39281170,0
1785006900000000,64436.00000000,64436.01000000,64410.00000000,64410.00000000,3.54228000,1785006959999999,228205.08257570,2001,0.52339000,33717.44667270,0
1785006960000000,64410.01000000,64410.01000000,64396.00000000,64406.58000000,2.36371000,1785007019999999,152227.58424890,1351,1.27253000,81951.22829080,0
1785007020000000,64406.57000000,64406.58000000,64406.57000000,64406.57000000,0.38055000,1785007079999999,24509.92193750,141,0.17240000,11103.69439200,0
1785007080000000,64406.58000000,64406.58000000,64406.57000000,64406.57000000,1.39700000,1785007139999999,89975.98391040,100,0.56204000,36199.07422320,0
1785007140000000,64406.57000000,64406.58000000,64406.57000000,64406.58000000,6.31864000,1785007199999999,406961.93132120,236,0.18564000,11956.43751120,0
1785007200000000,64406.57000000,64406.58000000,64406.57000000,64406.58000000,0.53453000,1785007259999999,34427.24592790,167,0.20658000,13305.11129640,0
1785007260000000,64406.57000000,64418.87000000,64402.00000000,64418.86000000,10.36610000,1785007319999999,667643.55300340,1213,4.12010000,265359.85273390,0
1785007320000000,64418.87000000,64418.87000000,64418.86000000,64418.86000000,1.47480000,1785007379999999,95004.93995650,197,0.52285000,33681.40617950,0
1785007380000000,64418.87000000,64422.00000000,64418.86000000,64421.99000000,0.52410000,1785007439999999,33762.25490220,278,0.38890000,25052.75685800,0
1785007440000000,64422.00000000,64422.00000000,64421.99000000,64422.00000000,0.61329000,1785007499999999,39509.36705280,129,0.48057000,30959.28054000,0
1785007500000000,64421.99000000,64423.00000000,64418.00000000,64423.00000000,13.83115000,1785007559999999,891029.69509720,848,1.02723000,66175.85857310,0
1785007560000000,64422.99000000,64429.58000000,64422.99000000,64429.58000000,1.30250000,1785007619999999,83914.62808080,480,0.80511000,51869.71668310,0
1785007620000000,64429.58000000,64429.58000000,64429.57000000,64429.57000000,0.59599000,1785007679999999,38399.38162730,120,0.22030000,14193.83647400,0
1785007680000000,64429.58000000,64429.58000000,64422.76000000,64422.76000000,6.45742000,1785007739999999,416045.65018450,620,1.36378000,87867.54455780,0
1785007740000000,64422.76000000,64422.77000000,64409.64000000,64409.64000000,6.11124000,1785007799999999,393668.19493350,776,0.42181000,27173.46872950,0
1785007800000000,64409.64000000,64409.64000000,64408.00000000,64408.01000000,1.09119000,1785007859999999,70281.83198680,253,0.31653000,20387.25878730,0
1785007860000000,64408.00000000,64408.01000000,64406.61000000,64406.61000000,1.32056000,1785007919999999,85053.67483170,324,0.31088000,20022.94147810,0
1785007920000000,64406.62000000,64408.00000000,64399.88000000,64408.00000000,3.93932000,1785007979999999,253710.73891160,1104,1.56313000,100672.54118930,0
1785007980000000,64408.00000000,64412.91000000,64407.99000000,64412.91000000,1.71449000,1785008039999999,110434.16956380,308,1.02494000,66018.25972070,0
1785008040000000,64412.90000000,64412.91000000,64412.90000000,64412.90000000,9.73426000,1785008099999999,627011.92080720,194,0.48532000,31260.87348120,0
1785008100000000,64412.91000000,64412.91000000,64412.90000000,64412.90000000,0.56423000,1785008159999999,36343.69447160,154,0.39046000,25150.66483860,0
1785008160000000,64412.90000000,64412.91000000,64399.55000000,64399.56000000,1.45587000,1785008219999999,93765.79737310,674,0.28997000,18673.95131690,0
1785008220000000,64399.57000000,64406.00000000,64399.56000000,64405.99000000,2.00976000,1785008279999999,129436.60517260,353,0.72056000,46405.20932400,0
1785008280000000,64406.00000000,64406.00000000,64399.57000000,64399.57000000,2.30492000,1785008339999999,148448.30594930,600,0.20263000,13050.31897460,0
1785008340000000,64399.58000000,64399.58000000,64399.57000000,64399.57000000,0.34571000,1785008399999999,22263.57693110,72,0.15864000,10216.34937120,0
1785008400000000,64399.58000000,64399.58000000,64399.57000000,64399.58000000,0.34579000,1785008459999999,22268.72875640,100,0.14461000,9312.82326380,0
1785008460000000,64399.58000000,64399.58000000,64399.57000000,64399.58000000,0.55858000,1785008519999999,35972.31403080,89,0.22202000,14297.99475160,0
1785008520000000,64399.58000000,64399.58000000,64399.57000000,64399.57000000,0.72615000,1785008579999999,46763.74927120,83,0.15157000,9761.04434060,0
1785008580000000,64399.57000000,64399.58000000,64399.57000000,64399.57000000,2.00730000,1785008639999999,129269.25889610,107,0.20351000,13105.95852580,0
1785008640000000,64399.57000000,64399.58000000,64399.57000000,64399.57000000,12.58037000,1785008699999999,810170.42233040,266,0.38895000,25048.21664100,0
1785008700000000,64399.57000000,64399.58000000,64393.00000000,64393.01000000,4.86048000,1785008759999999,313011.64994790,739,0.17927000,11544.49477920,0
1785008760000000,64393.01000000,64394.66000000,64393.00000000,64394.66000000,7.74321000,1785008819999999,498608.85260410,308,1.58337000,101958.27548410,0
1785008820000000,64394.65000000,64398.29000000,64393.00000000,64393.00000000,2.36038000,1785008879999999,152002.69050240,654,0.45183000,29096.21382610,0
1785008880000000,64393.01000000,64393.01000000,64393.00000000,64393.00000000,0.30988000,1785008939999999,19954.10509340,77,0.22534000,14510.32087340,0
1785008940000000,64393.01000000,64396.56000000,64393.00000000,64396.55000000,1.33081000,1785008999999999,85695.15300920,275,1.29845000,83611.37667870,0
1785009000000000,64396.56000000,64408.00000000,64396.55000000,64408.00000000,1.21330000,1785009059999999,78138.15411420,588,0.89841000,57857.96903870,0
1785009060000000,64407.99000000,64410.00000000,64407.99000000,64409.99000000,0.44110000,1785009119999999,28410.78031400,153,0.20603000,13270.08210470,0
1785009120000000,64410.00000000,64416.00000000,64409.99000000,64416.00000000,1.82563000,1785009179999999,117592.76193430,440,1.68100000,108276.47169690,0
1785009180000000,64416.00000000,64416.00000000,64415.99000000,64415.99000000,8.99979000,1785009239999999,579730.46874060,183,8.60985000,554612.09760000,0
1785009240000000,64416.00000000,64416.00000000,64415.99000000,64415.99000000,13.25073000,1785009299999999,853559.02037800,275,12.92053000,832288.86048000,0
1785009300000000,64416.00000000,64419.18000000,64415.99000000,64419.18000000,22.77267000,1785009359999999,1466925.19207280,509,22.56089000,1453282.82361660,0
1785009360000000,64419.18000000,64428.00000000,64419.18000000,64426.04000000,16.41085000,1785009419999999,1057312.88291580,1289,1.25604000,80919.30726280,0
1785009420000000,64426.03000000,64426.03000000,64394.00000000,64394.00000000,8.48034000,1785009479999999,546176.27700070,1442,0.52628000,33894.00208990,0
1785009480000000,64394.00000000,64394.00000000,64392.70000000,64392.70000000,1.21420000,1785009539999999,78185.72816530,277,0.41113000,26473.77596470,0
1785009540000000,64392.70000000,64392.71000000,64388.38000000,64388.38000000,2.34407000,1785009599999999,150933.82296960,289,0.24818000,15980.02390060,0
1785009600000000,64388.39000000,64388.45000000,64388.38000000,64388.45000000,2.14178000,1785009659999999,137905.80271440,372,1.89977000,122323.15951380,0
1785009660000000,64388.45000000,64392.74000000,64374.06000000,64374.06000000,6.13680000,1785009719999999,395130.74470520,1181,3.27087000,210612.92681930,0
1785009720000000,64374.07000000,64374.07000000,64364.44000000,64364.45000000,2.03652000,1785009779999999,131095.30898560,520,0.28124000,18102.81934780,0
1785009780000000,64364.45000000,64364.45000000,64356.33000000,64356.34000000,1.51963000,1785009839999999,97806.19218620,711,0.26361000,16965.34190130,0
1785009840000000,64356.34000000,64356.34000000,64356.33000000,64356.34000000,0.79730000,1785009899999999,51311.30392650,163,0.20175000,12983.89159500,0
1785009900000000,64356.34000000,64356.34000000,64356.33000000,64356.34000000,0.49552000,1785009959999999,31889.84957250,72,0.09309000,5990.93169060,0
1785009960000000,64356.33000000,64356.34000000,64356.33000000,64356.33000000,0.35512000,1785010019999999,22854.22160890,81,0.16993000,10936.07285620,0
1785010020000000,64356.34000000,64356.34000000,64355.70000000,64355.70000000,1.53361000,1785010079999999,98697.50640050,460,0.26567000,17097.54884780,0
1785010080000000,64355.70000000,64355.70000000,64344.40000000,64344.41000000,0.84899000,1785010139999999,54631.29479050,1015,0.22516000,14488.65979490,0
1785010140000000,64344.40000000,64344.41000000,64344.00000000,64344.01000000,0.49869000,1785010199999999,32087.81730560,235,0.19596000,12608.90477960,0
1785010200000000,64344.01000000,64366.00000000,64344.00000000,64366.00000000,7.23093000,1785010259999999,465325.99194370,832,4.89627000,315087.79587780,0
1785010260000000,64366.00000000,64366.46000000,64365.99000000,64366.45000000,0.96980000,1785010319999999,62422.19484980,206,0.59571000,38343.49349870,0
1785010320000000,64366.46000000,64366.46000000,64366.45000000,64366.45000000,0.73350000,1785010379999999,47212.79578930,125,0.47143000,30344.28023780,0
1785010380000000,64366.45000000,64382.00000000,64366.45000000,64382.00000000,0.96659000,1785010439999999,62223.33966640,576,0.79587000,51233.34365950,0
1785010440000000,64381.99000000,64382.00000000,64378.00000000,64378.01000000,2.47695000,1785010499999999,159468.70724530,779,1.48506000,95609.74475910,0
1785010500000000,64378.00000000,64378.01000000,64378.00000000,64378.01000000,0.55933000,1785010559999999,36008.55082990,130,0.40899000,26329.96230990,0
1785010560000000,64378.00000000,64378.01000000,64358.00000000,64358.01000000,3.26342000,1785010619999999,210052.11194190,2415,0.35711000,22984.69687210,0
1785010620000000,64358.00000000,64358.01000000,64357.63000000,64357.63000000,1.06944000,1785010679999999,68827.01437760,287,0.42046000,27059.96556280,0
1785010680000000,64357.63000000,64357.63000000,64354.62000000,64354.62000000,1.77437000,1785010739999999,114190.35266370,1355,0.53205000,34240.11263930,0
1785010740000000,64354.62000000,64381.29000000,64343.00000000,64380.03000000,48.88630000,1785010799999999,3146653.90434480,3521,41.88207000,2695763.22488370,0
1785010800000000,64380.02000000,64380.02000000,64366.00000000,64366.00000000,1.67441000,1785010859999999,107790.62650230,543,0.17952000,11555.21230000,0
1785010860000000,64366.00000000,64368.33000000,64366.00000000,64368.32000000,1.06653000,1785010919999999,68650.06299740,207,0.82824000,53311.77418860,0
1785010920000000,64368.32000000,64368.33000000,64368.32000000,64368.33000000,0.81751000,1785010979999999,52621.75213600,134,0.68528000,44110.32918240,0
1785010980000000,64368.32000000,64387.12000000,64368.32000000,64387.12000000,1.51797000,1785011039999999,97724.26275500,660,1.07341000,69103.24208360,0
1785011040000000,64387.11000000,64391.04000000,64364.28000000,64367.82000000,43.43090000,1785011099999999,2795797.88822770,2304,7.56932000,487232.76132780,0
1785011100000000,64367.82000000,64376.00000000,64367.82000000,64375.99000000,2.27987000,1785011159999999,146757.07474890,298,0.95683000,61593.50545020,0
1785011160000000,64376.00000000,64376.00000000,64365.86000000,64365.87000000,1.95763000,1785011219999999,126012.95191450,580,0.68792000,44278.82072600,0
1785011220000000,64365.86000000,64371.35000000,64365.86000000,64371.35000000,2.38023000,1785011279999999,153210.81061870,215,2.10666000,135601.17309570,0
1785011280000000,64371.35000000,64371.35000000,64371.34000000,64371.35000000,0.88007000,1785011339999999,56651.29164940,118,0.64556000,41555.56870600,0
1785011340000000,64371.35000000,64371.35000000,64371.34000000,64371.35000000,1.29443000,1785011399999999,83324.20240770,124,0.87715000,56463.32965250,0
1785011400000000,64371.35000000,64371.35000000,64350.00000000,64350.01000000,1.87329000,1785011459999999,120577.81573800,1201,0.22797000,14674.51073350,0
1785011460000000,64350.01000000,64350.01000000,64343.00000000,64343.01000000,1.79723000,1785011519999999,115639.88944580,332,0.28124000,18096.01530800,0
1785011520000000,64343.00000000,64343.01000000,64343.00000000,64343.00000000,0.69468000,1785011579999999,44697.80070440,111,0.54644000,35159.59438440,0
1785011580000000,64343.00000000,64350.85000000,64343.00000000,64350.85000000,0.92327000,1785011639999999,59407.41485550,369,0.60356000,38836.11630330,0
1785011640000000,64350.84000000,64350.85000000,64342.00000000,64342.01000000,1.55199000,1785011699999999,99867.96072130,750,0.13661000,8790.12051490,0
1785011700000000,64342.00000000,64342.01000000,64336.00000000,64336.00000000,1.31677000,1785011759999999,84720.48263120,305,0.22961000,14773.38417610,0
1785011760000000,64336.00000000,64336.01000000,64330.00000000,64330.00000000,0.55920000,1785011819999999,35975.69294360,320,0.13892000,8937.16214920,0
1785011820000000,64330.01000000,64330.01000000,64330.00000000,64330.00000000,0.29535000,1785011879999999,18999.86686600,89,0.13660000,8787.47936600,0
1785011880000000,64330.01000000,64330.01000000,64323.00000000,64323.01000000,2.21305000,1785011939999999,142361.87275470,506,0.11226000,7220.95419260,0
1785011940000000,64323.01000000,64325.59000000,64323.00000000,64325.58000000,2.58841000,1785011999999999,166495.60400620,204,1.84493000,118671.66955000,0
1785012000000000,64325.59000000,64335.08000000,64325.58000000,64335.08000000,0.68907000,1785012059999999,44328.01975260,379,0.60580000,38971.20411110,0
1785012060000000,64335.08000000,64335.08000000,64335.07000000,64335.08000000,0.54359000,1785012119999999,34971.90200480,76,0.13035000,8386.07767800,0
1785012120000000,64335.08000000,64335.08000000,64319.41000000,64323.53000000,2.24176000,1785012179999999,144202.20548930,1107,0.53483000,34401.78237360,0
1785012180000000,64323.53000000,64323.53000000,64323.52000000,64323.53000000,1.24015000,1785012239999999,79770.81521910,100,0.18911000,12164.22275830,0
1785012240000000,64323.52000000,64323.53000000,64323.52000000,64323.53000000,0.14773000,1785012299999999,9502.51445010,71,0.08405000,5406.39269650,0
1785012300000000,64323.52000000,64323.53000000,64313.00000000,64313.00000000,1.54433000,1785012359999999,99330.52313510,877,0.28197000,18135.10652970,0
1785012360000000,64313.01000000,64313.01000000,64313.00000000,64313.01000000,0.33470000,1785012419999999,21525.56393650,134,0.28365000,18242.38528650,0
1785012420000000,64313.01000000,64313.01000000,64313.00000000,64313.01000000,0.69495000,1785012479999999,44694.32193780,120,0.25878000,16642.92072780,0
1785012480000000,64313.01000000,64328.37000000,64313.00000000,64328.36000000,3.22120000,1785012539999999,207196.15782800,530,2.55720000,164482.83824900,0
1785012540000000,64328.37000000,64329.54000000,64328.36000000,64329.54000000,2.07065000,1785012599999999,133201.59166060,212,0.88101000,56673.99916530,0
1785012600000000,64329.54000000,64337.68000000,64329.53000000,64337.67000000,2.45451000,1785012659999999,157899.20822020,322,1.61305000,103768.26389040,0
1785012660000000,64337.68000000,64340.00000000,64337.67000000,64340.00000000,0.80821000,1785012719999999,51999.76625080,164,0.70179000,45152.73729660,0
1785012720000000,64340.00000000,64350.00000000,64339.99000000,64350.00000000,26.56304000,1785012779999999,1709083.32809090,482,26.46190000,1702575.50220140,0
1785012780000000,64350.00000000,64351.45000000,64346.46000000,64346.46000000,5.52991000,1785012839999999,355856.51696400,987,0.39424000,25369.75213920,0
1785012840000000,64346.46000000,64346.47000000,64337.38000000,64337.39000000,0.47892000,1785012899999999,30813.83160140,294,0.16599000,10679.36672570,0
1785012900000000,64337.38000000,64337.39000000,64337.38000000,64337.39000000,0.15372000,1785012959999999,9889.94303850,46,0.09849000,6336.58954110,0
1785012960000000,64337.38000000,64337.39000000,64337.38000000,64337.39000000,0.19982000,1785013019999999,12855.89677460,65,0.15030000,9669.90971700,0
1785013020000000,64337.38000000,64337.39000000,64337.38000000,64337.39000000,0.20639000,1785013079999999,13278.59273840,105,0.08802000,5662.97706780,0
1785013080000000,64337.39000000,64337.39000000,64332.29000000,64332.30000000,2.05437000,1785013139999999,132166.59943930,551,1.26749000,81541.53565950,0
1785013140000000,64332.30000000,64339.75000000,64332.29000000,64339.75000000,7.31726000,1785013199999999,470753.77161220,406,7.16783000,461140.58427870,0
1785013200000000,64339.75000000,64339.75000000,64328.97000000,64328.97000000,6.61304000,1785013259999999,425439.63253600,964,0.14761000,9496.85973070,0
1785013260000000,64328.97000000,64328.97000000,64328.96000000,64328.97000000,0.35348000,1785013319999999,22739.00339360,91,0.26128000,16807.87328160,0
1785013320000000,64328.97000000,64328.97000000,64323.00000000,64323.01000000,0.60242000,1785013379999999,38751.46113860,384,0.16255000,10455.76374310,0
1785013380000000,64323.01000000,64323.01000000,64311.56000000,64311.56000000,3.58172000,1785013439999999,230380.02123920,580,0.14358000,9234.25523600,0
1785013440000000,64311.57000000,64311.57000000,64311.56000000,64311.57000000,1.76232000,1785013499999999,113337.56034930,176,1.19301000,76724.34612570,0
1785013500000000,64311.56000000,64329.15000000,64304.93000000,64329.15000000,3.42119000,1785013559999999,220014.86339620,1302,2.42326000,155836.83544730,0
1785013560000000,64329.15000000,64329.15000000,64319.31000000,64319.32000000,0.75231000,1785013619999999,48391.24882440,621,0.10097000,6494.82569760,0
1785013620000000,64319.31000000,64319.32000000,64319.31000000,64319.32000000,0.31820000,1785013679999999,20466.40541880,92,0.09768000,6282.71117760,0
1785013680000000,64319.31000000,64319.32000000,64319.31000000,64319.31000000,0.34439000,1785013739999999,22150.92774620,89,0.05753000,3700.29047960,0
1785013740000000,64319.31000000,64319.32000000,64318.00000000,64318.01000000,0.67680000,1785013799999999,43531.22350540,738,0.17935000,11535.64872830,0
1785013800000000,64318.00000000,64318.01000000,64314.74000000,64314.75000000,0.86823000,1785013859999999,55840.31884220,257,0.10199000,6559.49541950,0
1785013860000000,64314.75000000,64314.75000000,64298.57000000,64298.57000000,4.79923000,1785013919999999,308629.92834950,553,0.69034000,44398.42391040,0
1785013920000000,64298.57000000,64298.58000000,64288.00000000,64288.00000000,2.51423000,1785013979999999,161647.78021810,730,0.28464000,18300.90809850,0
1785013980000000,64288.00000000,64288.01000000,64263.03000000,64274.00000000,7.42236000,1785014039999999,477047.50913680,1269,4.97023000,319437.09018330,0
1785014040000000,64274.00000000,64278.00000000,64273.99000000,64277.99000000,0.80050000,1785014099999999,51452.08078780,264,0.24263000,15595.05502650,0
1785014100000000,64278.00000000,64278.00000000,64277.99000000,64278.00000000,0.79271000,1785014159999999,50953.80751060,154,0.20577000,13226.48406000,0
1785014160000000,64278.00000000,64278.00000000,64277.99000000,64277.99000000,1.66447000,1785014219999999,106988.80066760,119,1.46523000,94182.05394000,0
1785014220000000,64278.00000000,64278.00000000,64277.99000000,64277.99000000,0.99979000,1785014279999999,64264.49311830,117,0.14962000,9617.27436000,0
1785014280000000,64278.00000000,64278.00000000,64263.03000000,64271.99000000,1.91833000,1785014339999999,123293.03082260,1384,0.44752000,28760.05307870,0
1785014340000000,64271.99000000,64278.56000000,64271.99000000,64278.55000000,1.56129000,1785014399999999,100355.31641950,303,0.32802000,21083.32536980,0
1785014400000000,64278.56000000,64278.56000000,64276.00000000,64276.01000000,0.93146000,1785014459999999,59871.70982240,488,0.10986000,7061.36304510,0
1785014460000000,64276.00000000,64276.01000000,64276.00000000,64276.01000000,0.29419000,1785014519999999,18909.35820160,70,0.17616000,11322.86192160,0
1785014520000000,64276.01000000,64276.01000000,64276.00000000,64276.01000000,0.33995000,1785014579999999,21850.62836190,91,0.21619000,13895.83060190,0
1785014580000000,64276.01000000,64276.01000000,64270.10000000,64270.10000000,1.35770000,1785014639999999,87266.22609410,608,0.16033000,10305.33167830,0
1785014640000000,64270.10000000,64293.16000000,64266.00000000,64293.15000000,6.70399000,1785014699999999,430933.91938630,1283,6.34784000,408044.14003510,0
1785014700000000,64293.16000000,64293.16000000,64291.14000000,64291.15000000,5.58019000,1785014759999999,358766.93440190,294,1.08013000,69444.80984950,0
1785014760000000,64291.14000000,64291.15000000,64291.14000000,64291.14000000,0.26874000,1785014819999999,17277.60204880,93,0.10852000,6976.87559800,0
1785014820000000,64291.15000000,64291.15000000,64285.37000000,64285.37000000,1.64000000,1785014879999999,105433.65690530,986,0.10377000,6670.89589650,0
1785014880000000,64285.37000000,64289.19000000,64285.37000000,64289.18000000,0.64188000,1785014939999999,41264.91027910,269,0.34704000,22310.19968980,0
1785014940000000,64289.19000000,64291.94000000,64289.18000000,64291.93000000,1.83327000,1785014999999999,117859.57024630,211,0.56639000,36412.87958790,0
1785015000000000,64291.94000000,64300.00000000,64291.93000000,64300.00000000,2.31968000,1785015059999999,149138.31528590,397,2.18153000,140256.09451960,0
1785015060000000,64299.99000000,64306.00000000,64299.99000000,64306.00000000,1.72210000,1785015119999999,110736.97340950,216,0.80747000,51921.22206580,0
1785015120000000,64306.00000000,64309.99000000,64306.00000000,64309.98000000,1.61787000,1785015179999999,104040.50881370,239,1.59174000,102360.13779380,0
1785015180000000,64309.98000000,64342.04000000,64309.98000000,64342.04000000,5.84046000,1785015239999999,375715.24530820,595,5.76932000,371139.30008640,0
1785015240000000,64342.03000000,64358.00000000,64342.03000000,64357.99000000,1.42394000,1785015299999999,91627.49930380,594,1.32031000,84959.70193170,0
1785015300000000,64358.00000000,64365.29000000,64357.99000000,64365.28000000,1.09312000,1785015359999999,70354.25789920,365,1.06208000,68356.44830450,0
1785015360000000,64365.28000000,64370.00000000,64365.28000000,64370.00000000,0.42733000,1785015419999999,27506.77490800,233,0.35042000,22556.16174040,0
1785015420000000,64369.99000000,64371.88000000,64369.99000000,64371.88000000,0.20411000,1785015479999999,13138.67345220,168,0.16300000,10492.41333090,0
1785015480000000,64371.87000000,64371.87000000,64353.76000000,64353.76000000,6.39580000,1785015539999999,411684.01983410,1375,0.92135000,59293.83758000,0
1785015540000000,64353.76000000,64353.77000000,64350.00000000,64350.01000000,0.45783000,1785015599999999,29462.25426300,278,0.14867000,9567.00573790,0
1785015600000000,64350.00000000,64358.52000000,64350.00000000,64358.51000000,1.12591000,1785015659999999,72454.72159500,512,0.76703000,49359.89135640,0
1785015660000000,64358.52000000,64360.73000000,64358.51000000,64360.73000000,0.68119000,1785015719999999,43841.36400320,290,0.28037000,18044.58729180,0
1785015720000000,64360.72000000,64362.00000000,64353.01000000,64353.02000000,2.20756000,1785015779999999,142076.43560750,1139,0.10665000,6863.70432730,0
1785015780000000,64353.01000000,64367.77000000,64348.91000000,64364.00000000,2.20511000,1785015839999999,141920.27855120,1013,0.97098000,62490.10469930,0
1785015840000000,64364.00000000,64364.00000000,64333.86000000,64333.86000000,3.77544000,1785015899999999,242943.48482710,2032,0.97181000,62538.36960430,0
1785015900000000,64333.86000000,64333.87000000,64333.86000000,64333.86000000,0.14790000,1785015959999999,9514.97892250,75,0.10285000,6616.73852950,0
1785015960000000,64333.86000000,64405.52000000,64333.86000000,64405.52000000,8.90745000,1785016019999999,573416.10028460,1307,6.42638000,413662.24520500,0
1785016020000000,64405.52000000,64430.00000000,64400.00000000,64424.01000000,8.87648000,1785016079999999,571767.54031960,2495,5.91035000,380705.05252510,0
1785016080000000,64424.01000000,64424.01000000,64412.61000000,64412.62000000,1.45108000,1785016139999999,93477.52989680,1487,0.19081000,12291.60394490,0
1785016140000000,64412.62000000,64412.62000000,64403.00000000,64403.01000000,0.82067000,1785016199999999,52858.03315950,500,0.11333000,7299.24585040,0
1785016200000000,64403.01000000,64403.01000000,64383.02000000,64388.00000000,34.92646000,1785016259999999,2249240.92952910,981,0.88909000,57245.90454190,0
1785016260000000,64387.99000000,64388.00000000,64356.00000000,64356.00000000,12.94378000,1785016319999999,833217.76210720,933,1.78178000,114678.55641180,0
1785016320000000,64356.00000000,64356.01000000,64348.01000000,64354.58000000,3.70603000,1785016379999999,238484.10027930,1030,2.49091000,160288.35997200,0
1785016380000000,64354.57000000,64370.00000000,64354.57000000,64362.01000000,2.06772000,1785016439999999,133085.70597300,1109,1.10037000,70820.24907730,0
1785016440000000,64362.01000000,64362.01000000,64353.13000000,64353.13000000,0.76926000,1785016499999999,49509.69069070,519,0.15514000,9985.12223140,0
1785016500000000,64353.13000000,64362.00000000,64348.00000000,64362.00000000,4.48265000,1785016559999999,288468.76712240,768,3.11809000,200648.48840820,0
1785016560000000,64361.99000000,64362.00000000,64350.00000000,64350.00000000,2.53746000,1785016619999999,163313.29790840,577,0.27888000,17949.27456000,0
1785016620000000,64349.83000000,64349.83000000,64347.36000000,64347.36000000,0.67359000,1785016679999999,43344.56359240,177,0.08580000,5521.11819480,0
1785016680000000,64347.36000000,64347.37000000,64346.78000000,64346.79000000,0.52539000,1785016739999999,33807.28894170,246,0.17261000,11106.93198310,0
1785016740000000,64346.79000000,64346.79000000,64343.34000000,64344.02000000,1.37288000,1785016799999999,88337.77145560,420,0.49364000,31762.56939870,0
1785016800000000,64344.02000000,64358.08000000,64344.01000000,64358.08000000,1.07300000,1785016859999999,69047.11378960,885,1.01936000,65595.40647220,0
1785016860000000,64358.08000000,64383.00000000,64358.07000000,64383.00000000,1.55981000,1785016919999999,100404.05140010,748,1.45562000,93697.18971130,0
1785016920000000,64382.99000000,64383.00000000,64370.00000000,64379.50000000,1.94431000,1785016979999999,125171.45641250,1086,0.49492000,31860.54158560,0
1785016980000000,64379.49000000,64379.50000000,64374.23000000,64374.24000000,0.74330000,1785017039999999,47852.02587520,392,0.16798000,10814.42527800,0
1785017040000000,64374.24000000,64379.50000000,64374.23000000,64379.50000000,0.61016000,1785017099999999,39280.11740660,476,0.53377000,34362.36687160,0
1785017100000000,64379.49000000,64380.00000000,64376.18000000,64379.99000000,0.53999000,1785017159999999,34764.01803300,521,0.18952000,12201.14082250,0
1785017160000000,64380.00000000,64388.00000000,64380.00000000,64387.99000000,0.99870000,1785017219999999,64300.39487060,505,0.56847000,36599.66097840,0
1785017220000000,64388.00000000,64388.29000000,64387.99000000,64388.28000000,0.96448000,1785017279999999,62101.19854850,188,0.93133000,59966.72743190,0
1785017280000000,64388.29000000,64389.31000000,64388.28000000,64389.31000000,0.65769000,1785017339999999,42347.53444560,217,0.60637000,39043.12791600,0
1785017340000000,64389.31000000,64393.00000000,64389.30000000,64393.00000000,0.37571000,1785017399999999,24192.47231450,323,0.28452000,18320.57632380,0
1785017400000000,64393.00000000,64396.00000000,64392.99000000,64395.99000000,0.44245000,1785017459999999,28491.02492730,353,0.23888000,15382.47500300,0
1785017460000000,64396.00000000,64400.01000000,64393.00000000,64393.00000000,13.84654000,1785017519999999,891703.30029300,1019,1.25019000,80506.51064520,0
1785017520000000,64393.00000000,64393.01000000,64379.00000000,64379.00000000,1.11739000,1785017579999999,71944.02297780,656,0.30367000,19551.37791580,0
1785017580000000,64379.00000000,64379.00000000,64373.00000000,64373.00000000,0.40365000,1785017639999999,25984.78678660,367,0.07532000,4848.60461150,0
1785017640000000,64373.00000000,64406.01000000,64373.00000000,64406.00000000,62.95380000,1785017699999999,4053919.23011600,1173,39.99283000,2575100.27761600,0
1785017700000000,64406.00000000,64406.01000000,64406.00000000,64406.01000000,0.79114000,1785017759999999,50954.16949680,184,0.66568000,42873.79273680,0
1785017760000000,64406.00000000,64406.01000000,64394.33000000,64394.34000000,5.76938000,1785017819999999,371543.65342440,1069,3.04418000,196029.54281510,0
1785017820000000,64394.34000000,64394.35000000,64394.34000000,64394.35000000,1.05743000,1785017879999999,68092.51664680,127,0.97006000,62466.38316100,0
1785017880000000,64394.34000000,64416.69000000,64394.34000000,64416.69000000,2.50408000,1785017939999999,161266.18994520,1433,2.08191000,134077.73017150,0
1785017940000000,64416.69000000,64421.58000000,64394.87000000,64394.87000000,40.24625000,1785017999999999,2591999.58767380,1187,8.10745000,522114.98338510,0
1785018000000000,64394.88000000,64397.47000000,64383.89000000,64394.54000000,17.36409000,1785018059999999,1118095.42550330,1006,2.33097000,150095.69478110,0
1785018060000000,64394.54000000,64394.55000000,64394.54000000,64394.55000000,0.33948000,1785018119999999,21860.66056020,65,0.21210000,13658.08405500,0
1785018120000000,64394.55000000,64394.55000000,64394.54000000,64394.55000000,0.35236000,1785018179999999,22690.06228310,82,0.21687000,13965.24605850,0
1785018180000000,64394.55000000,64394.55000000,64390.47000000,64390.47000000,1.00860000,1785018239999999,64945.31114090,281,0.19775000,12733.21868170,0
1785018240000000,64390.48000000,64390.48000000,64390.47000000,64390.47000000,0.94496000,1785018299999999,60846.42240220,98,0.38710000,24925.55480800,0
1785018300000000,64390.48000000,64390.48000000,64390.47000000,64390.47000000,1.87393000,1785018359999999,120663.24941730,94,1.59702000,102832.88436960,0
1785018360000000,64390.47000000,64390.48000000,64390.47000000,64390.48000000,0.61878000,1785018419999999,39843.53729600,78,0.22694000,14612.77553120,0
1785018420000000,64390.47000000,64390.48000000,64376.69000000,64376.70000000,1.40649000,1785018479999999,90558.38460990,520,0.13816000,8894.95281250,0
1785018480000000,64376.69000000,64376.70000000,64376.68000000,64376.68000000,0.78704000,1785018539999999,50667.02950870,131,0.52405000,33736.60454760,0
1785018540000000,64376.69000000,64399.80000000,64376.68000000,64395.91000000,11.70231000,1785018599999999,753447.20053520,1602,9.37541000,603605.28385870,0
1785018600000000,64395.92000000,64395.92000000,64381.98000000,64381.98000000,2.18042000,1785018659999999,140400.17353670,1027,0.37973000,24449.40249100,0
1785018660000000,64381.98000000,64381.98000000,64363.00000000,64375.99000000,9.97470000,1785018719999999,642023.36273600,2216,7.81046000,502710.85306170,0
1785018720000000,64375.99000000,64376.00000000,64362.94000000,64362.94000000,5.52332000,1785018779999999,355555.27585620,1023,0.14877000,9575.91863770,0
1785018780000000,64362.94000000,64362.95000000,64359.12000000,64359.13000000,1.60351000,1785018839999999,103204.24275510,370,0.11885000,7649.15649670,0
1785018840000000,64359.13000000,64359.13000000,64359.12000000,64359.13000000,1.72021000,1785018899999999,110711.20350200,167,0.16868000,10856.09804840,0
1785018900000000,64359.12000000,64361.71000000,64359.12000000,64361.70000000,0.48962000,1785018959999999,31511.69969210,254,0.43494000,27992.47322150,0
1785018960000000,64361.71000000,64362.37000000,64361.70000000,64362.37000000,1.77259000,1785019019999999,114086.96571460,180,1.20304000,77429.75834060,0
1785019020000000,64362.38000000,64384.00000000,64362.38000000,64384.00000000,1.89168000,1785019079999999,121777.49457650,730,1.82283000,117345.17428420,0
1785019080000000,64384.00000000,64399.56000000,64383.99000000,64399.56000000,5.69921000,1785019139999999,366994.16542760,723,5.58277000,359496.16856680,0
1785019140000000,64399.55000000,64399.56000000,64399.55000000,64399.55000000,0.38030000,1785019199999999,24491.15106420,71,0.21992000,14162.75123520,0
1785019200000000,64399.56000000,64399.56000000,64389.92000000,64389.92000000,3.30350000,1785019259999999,212740.56986000,787,0.10514000,6770.27921720,0
1785019260000000,64389.92000000,64389.93000000,64380.45000000,64380.45000000,0.58209000,1785019319999999,37478.53389610,409,0.18326000,11799.17733020,0
1785019320000000,64380.45000000,64380.46000000,64380.45000000,64380.46000000,0.13575000,1785019379999999,8739.64711560,54,0.10281000,6618.95509260,0
1785019380000000,64380.46000000,64380.46000000,64380.45000000,64380.46000000,0.42284000,1785019439999999,27222.63222900,61,0.27510000,17711.06454600,0
1785019440000000,64380.46000000,64413.39000000,64380.45000000,64413.00000000,94.09488000,1785019499999999,6060111.42307510,1447,65.32108000,4206723.80682580,0
1785019500000000,64413.00000000,64413.01000000,64364.82000000,64371.66000000,159.21814000,1785019559999999,10251612.59533640,4672,15.39977000,991263.12976140,0
1785019560000000,64371.66000000,64382.01000000,64371.65000000,64382.01000000,1.60099000,1785019619999999,103065.78310410,841,1.54443000,99424.76236790,0
1785019620000000,64382.00000000,64382.01000000,64382.00000000,64382.01000000,1.69657000,1785019679999999,109228.57465050,84,0.49105000,31614.78601050,0
1785019680000000,64382.01000000,64382.01000000,64382.00000000,64382.01000000,0.47142000,1785019739999999,30350.96674090,67,0.43009000,27690.05868090,0
1785019740000000,64382.01000000,64416.01000000,64382.00000000,64416.01000000,30.00802000,1785019799999999,1932656.62199700,590,24.40782000,1571915.80037700,0
1785019800000000,64416.00000000,64423.39000000,64416.00000000,64423.38000000,0.98914000,1785019859999999,63718.52027300,393,0.97121000,62563.48810940,0
1785019860000000,64423.39000000,64426.00000000,64400.00000000,64415.99000000,94.70047000,1785019919999999,6099434.55919660,3859,16.30314000,1049965.43472100,0
1785019920000000,64415.99000000,64416.00000000,64415.99000000,64415.99000000,2.61489000,1785019979999999,168440.73255360,86,0.44625000,28745.64000000,0
1785019980000000,64416.00000000,64416.00000000,64415.99000000,64416.00000000,0.53666000,1785020039999999,34569.48868970,77,0.34963000,22521.76608000,0
1785020040000000,64416.00000000,64416.00000000,64404.97000000,64404.98000000,13.19253000,1785020099999999,849741.38041350,357,0.68922000,44393.76006100,0
1785020100000000,64404.98000000,64422.89000000,64403.78000000,64416.01000000,14.50940000,1785020159999999,934595.02406820,1084,12.40320000,798912.06897700,0
1785020160000000,64416.00000000,64416.01000000,64416.00000000,64416.00000000,0.53068000,1785020219999999,34184.28578550,76,0.29055000,18716.07170550,0
1785020220000000,64416.01000000,64416.01000000,64412.00000000,64412.01000000,0.49256000,1785020279999999,31728.21553860,314,0.18880000,12161.70516800,0
1785020280000000,64412.00000000,64412.01000000,64412.00000000,64412.00000000,0.32103000,1785020339999999,20678.18627040,72,0.19104000,12305.27039040,0
1785020340000000,64412.01000000,64412.01000000,64412.00000000,64412.00000000,0.28281000,1785020399999999,18216.35982700,67,0.21070000,13571.61050700,0
1785020400000000,64412.01000000,64412.01000000,64412.00000000,64412.00000000,0.27867000,1785020459999999,17949.69362060,98,0.15806000,10180.96230060,0
1785020460000000,64412.01000000,64413.38000000,64412.00000000,64413.37000000,0.54902000,1785020519999999,35363.90526270,294,0.39620000,25520.26660850,0
1785020520000000,64413.38000000,64413.38000000,64404.48000000,64406.28000000,2.37877000,1785020579999999,153219.07093170,321,0.25923000,16697.06864600,0
1785020580000000,64406.28000000,64406.28000000,64406.27000000,64406.28000000,0.61734000,1785020639999999,39760.56835740,80,0.16356000,10534.29115680,0
1785020640000000,64406.28000000,64421.76000000,64402.82000000,64402.83000000,30.42687000,1785020699999999,1959885.76038230,1128,1.63000000,104982.69358820,0
1785020700000000,64402.83000000,64429.38000000,64402.83000000,64427.97000000,34.15118000,1785020759999999,2200110.70270540,1498,29.58772000,1906090.34992330,0
1785020760000000,64427.96000000,64427.97000000,64418.06000000,64418.07000000,2.05687000,1785020819999999,132516.27779640,487,0.39207000,25259.27786930,0
1785020820000000,64418.07000000,64418.07000000,64418.00000000,64418.01000000,0.79665000,1785020879999999,51318.64477610,127,0.66650000,42934.63789860,0
1785020880000000,64418.00000000,64418.01000000,64406.24000000,64406.25000000,1.66836000,1785020939999999,107464.39413400,530,0.49601000,31949.34051090,0
1785020940000000,64406.25000000,64407.97000000,64406.24000000,64407.97000000,1.84795000,1785020999999999,119019.64241980,259,1.81043000,116603.11958980,0
1785021000000000,64407.97000000,64410.54000000,64407.96000000,64410.53000000,0.47484000,1785021059999999,30584.26812910,167,0.36905000,23770.29825780,0
1785021060000000,64410.54000000,64410.54000000,64410.53000000,64410.54000000,0.49252000,1785021119999999,31723.47893420,104,0.46986000,30263.93632440,0
1785021120000000,64410.54000000,64416.46000000,64410.53000000,64416.46000000,0.58710000,1785021179999999,37816.84790490,293,0.53242000,34294.64642450,0
1785021180000000,64416.46000000,64416.46000000,64416.45000000,64416.45000000,1.27347000,1785021239999999,82032.42344870,120,0.68672000,44236.07141120,0
1785021240000000,64416.46000000,64416.46000000,64399.99000000,64400.00000000,22.68417000,1785021299999999,1461063.54665590,609,2.67978000,172582.17908600,0
1785021300000000,64400.00000000,64420.29000000,64400.00000000,64417.83000000,28.99420000,1785021359999999,1867696.74245890,1224,25.55923000,1646415.31333000,0
1785021360000000,64417.82000000,64417.83000000,64417.82000000,64417.83000000,0.83933000,1785021419999999,54067.81556660,93,0.67060000,43198.59679800,0
1785021420000000,64417.83000000,64417.83000000,64413.62000000,64413.62000000,0.79477000,1785021479999999,51197.08960320,382,0.27910000,17979.01635300,0
1785021480000000,64413.61000000,64413.61000000,64402.00000000,64402.00000000,2.13390000,1785021539999999,137440.10640480,560,0.23856000,15364.86160560,0
1785021540000000,64402.01000000,64402.01000000,64402.00000000,64402.00000000,0.37959000,1785021599999999,24446.35847120,104,0.32912000,21195.98953120,0
1785021600000000,64402.01000000,64402.01000000,64399.00000000,64399.00000000,2.30001000,1785021659999999,148123.68286800,360,0.39547000,25468.29027160,0
1785021660000000,64399.01000000,64399.01000000,64399.00000000,64399.00000000,0.19894000,1785021719999999,12811.53852470,236,0.14647000,9432.52299470,0
1785021720000000,64399.00000000,64399.00000000,64398.99000000,64398.99000000,0.46575000,1785021779999999,29993.83345790,185,0.38654000,24892.78946000,0
1785021780000000,64398.98000000,64398.99000000,64393.01000000,64393.02000000,0.74373000,1785021839999999,47893.68286990,305,0.12477000,8034.31835370,0
1785021840000000,64393.02000000,64401.31000000,64393.01000000,64401.31000000,1.55591000,1785021899999999,100191.32037300,697,1.06789000,68766.05752900,0
1785021900000000,64401.30000000,64401.30000000,64397.99000000,64397.99000000,7.73088000,1785021959999999,497871.69680500,205,0.21742000,14001.41316000,0
1785021960000000,64397.99000000,64398.00000000,64397.99000000,64397.99000000,0.28490000,1785022019999999,18346.98861090,120,0.12599000,8113.50402000,0
1785022020000000,64397.99000000,64398.00000000,64397.99000000,64398.00000000,0.39600000,1785022079999999,25501.60742110,75,0.33811000,21773.60778000,0
1785022080000000,64397.99000000,64398.00000000,64397.99000000,64397.99000000,0.27168000,1785022139999999,17495.64803420,96,0.21110000,13594.41780000,0
1785022140000000,64397.99000000,64398.00000000,64397.99000000,64398.00000000,0.27352000,1785022199999999,17614.13993890,65,0.17141000,11038.46118000,0
1785022200000000,64398.00000000,64398.00000000,64397.99000000,64397.99000000,0.58182000,1785022259999999,37468.04220010,137,0.36583000,23558.72034000,0
1785022260000000,64397.99000000,64398.00000000,64397.99000000,64398.00000000,2.41842000,1785022319999999,155741.40721120,184,2.02354000,130311.92892000,0
1785022320000000,64398.00000000,64398.00000000,64397.99000000,64397.99000000,0.44753000,1785022379999999,28820.03628710,144,0.38224000,24615.49152000,0
1785022380000000,64397.99000000,64398.00000000,64397.99000000,64397.99000000,0.58008000,1785022439999999,37355.99019280,150,0.41536000,26748.35328000,0
1785022440000000,64398.00000000,64399.00000000,64397.99000000,64398.99000000,3.80656000,1785022499999999,245138.01913850,296,0.77385000,49834.56760540,0
1785022500000000,64399.00000000,64416.40000000,64399.00000000,64416.39000000,3.31400000,1785022559999999,213426.30288150,606,3.28684000,211676.93302510,0
1785022560000000,64416.39000000,64421.90000000,64416.39000000,64421.90000000,0.55885000,1785022619999999,36001.22775570,471,0.45819000,29516.59122500,0
1785022620000000,64421.90000000,64421.90000000,64421.89000000,64421.90000000,0.24900000,1785022679999999,16041.05225240,109,0.16424000,10580.65285600,0
1785022680000000,64421.89000000,64422.00000000,64421.89000000,64421.99000000,1.41137000,1785022739999999,90923.12648550,175,0.31923000,20565.40325390,0
1785022740000000,64421.99000000,64427.88000000,64389.99000000,64390.00000000,147.55616000,1785022799999999,9502488.70427820,2186,85.70138000,5518728.19467030,0
1785022800000000,64389.99000000,64392.00000000,64389.99000000,64391.01000000,1.41757000,1785022859999999,91279.06818030,358,0.85584000,55108.40066930,0
1785022860000000,64391.01000000,64391.02000000,64391.00000000,64391.01000000,3.34465000,1785022919999999,215365.39454540,135,0.34584000,22268.99035350,0
1785022920000000,64391.00000000,64391.00000000,64383.92000000,64383.92000000,5.49749000,1785022979999999,353975.71262860,920,0.40022000,25769.47077550,0
1785022980000000,64383.92000000,64383.93000000,64383.00000000,64383.01000000,4.89579000,1785023039999999,315207.79577180,219,0.41847000,26942.35851670,0
1785023040000000,64383.00000000,64383.01000000,64382.01000000,64382.01000000,1.54210000,1785023099999999,99284.92609250,219,0.39198000,25236.84882460,0
1785023100000000,64382.02000000,64382.02000000,64382.01000000,64382.02000000,0.29631000,1785023159999999,19077.03600700,87,0.26239000,16893.19822780,0
1785023160000000,64382.02000000,64382.02000000,64382.01000000,64382.01000000,0.48856000,1785023219999999,31454.47828130,117,0.34757000,22377.25869140,0
1785023220000000,64382.02000000,64382.02000000,64376.00000000,64376.00000000,12.86517000,1785023279999999,828245.19573240,822,0.30816000,19839.20877410,0
1785023280000000,64376.01000000,64391.23000000,64376.00000000,64391.23000000,5.16562000,1785023339999999,332557.21266130,955,4.98961000,321223.72680770,0
1785023340000000,64391.23000000,64392.42000000,64379.96000000,64379.97000000,11.49259000,1785023399999999,739958.64125680,793,0.31989000,20597.56193690,0
1785023400000000,64379.97000000,64382.00000000,64379.96000000,64382.00000000,0.75546000,1785023459999999,48637.49509210,255,0.73914000,47586.78284230,0
1785023460000000,64382.00000000,64382.01000000,64381.99000000,64382.00000000,0.43968000,1785023519999999,28307.47943500,159,0.42571000,27408.06293560,0
1785023520000000,64382.00000000,64386.17000000,64382.00000000,64386.16000000,1.55440000,1785023579999999,100077.57407130,216,1.46024000,94014.99450330,0
1785023580000000,64386.16000000,64386.17000000,64363.42000000,64363.43000000,2.42382000,1785023639999999,156036.35715260,908,0.28120000,18101.49779840,0
1785023640000000,64363.42000000,64363.43000000,64363.42000000,64363.42000000,0.54854000,1785023699999999,35305.91283060,175,0.24238000,15600.40816340,0
1785023700000000,64363.42000000,64363.43000000,64363.00000000,64363.00000000,1.78122000,1785023759999999,114644.85789170,289,0.17819000,11468.88901990,0
1785023760000000,64363.00000000,64363.01000000,64363.00000000,64363.01000000,0.47433000,1785023819999999,30529.30409660,123,0.23066000,14845.97188660,0
1785023820000000,64363.01000000,64367.59000000,64363.00000000,64367.58000000,1.98756000,1785023879999999,127926.51459320,390,1.70216000,109557.18849070,0
1785023880000000,64367.59000000,64370.00000000,64367.58000000,64370.00000000,0.84240000,1785023939999999,54224.38785360,255,0.56246000,36204.72021390,0
1785023940000000,64370.00000000,64375.63000000,64365.53000000,64375.00000000,51.42366000,1785023999999999,3310292.56565170,1088,11.39525000,733483.26595920,0
