1785196800000000,63755.86000000,63791.33000000,63745.00000000,63768.48000000,22.06083000,1785196859999999,1406706.81128240,4793,14.59074000,930350.93260630,0
1785196860000000,63768.48000000,63768.48000000,63712.47000000,63735.18000000,5.24121000,1785196919999999,334059.08811650,3055,1.69602000,108085.71440330,0
1785196920000000,63735.18000000,63756.37000000,63726.00000000,63726.00000000,16.92254000,1785196979999999,1078593.15057120,2959,9.10307000,580207.98769030,0
1785196980000000,63726.00000000,63750.00000000,63716.01000000,63750.00000000,13.50728000,1785197039999999,860830.39465320,1987,9.62850000,613661.74200440,0
1785197040000000,63750.00000000,63769.61000000,63750.00000000,63756.92000000,4.78881000,1785197099999999,305341.23194670,1681,2.49211000,158894.00513830,0
1785197100000000,63756.93000000,63756.93000000,63666.00000000,63666.00000000,13.30106000,1785197159999999,847543.37498500,3534,4.18382000,266584.91001840,0
1785197160000000,63666.00000000,63682.00000000,63656.00000000,63667.83000000,6.40728000,1785197219999999,407949.11208110,3086,3.32222000,211533.29888110,0
1785197220000000,63667.83000000,63670.36000000,63642.00000000,63655.32000000,5.17344000,1785197279999999,329304.81466370,1909,3.31929000,211276.87739960,0
1785197280000000,63655.31000000,63655.32000000,63634.68000000,63634.69000000,9.59069000,1785197339999999,610410.68607020,2493,4.54935000,289542.08981080,0
1785197340000000,63634.68000000,63669.23000000,63634.68000000,63668.63000000,5.99085000,1785197399999999,381332.63961130,2255,2.83092000,180172.88457830,0
1785197400000000,63668.64000000,63669.23000000,63568.96000000,63574.92000000,37.38981000,1785197459999999,2378203.17476500,4406,3.23412000,205708.12651960,0
1785197460000000,63574.92000000,63647.99000000,63500.00000000,63615.99000000,81.75117000,1785197519999999,5194948.53883180,9747,25.39689000,1613985.19790710,0
1785197520000000,63616.00000000,63672.67000000,63616.00000000,63636.89000000,9.29640000,1785197579999999,591672.92951770,3813,4.56354000,290446.88683060,0
1785197580000000,63636.89000000,63636.90000000,63600.53000000,63606.00000000,9.15117000,1785197639999999,582163.84705510,3358,2.77001000,176214.86953900,0
1785197640000000,63606.01000000,63681.99000000,63606.00000000,63681.99000000,19.98298000,1785197699999999,1271881.87731420,2705,15.65678000,996467.73314730,0
1785197700000000,63682.00000000,63723.81000000,63679.99000000,63723.81000000,19.66162000,1785197759999999,1252286.86107310,3732,7.99325000,509133.56646490,0
1785197760000000,63723.82000000,63746.00000000,63710.00000000,63710.79000000,9.34931000,1785197819999999,595753.12642320,4049,6.14894000,391813.20852320,0
1785197820000000,63710.80000000,63734.00000000,63690.63000000,63734.00000000,8.74917000,1785197879999999,557369.68474900,2828,6.14394000,391404.49187440,0
1785197880000000,63734.00000000,63774.88000000,63734.00000000,63758.02000000,13.45907000,1785197939999999,858189.12930770,2092,6.07666000,387428.74184000,0
1785197940000000,63758.01000000,63786.35000000,63758.01000000,63782.00000000,9.64884000,1785197999999999,615285.09282670,1454,6.13375000,391108.37095460,0
1785198000000000,63782.01000000,63827.49000000,63782.00000000,63800.01000000,17.98093000,1785198059999999,1147441.71617680,2875,5.10341000,325667.89591240,0
1785198060000000,63800.00000000,63800.01000000,63745.54000000,63758.00000000,11.08015000,1785198119999999,706577.21296690,2657,2.97224000,189505.41995400,0
1785198120000000,63757.99000000,63758.00000000,63647.79000000,63671.95000000,10.09765000,1785198179999999,643116.99808860,3820,3.54188000,225520.65842700,0
1785198180000000,63671.95000000,63681.98000000,63630.00000000,63630.00000000,5.79472000,1785198239999999,368904.40506830,2541,1.43887000,91607.19986230,0
1785198240000000,63630.01000000,63654.00000000,63604.70000000,63653.99000000,19.00862000,1785198299999999,1209450.76045910,3278,3.52771000,224472.28507010,0
1785198300000000,63653.99000000,63662.00000000,63620.22000000,63652.16000000,6.91693000,1785198359999999,440208.23700210,3043,3.41338000,217228.02954520,0
1785198360000000,63652.15000000,63660.00000000,63634.00000000,63634.00000000,10.10116000,1785198419999999,642927.63262590,1754,6.29268000,400509.73743750,0
1785198420000000,63634.00000000,63634.01000000,63584.00000000,63624.00000000,11.06672000,1785198479999999,703894.65363200,2981,3.33133000,211911.93886470,0
1785198480000000,63624.00000000,63679.78000000,63624.00000000,63679.78000000,3.23658000,1785198539999999,206013.86693800,2196,2.27029000,144511.27322870,0
1785198540000000,63679.78000000,63704.31000000,63676.10000000,63704.30000000,8.01514000,1785198599999999,510492.72236900,1186,5.41977000,345171.57197080,0
1785198600000000,63704.30000000,63709.32000000,63636.00000000,63636.01000000,13.41466000,1785198659999999,854130.70862560,4313,6.54557000,416667.27491470,0
1785198660000000,63636.01000000,63649.41000000,63570.98000000,63585.15000000,16.66451000,1785198719999999,1060264.26690110,2827,10.36226000,659386.50823280,0
1785198720000000,63585.14000000,63638.85000000,63574.00000000,63610.00000000,5.61192000,1785198779999999,356997.25109690,3134,1.94911000,123971.71134080,0
1785198780000000,63610.00000000,63690.97000000,63605.78000000,63677.76000000,8.11051000,1785198839999999,516348.26313970,3493,3.39449000,216060.04192030,0
1785198840000000,63677.76000000,63706.21000000,63677.75000000,63699.99000000,5.18423000,1785198899999999,330205.93061880,2464,4.01290000,255597.76233640,0
1785198900000000,63699.99000000,63709.33000000,63674.00000000,63700.02000000,4.87457000,1785198959999999,310486.29762090,3042,2.14415000,136568.98495740,0
1785198960000000,63700.02000000,63705.67000000,63674.00000000,63686.00000000,6.01240000,1785199019999999,382892.36824290,2100,3.85549000,245519.31727440,0
1785199020000000,63686.01000000,63699.99000000,63663.40000000,63671.95000000,8.21092000,1785199079999999,522898.86938360,2146,3.27944000,208823.53140920,0
1785199080000000,63671.95000000,63709.66000000,63671.94000000,63696.18000000,9.98377000,1785199139999999,635926.22794260,2121,8.53409000,543576.75048120,0
1785199140000000,63696.18000000,63708.77000000,63696.18000000,63708.76000000,2.25868000,1785199199999999,143880.42488220,663,1.83786000,117070.97991670,0
1785199200000000,63708.76000000,63708.77000000,63670.91000000,63674.01000000,3.58008000,1785199259999999,228002.89260290,2044,0.93624000,59621.55848610,0
1785199260000000,63674.01000000,63680.00000000,63663.40000000,63679.99000000,3.78045000,1785199319999999,240710.53460800,1754,2.12151000,135077.97367950,0
1785199320000000,63679.99000000,63680.00000000,63663.40000000,63663.41000000,1.93579000,1785199379999999,123249.11783560,751,0.65189000,41503.46600110,0
1785199380000000,63663.41000000,63674.48000000,63660.32000000,63666.67000000,2.39929000,1785199439999999,152753.91487800,1347,1.16684000,74286.18162310,0
1785199440000000,63666.66000000,63672.61000000,63610.00000000,63610.01000000,5.34873000,1785199499999999,340425.15088350,1932,0.44314000,28204.81616290,0
1785199500000000,63610.00000000,63617.56000000,63570.00000000,63570.00000000,6.78302000,1785199559999999,431373.21722480,2602,1.86511000,118612.91673230,0
1785199560000000,63570.01000000,63619.71000000,63552.68000000,63619.71000000,6.31087000,1785199619999999,401206.53599270,3085,3.69069000,234650.32778090,0
1785199620000000,63619.70000000,63619.71000000,63564.00000000,63564.00000000,6.61296000,1785199679999999,420543.33081100,1737,0.75415000,47951.61723090,0
1785199680000000,63564.01000000,63564.01000000,63506.00000000,63519.99000000,27.89171000,1785199739999999,1772003.62012930,4617,15.11728000,960351.46254310,0
1785199740000000,63520.00000000,63554.21000000,63505.64000000,63538.20000000,15.86672000,1785199799999999,1007958.88553780,2809,9.35415000,594193.11787770,0
1785199800000000,63538.19000000,63538.20000000,63500.00000000,63522.82000000,10.86508000,1785199859999999,690150.61715000,3406,3.84904000,244485.66445970,0
1785199860000000,63522.81000000,63550.00000000,63500.00000000,63500.01000000,9.60325000,1785199919999999,610002.90867560,3415,4.19103000,266227.13654840,0
1785199920000000,63500.01000000,63546.23000000,63500.00000000,63529.22000000,17.05439000,1785199979999999,1083193.67052540,3166,6.11630000,388480.06577790,0
1785199980000000,63529.22000000,63538.00000000,63514.00000000,63528.45000000,3.58882000,1785200039999999,227989.48340450,2780,1.25973000,80026.66189790,0
1785200040000000,63528.46000000,63528.46000000,63506.00000000,63513.40000000,19.48640000,1785200099999999,1237660.15757940,1973,0.73156000,46463.30385850,0
1785200100000000,63513.40000000,63583.99000000,63469.30000000,63564.87000000,44.19754000,1785200159999999,2806649.80598850,6664,16.96642000,1077287.89583730,0
1785200160000000,63564.86000000,63564.87000000,63522.00000000,63524.00000000,5.84682000,1785200219999999,371558.75341400,1571,2.69851000,171476.11799090,0
1785200220000000,63524.00000000,63562.00000000,63524.00000000,63554.00000000,6.31137000,1785200279999999,401046.90104400,2179,5.11331000,324906.58571570,0
1785200280000000,63554.00000000,63554.01000000,63508.01000000,63508.01000000,5.21699000,1785200339999999,331471.20470260,1752,0.79979000,50811.65921650,0
1785200340000000,63508.00000000,63508.01000000,63476.00000000,63487.88000000,3.31686000,1785200399999999,210573.99761720,1279,2.37335000,150668.48641820,0
1785200400000000,63487.88000000,63498.37000000,63457.09000000,63483.21000000,19.76681000,1785200459999999,1254687.58753300,5027,10.44078000,662737.50036550,0
1785200460000000,63483.22000000,63495.82000000,63460.00000000,63488.11000000,9.16606000,1785200519999999,581781.37018690,2248,4.34280000,275626.95151000,0
1785200520000000,63488.10000000,63502.08000000,63481.76000000,63502.07000000,6.19928000,1785200579999999,393574.91632650,2188,5.27524000,334907.20141170,0
1785200580000000,63502.07000000,63517.99000000,63495.92000000,63515.92000000,14.90957000,1785200639999999,946906.11930630,2318,12.30279000,781349.36701610,0
1785200640000000,63515.93000000,63529.89000000,63458.19000000,63458.20000000,7.72169000,1785200699999999,490389.03639170,2378,1.26053000,80032.51995270,0
1785200700000000,63458.19000000,63458.20000000,63355.01000000,63377.25000000,51.09952000,1785200759999999,3239295.23649410,7098,11.60751000,735744.17659260,0
1785200760000000,63377.24000000,63377.25000000,63256.48000000,63303.89000000,60.50043000,1785200819999999,3829644.01642630,10470,16.10521000,1019365.47941980,0
1785200820000000,63303.31000000,63303.31000000,63100.00000000,63159.79000000,118.98891000,1785200879999999,7517996.13545680,14359,30.59787000,1933151.94532080,0
1785200880000000,63159.78000000,63159.78000000,63059.39000000,63135.64000000,58.50274000,1785200939999999,3691136.60894100,8167,18.69213000,1179290.09655550,0
1785200940000000,63135.64000000,63218.86000000,63135.63000000,63213.15000000,15.43948000,1785200999999999,975393.80158900,4924,5.71593000,361111.34678790,0
1785201000000000,63213.15000000,63213.15000000,63159.92000000,63166.20000000,16.19802000,1785201059999999,1023332.67984280,3221,12.30023000,777055.74095390,0
1785201060000000,63166.20000000,63232.11000000,63145.13000000,63230.67000000,35.16918000,1785201119999999,2222158.55287430,3846,19.05191000,1203883.95251060,0
1785201120000000,63230.66000000,63230.67000000,63168.14000000,63181.61000000,47.33943000,1785201179999999,2991877.56453730,3336,43.07478000,2722348.01372440,0
1785201180000000,63181.61000000,63224.79000000,63174.01000000,63219.47000000,34.34902000,1785201239999999,2170941.67189820,2551,27.01006000,1707119.63350000,0
1785201240000000,63219.47000000,63232.41000000,63196.55000000,63198.93000000,71.04109000,1785201299999999,4490914.66390590,2085,22.66922000,1433073.75356890,0
1785201300000000,63198.94000000,63236.55000000,63197.79000000,63234.10000000,60.09425000,1785201359999999,3799455.43538990,3554,53.72400000,3396658.27165360,0
1785201360000000,63234.10000000,63265.47000000,63171.29000000,63178.17000000,45.64512000,1785201419999999,2885872.00185110,5412,16.68955000,1055373.56482990,0
1785201420000000,63178.16000000,63202.76000000,63151.51000000,63177.77000000,42.06623000,1785201479999999,2657687.21247350,2889,15.00460000,947711.83352780,0
1785201480000000,63177.77000000,63202.03000000,63162.11000000,63194.03000000,32.35491000,1785201539999999,2044077.40350610,3495,22.41814000,1416191.63269840,0
1785201540000000,63194.02000000,63207.17000000,63128.45000000,63200.84000000,31.77997000,1785201599999999,2007180.26561370,4029,4.71902000,298060.64508600,0
1785201600000000,63200.84000000,63208.73000000,63169.71000000,63199.69000000,31.91083000,1785201659999999,2016343.30710210,3257,10.26033000,648264.96457530,0
1785201660000000,63199.69000000,63275.93000000,63199.69000000,63275.92000000,20.14705000,1785201719999999,1273794.91777720,3105,18.02484000,1139609.21180680,0
1785201720000000,63275.93000000,63275.93000000,63203.36000000,63212.20000000,5.62553000,1785201779999999,355722.73054310,2004,2.48456000,157085.00159240,0
1785201780000000,63212.20000000,63236.36000000,63212.20000000,63216.58000000,18.32334000,1785201839999999,1158490.25913240,1418,12.15777000,768642.74523650,0
1785201840000000,63216.59000000,63230.03000000,63201.13000000,63216.01000000,50.56320000,1785201899999999,3196275.08028410,2258,35.34250000,2234041.53559930,0
1785201900000000,63216.01000000,63263.69000000,63202.51000000,63263.69000000,11.55209000,1785201959999999,730437.65411950,2167,8.15994000,515970.93317080,0
1785201960000000,63263.69000000,63285.40000000,63258.67000000,63280.32000000,14.84365000,1785202019999999,939209.52895630,1973,8.85150000,560055.95512080,0
1785202020000000,63280.31000000,63295.46000000,63279.01000000,63291.04000000,6.48505000,1785202079999999,410415.68071820,1386,2.15051000,136097.89151130,0
1785202080000000,63291.03000000,63356.85000000,63291.03000000,63321.88000000,12.63494000,1785202139999999,800103.79062540,3218,9.18044000,581282.03396810,0
1785202140000000,63321.88000000,63321.88000000,63311.49000000,63315.51000000,4.43423000,1785202199999999,280752.43575580,871,3.06278000,193916.62230670,0
1785202200000000,63315.51000000,63331.49000000,63299.01000000,63325.90000000,11.40549000,1785202259999999,722066.46360970,2324,4.24373000,268674.04492960,0
1785202260000000,63325.90000000,63350.00000000,63324.00000000,63348.33000000,2.02030000,1785202319999999,127959.97199240,1402,1.09654000,69447.00033910,0
1785202320000000,63348.34000000,63366.43000000,63330.38000000,63345.31000000,7.70770000,1785202379999999,488304.59233460,2631,4.35875000,276147.49869220,0
1785202380000000,63345.30000000,63371.35000000,63345.30000000,63371.34000000,7.15103000,1785202439999999,453092.50422930,1031,6.76170000,428424.92757230,0
1785202440000000,63371.35000000,63393.74000000,63371.00000000,63393.74000000,19.90899000,1785202499999999,1261766.39571880,932,19.12116000,1211839.01520740,0
1785202500000000,63393.85000000,63397.95000000,63314.18000000,63321.80000000,14.03832000,1785202559999999,889524.55795400,2657,4.02155000,254793.55623840,0
1785202560000000,63321.81000000,63322.96000000,63301.59000000,63318.79000000,18.82453000,1785202619999999,1191922.51216850,1128,2.48413000,157260.88902390,0
1785202620000000,63318.78000000,63318.79000000,63269.30000000,63271.02000000,16.41489000,1785202679999999,1038843.11712400,1529,3.21380000,203362.57540410,0
1785202680000000,63271.03000000,63309.76000000,63271.02000000,63285.49000000,15.32962000,1785202739999999,970255.56834310,2122,7.15210000,452620.83861900,0
1785202740000000,63285.49000000,63285.49000000,63271.03000000,63271.05000000,3.69412000,1785202799999999,233756.29954220,1428,2.20197000,139334.18475050,0
1785202800000000,63271.05000000,63271.05000000,63200.00000000,63200.01000000,9.78408000,1785202859999999,618765.40350060,2929,3.47664000,219875.88786770,0
1785202860000000,63200.01000000,63234.44000000,63200.01000000,63229.42000000,9.58340000,1785202919999999,605842.10332320,1819,8.30988000,525320.97305820,0
1785202920000000,63229.42000000,63230.00000000,63216.21000000,63227.30000000,11.09050000,1785202979999999,701182.41041700,1565,7.74993000,489971.46941790,0
1785202980000000,63227.31000000,63243.47000000,63219.14000000,63229.19000000,3.46747000,1785203039999999,219239.21880080,1584,2.02942000,128313.11816800,0
1785203040000000,63229.20000000,63229.20000000,63180.00000000,63198.00000000,11.96439000,1785203099999999,756252.25487150,2097,3.01448000,190498.45875560,0
1785203100000000,63198.00000000,63205.88000000,63178.00000000,63192.66000000,25.93697000,1785203159999999,1638840.72679650,2409,18.96341000,1198179.03009660,0
1785203160000000,63192.66000000,63270.00000000,63188.30000000,63245.39000000,22.90701000,1785203219999999,1448231.00128480,3728,16.99084000,1074118.14432420,0
1785203220000000,63245.39000000,63252.98000000,63215.41000000,63244.00000000,3.96654000,1785203279999999,250813.19347510,1836,2.04547000,129341.17505390,0
1785203280000000,63243.62000000,63265.56000000,63234.67000000,63264.99000000,12.03417000,1785203339999999,761200.62203530,2192,8.97563000,567729.08576200,0
1785203340000000,63265.00000000,63316.69000000,63265.00000000,63291.48000000,9.57886000,1785203399999999,606203.84380610,2518,4.03561000,255399.85936790,0
1785203400000000,63291.48000000,63291.91000000,63253.84000000,63280.68000000,7.94921000,1785203459999999,502930.20049120,3151,5.00726000,316765.56352140,0
1785203460000000,63280.68000000,63280.68000000,63217.76000000,63217.77000000,3.43399000,1785203519999999,217181.74346030,1921,0.66824000,42259.71233700,0
1785203520000000,63217.77000000,63234.62000000,63217.76000000,63234.61000000,7.72352000,1785203579999999,488318.78944090,1272,6.32792000,400080.29986120,0
1785203580000000,63234.62000000,63248.25000000,63222.62000000,63234.73000000,7.45645000,1785203639999999,471529.64315750,1484,4.20984000,266225.60041520,0
1785203640000000,63234.73000000,63234.73000000,63213.02000000,63213.02000000,6.52018000,1785203699999999,412254.90308320,1388,1.21641000,76910.81557170,0
1785203700000000,63213.03000000,63213.03000000,63192.22000000,63192.23000000,5.47836000,1785203759999999,346281.82513800,909,0.90892000,57445.10933380,0
1785203760000000,63192.22000000,63253.79000000,63185.93000000,63253.14000000,6.99756000,1785203819999999,442270.38756040,1957,4.79564000,303088.08871460,0
1785203820000000,63253.14000000,63253.14000000,63225.87000000,63225.88000000,2.97437000,1785203879999999,188106.30300930,979,0.72366000,45763.16764810,0
1785203880000000,63225.87000000,63226.55000000,63221.97000000,63226.54000000,2.52861000,1785203939999999,159868.88388470,541,2.23366000,141220.50652920,0
1785203940000000,63226.54000000,63230.83000000,63226.54000000,63230.83000000,2.48754000,1785203999999999,157279.50023950,367,1.17751000,74450.63815400,0
1785204000000000,63230.82000000,63230.83000000,63200.00000000,63214.98000000,16.25663000,1785204059999999,1027704.67051010,2979,5.29528000,334736.39901150,0
1785204060000000,63214.99000000,63218.48000000,63184.21000000,63206.50000000,17.03910000,1785204119999999,1076860.07689050,2442,4.66520000,294816.44249060,0
1785204120000000,63206.50000000,63217.92000000,63199.76000000,63205.81000000,4.89193000,1785204179999999,309225.38953590,1659,1.69610000,107209.87796980,0
1785204180000000,63205.81000000,63205.81000000,63163.93000000,63183.45000000,13.72659000,1785204239999999,867248.39868320,1911,2.82031000,178172.15265400,0
1785204240000000,63183.46000000,63188.07000000,63168.19000000,63187.28000000,6.25334000,1785204299999999,395048.30023060,1742,4.26282000,269298.82043340,0
1785204300000000,63187.29000000,63189.97000000,63170.00000000,63170.00000000,5.86669000,1785204359999999,370638.56475410,1330,2.06866000,130690.37998510,0
1785204360000000,63170.01000000,63190.00000000,63170.00000000,63189.99000000,4.98094000,1785204419999999,314671.04960820,957,4.30447000,271933.88332910,0
1785204420000000,63190.00000000,63228.49000000,63189.99000000,63228.49000000,17.41938000,1785204479999999,1100820.78810730,1066,17.12684000,1082328.84472320,0
1785204480000000,63228.49000000,63259.17000000,63228.49000000,63232.72000000,8.21671000,1785204539999999,519701.23971030,1497,3.80393000,240585.73139950,0
1785204540000000,63232.71000000,63250.54000000,63232.71000000,63250.53000000,3.24077000,1785204599999999,204949.48168490,694,1.79657000,113616.14664600,0
1785204600000000,63250.54000000,63259.60000000,63244.55000000,63259.60000000,3.97385000,1785204659999999,251358.06443010,1136,2.09654000,132614.27729590,0
1785204660000000,63259.60000000,63278.70000000,63259.59000000,63278.69000000,3.19761000,1785204719999999,202328.73599870,983,2.21008000,139839.88448600,0
1785204720000000,63278.69000000,63285.02000000,63278.69000000,63278.70000000,8.94796000,1785204779999999,566260.96061810,797,1.94991000,123394.23105260,0
1785204780000000,63278.70000000,63278.70000000,63243.96000000,63243.96000000,13.74553000,1785204839999999,869487.94961070,2099,7.57213000,478961.32489940,0
1785204840000000,63243.96000000,63267.99000000,63243.96000000,63267.99000000,3.82274000,1785204899999999,241826.12904370,785,1.50346000,95104.00547610,0
1785204900000000,63267.98000000,63267.99000000,63242.39000000,63245.92000000,4.27044000,1785204959999999,270115.41087220,2000,1.21446000,76816.56930720,0
1785204960000000,63245.93000000,63248.06000000,63220.00000000,63224.00000000,8.63363000,1785205019999999,545951.12580390,1238,4.86956000,307926.98285180,0
1785205020000000,63224.00000000,63235.95000000,63224.00000000,63235.95000000,4.15188000,1785205079999999,262515.59886300,1184,3.11598000,197018.61510770,0
1785205080000000,63235.94000000,63241.37000000,63220.00000000,63220.29000000,6.35937000,1785205139999999,402099.73716940,1314,2.54672000,161019.28083970,0
1785205140000000,63220.29000000,63265.11000000,63204.16000000,63265.11000000,4.94773000,1785205199999999,312845.96903640,1692,3.00234000,189858.88696140,0
1785205200000000,63265.11000000,63286.52000000,63257.24000000,63283.97000000,5.90333000,1785205259999999,373517.28231830,1344,3.59230000,227299.32494580,0
1785205260000000,63283.97000000,63296.43000000,63283.97000000,63293.98000000,3.80208000,1785205319999999,240646.40997010,1008,1.95916000,124002.81186070,0
1785205320000000,63293.99000000,63296.31000000,63290.14000000,63294.79000000,5.92961000,1785205379999999,375310.23586370,775,4.81614000,304834.19644960,0
1785205380000000,63294.80000000,63305.94000000,63264.89000000,63271.27000000,14.94393000,1785205439999999,945836.12737280,1985,8.50107000,538058.52329590,0
1785205440000000,63271.27000000,63291.96000000,63271.26000000,63291.96000000,2.43000000,1785205499999999,153788.48324640,1039,1.30718000,82726.89132800,0
1785205500000000,63291.96000000,63291.96000000,63284.45000000,63284.46000000,4.29120000,1785205559999999,271592.54500370,598,0.89790000,56829.72503400,0
1785205560000000,63284.45000000,63284.46000000,63250.01000000,63250.01000000,10.32616000,1785205619999999,653243.23643330,1998,5.13948000,325095.17948280,0
1785205620000000,63250.01000000,63251.38000000,63246.86000000,63251.37000000,1.32949000,1785205679999999,84091.21153320,516,0.57247000,36208.89856320,0
1785205680000000,63251.38000000,63258.93000000,63246.87000000,63250.31000000,14.36006000,1785205739999999,908311.55705680,1219,9.95694000,629782.78436030,0
1785205740000000,63250.31000000,63250.31000000,63235.96000000,63235.97000000,3.27942000,1785205799999999,207410.28912800,677,0.49878000,31542.36988620,0
1785205800000000,63235.96000000,63245.86000000,63235.96000000,63245.85000000,2.81096000,1785205859999999,177763.51208200,752,2.06522000,130603.25059100,0
1785205860000000,63245.86000000,63245.86000000,63222.09000000,63223.32000000,11.91699000,1785205919999999,753579.71903560,1256,5.65122000,357324.54710300,0
1785205920000000,63223.31000000,63235.95000000,63223.31000000,63230.51000000,3.98108000,1785205979999999,251735.86138360,953,2.64256000,167098.93915750,0
1785205980000000,63230.50000000,63230.51000000,63210.38000000,63210.39000000,3.97809000,1785206039999999,251497.74754590,851,0.74969000,47396.92490140,0
1785206040000000,63210.39000000,63226.02000000,63200.00000000,63226.01000000,4.67064000,1785206099999999,295226.92013320,1315,3.32784000,210354.11792320,0
1785206100000000,63226.02000000,63226.02000000,63220.87000000,63223.40000000,7.08972000,1785206159999999,448238.79217370,973,4.46776000,282466.37799520,0
1785206160000000,63223.41000000,63226.45000000,63200.00000000,63214.36000000,4.84848000,1785206219999999,306483.00903910,1444,2.06714000,130658.39420790,0
1785206220000000,63214.37000000,63215.38000000,63200.01000000,63200.01000000,5.31647000,1785206279999999,336047.99224100,863,2.29886000,145314.54831540,0
1785206280000000,63200.02000000,63218.59000000,63195.10000000,63215.16000000,11.13426000,1785206339999999,703750.06249310,1172,6.88451000,435145.73888080,0
1785206340000000,63215.15000000,63215.16000000,63190.10000000,63190.10000000,4.74342000,1785206399999999,299794.43296130,1292,2.24301000,141756.57874190,0
1785206400000000,63190.10000000,63190.11000000,63170.00000000,63170.00000000,8.26582000,1785206459999999,522234.48032560,1083,1.24580000,78706.53192460,0
1785206460000000,63170.01000000,63170.01000000,63149.17000000,63162.99000000,6.31022000,1785206519999999,398561.01267410,1228,1.82562000,115295.07475450,0
1785206520000000,63162.99000000,63162.99000000,63147.95000000,63161.42000000,9.79328000,1785206579999999,618511.95686970,1004,4.59530000,290213.02180010,0
1785206580000000,63161.43000000,63161.43000000,63123.00000000,63134.06000000,12.70387000,1785206639999999,802138.71587260,2088,1.59516000,100700.80100020,0
1785206640000000,63134.07000000,63149.84000000,63129.91000000,63130.00000000,10.68718000,1785206699999999,674764.13731550,996,6.11607000,386164.99734090,0
1785206700000000,63130.00000000,63151.14000000,63129.99000000,63143.89000000,10.72634000,1785206759999999,677214.34784800,1884,8.72403000,550777.13275630,0
1785206760000000,63143.90000000,63143.90000000,63134.77000000,63134.77000000,5.21154000,1785206819999999,329053.89443500,678,2.17685000,137438.05077580,0
1785206820000000,63134.78000000,63134.78000000,63120.89000000,63128.85000000,7.79520000,1785206879999999,492091.93667760,1498,2.30978000,145808.25231800,0
1785206880000000,63128.85000000,63132.40000000,63108.00000000,63108.01000000,11.74474000,1785206939999999,741287.85931890,1421,3.78925000,239180.81603080,0
1785206940000000,63108.01000000,63127.97000000,63108.00000000,63127.96000000,3.45869000,1785206999999999,218287.49469320,787,2.29712000,144979.70077780,0
1785207000000000,63127.96000000,63155.36000000,63125.39000000,63146.31000000,7.48157000,1785207059999999,472398.42177050,2457,3.99984000,252542.98186180,0
1785207060000000,63146.31000000,63158.55000000,63140.60000000,63140.61000000,5.62593000,1785207119999999,355262.77496870,1195,3.80199000,240085.23123550,0
1785207120000000,63140.61000000,63164.51000000,63140.61000000,63164.50000000,5.22323000,1785207179999999,329846.49250050,835,2.76041000,174321.51613190,0
1785207180000000,63164.51000000,63200.80000000,63164.50000000,63196.20000000,4.57819000,1785207239999999,289292.98354400,1212,3.41004000,215477.35166780,0
1785207240000000,63196.20000000,63196.20000000,63174.79000000,63185.80000000,15.11763000,1785207299999999,955212.40623290,1322,10.92652000,690370.04757870,0
1785207300000000,63185.79000000,63185.80000000,63185.79000000,63185.80000000,2.95441000,1785207359999999,186676.74522950,219,1.53956000,97278.33024800,0
1785207360000000,63185.80000000,63200.15000000,63185.79000000,63200.15000000,3.22393000,1785207419999999,203744.66404740,700,2.04668000,129345.23500400,0
1785207420000000,63200.15000000,63200.15000000,63186.42000000,63186.43000000,3.45618000,1785207479999999,218401.19064730,845,1.06852000,67518.73860870,0
1785207480000000,63186.43000000,63206.44000000,63186.43000000,63206.43000000,3.25041000,1785207539999999,205420.53994670,723,1.76376000,111457.68202080,0
1785207540000000,63206.44000000,63206.44000000,63185.58000000,63185.59000000,4.58237000,1785207599999999,289584.94018810,1068,0.39744000,25113.79408410,0
1785207600000000,63185.59000000,63224.95000000,63184.32000000,63212.97000000,11.07531000,1785207659999999,700110.23653290,1957,8.07041000,510153.93175900,0
1785207660000000,63212.96000000,63212.97000000,63177.87000000,63186.64000000,9.37862000,1785207719999999,592653.03091940,1779,3.37657000,213359.47591780,0
1785207720000000,63186.65000000,63216.27000000,63186.64000000,63216.26000000,5.79483000,1785207779999999,366232.45980300,1292,5.02819000,317775.84910830,0
1785207780000000,63216.26000000,63233.42000000,63216.26000000,63228.36000000,3.46206000,1785207839999999,218900.74383090,716,2.11292000,133592.94901000,0
1785207840000000,63228.35000000,63228.36000000,63196.23000000,63196.24000000,3.96958000,1785207899999999,250931.27912040,1203,1.32273000,83605.96702040,0
1785207900000000,63196.23000000,63211.83000000,63182.83000000,63182.83000000,5.27995000,1785207959999999,333674.61013490,1589,1.90851000,120611.14876670,0
1785207960000000,63182.84000000,63182.84000000,63168.01000000,63179.47000000,4.22868000,1785208019999999,267137.97439860,1744,2.42573000,153238.01399340,0
1785208020000000,63179.48000000,63233.87000000,63179.47000000,63219.89000000,6.88243000,1785208079999999,435070.42278610,1953,4.81625000,304456.76401180,0
1785208080000000,63219.88000000,63232.56000000,63219.88000000,63222.64000000,3.03049000,1785208139999999,191605.42334520,1214,0.81961000,51819.54027760,0
1785208140000000,63222.64000000,63222.64000000,63186.60000000,63189.21000000,5.56478000,1785208199999999,351712.60926000,1025,0.87705000,55439.02650520,0
1785208200000000,63189.21000000,63215.67000000,63189.21000000,63200.34000000,7.76587000,1785208259999999,490831.15370820,1390,4.51265000,285194.48581470,0
1785208260000000,63200.35000000,63240.11000000,63200.34000000,63240.10000000,2.92463000,1785208319999999,184881.31370690,1228,2.33316000,147479.73498810,0
1785208320000000,63240.11000000,63249.85000000,63240.10000000,63241.68000000,4.29400000,1785208379999999,271566.07825610,814,2.94181000,186044.69287760,0
1785208380000000,63241.67000000,63271.59000000,63241.67000000,63268.80000000,6.01108000,1785208439999999,380287.49743160,1278,3.29923000,208712.68257380,0
1785208440000000,63268.80000000,63298.00000000,63268.80000000,63277.08000000,7.36475000,1785208499999999,466056.71356720,1594,3.90682000,247230.58799610,0
1785208500000000,63277.09000000,63283.33000000,63250.00000000,63283.33000000,11.91120000,1785208559999999,753457.39118040,1865,7.69940000,487014.00804140,0
1785208560000000,63283.33000000,63298.00000000,63283.32000000,63297.99000000,3.13639000,1785208619999999,198514.52020280,593,0.89513000,56657.46111580,0
1785208620000000,63297.99000000,63303.64000000,63263.70000000,63287.62000000,26.81983000,1785208679999999,1697493.46431200,2545,4.27767000,270664.21862320,0
1785208680000000,63287.62000000,63310.56000000,63280.17000000,63297.73000000,4.27237000,1785208739999999,270441.84005200,1695,1.00907000,63869.24833730,0
1785208740000000,63297.73000000,63323.96000000,63297.72000000,63323.95000000,2.26969000,1785208799999999,143699.52794520,1131,1.84202000,116623.84557680,0
1785208800000000,63323.96000000,63346.30000000,63323.95000000,63335.97000000,4.57683000,1785208859999999,289884.91000850,1247,1.76329000,111668.89159930,0
1785208860000000,63335.97000000,63335.97000000,63301.12000000,63313.63000000,4.96170000,1785208919999999,314140.81622840,1407,1.28588000,81409.51045220,0
1785208920000000,63313.63000000,63322.10000000,63310.25000000,63310.85000000,7.06807000,1785208979999999,447510.11919050,1052,4.48488000,283950.50570610,0
1785208980000000,63310.84000000,63323.20000000,63310.84000000,63317.95000000,3.54075000,1785209039999999,224201.84934210,819,1.61613000,102332.30921710,0
1785209040000000,63317.95000000,63317.95000000,63315.91000000,63315.91000000,1.27594000,1785209099999999,80789.72498050,331,0.37499000,23743.54610250,0
1785209100000000,63315.91000000,63323.20000000,63315.91000000,63315.92000000,3.86578000,1785209159999999,244782.29193550,771,2.93891000,186093.66171900,0
1785209160000000,63315.92000000,63315.92000000,63288.98000000,63290.04000000,8.60546000,1785209219999999,544719.20673060,1943,3.21503000,203489.25379340,0
1785209220000000,63290.04000000,63290.05000000,63285.02000000,63285.03000000,2.98028000,1785209279999999,188614.88221060,430,1.14162000,72248.47684080,0
1785209280000000,63285.03000000,63287.58000000,63285.02000000,63287.58000000,3.59195000,1785209339999999,227317.63788830,265,3.20493000,202825.01089990,0
1785209340000000,63287.58000000,63325.09000000,63276.65000000,63300.62000000,169.91875000,1785209399999999,10757552.58932960,2957,101.82189000,6445530.12037960,0
1785209400000000,63300.63000000,63300.63000000,63228.57000000,63249.16000000,191.23820000,1785209459999999,12098160.16435470,6981,27.37695000,1731830.71781600,0
1785209460000000,63249.17000000,63254.12000000,63237.99000000,63254.11000000,4.51328000,1785209519999999,285417.93314490,833,3.91644000,247673.04368330,0
1785209520000000,63254.12000000,63293.37000000,63254.12000000,63291.53000000,4.10425000,1785209579999999,259693.26117460,1366,3.41372000,216007.13320390,0
1785209580000000,63291.53000000,63323.26000000,63281.37000000,63302.79000000,4.93790000,1785209639999999,312614.07489910,2096,2.91261000,184390.02897190,0
1785209640000000,63302.79000000,63323.69000000,63302.79000000,63311.38000000,2.66870000,1785209699999999,168968.42015850,1066,1.64940000,104427.28506990,0
1785209700000000,63311.38000000,63311.44000000,63301.17000000,63311.44000000,1.80581000,1785209759999999,114318.21709930,901,1.27615000,80786.35500080,0
1785209760000000,63311.44000000,63311.44000000,63292.88000000,63308.80000000,1.81735000,1785209819999999,115040.77584800,924,1.11320000,70465.93797650,0
1785209820000000,63308.80000000,63325.13000000,63308.79000000,63325.13000000,5.61201000,1785209879999999,355316.63573090,1208,4.28423000,271246.40735930,0
1785209880000000,63325.13000000,63357.21000000,63325.13000000,63341.71000000,16.30657000,1785209939999999,1032901.83455560,1775,11.99251000,759620.54687750,0
1785209940000000,63341.71000000,63341.71000000,63335.33000000,63339.60000000,2.54586000,1785209999999999,161249.07859640,515,2.21987000,140601.85758530,0
1785210000000000,63339.60000000,63370.98000000,63339.60000000,63370.98000000,5.23451000,1785210059999999,331658.11784450,1628,3.86183000,244678.41335030,0
1785210060000000,63370.97000000,63370.98000000,63359.15000000,63359.15000000,10.36346000,1785210119999999,656711.54750690,1869,5.08421000,322172.66500770,0
1785210120000000,63359.15000000,63364.17000000,63359.15000000,63362.42000000,5.44956000,1785210179999999,345295.21342490,407,4.87937000,309167.50114010,0
1785210180000000,63362.42000000,63371.54000000,63362.41000000,63371.54000000,2.98620000,1785210239999999,189219.41819390,648,1.54838000,98115.12795210,0
1785210240000000,63371.55000000,63375.39000000,63356.38000000,63356.38000000,6.82277000,1785210299999999,432309.91577330,958,1.83908000,116523.91660300,0
1785210300000000,63356.39000000,63369.99000000,63340.70000000,63341.38000000,5.99932000,1785210359999999,380078.50305810,1930,2.81433000,178297.51238350,0
1785210360000000,63341.37000000,63341.38000000,63314.48000000,63314.48000000,4.53813000,1785210419999999,287404.70251340,992,0.66036000,41814.57411190,0
1785210420000000,63314.48000000,63319.39000000,63303.35000000,63319.39000000,5.32256000,1785210479999999,336977.67194960,1178,3.85196000,243870.68095360,0
1785210480000000,63319.39000000,63339.39000000,63316.84000000,63325.24000000,5.46130000,1785210539999999,345869.60364930,2171,1.41962000,89897.49988500,0
1785210540000000,63325.23000000,63325.24000000,63313.57000000,63323.89000000,3.77732000,1785210599999999,239181.53746140,1009,2.29834000,145532.39688690,0
1785210600000000,63323.90000000,63333.50000000,63305.34000000,63305.35000000,2.49014000,1785210659999999,157669.81478370,1202,0.67068000,42460.71227050,0
1785210660000000,63305.34000000,63318.09000000,63303.36000000,63303.37000000,7.61663000,1785210719999999,482175.90210040,1304,5.18833000,328446.27199850,0
1785210720000000,63303.36000000,63303.37000000,63303.36000000,63303.37000000,1.90674000,1785210779999999,120703.06670020,255,1.80538000,114286.63813060,0
1785210780000000,63303.36000000,63325.57000000,63303.36000000,63325.57000000,6.78840000,1785210839999999,429849.85483330,1049,5.35232000,338915.62957680,0
1785210840000000,63325.57000000,63334.22000000,63325.56000000,63334.22000000,3.19340000,1785210899999999,202225.75817720,490,3.11601000,197324.69264540,0
1785210900000000,63334.21000000,63336.70000000,63311.68000000,63326.37000000,15.49784000,1785210959999999,981502.05695480,1463,11.49139000,727774.40251300,0
1785210960000000,63326.36000000,63326.37000000,63303.36000000,63307.97000000,4.53282000,1785211019999999,286978.50838080,931,1.50452000,95246.66797390,0
1785211020000000,63307.97000000,63307.97000000,63284.59000000,63284.60000000,7.72262000,1785211079999999,488842.59345370,1070,1.38874000,87897.39087390,0
1785211080000000,63284.60000000,63302.88000000,63284.59000000,63301.26000000,16.19893000,1785211139999999,1025339.90305260,1604,4.29143000,271612.62912630,0
1785211140000000,63301.26000000,63353.50000000,63301.26000000,63343.83000000,25.22593000,1785211199999999,1597796.21778760,2550,21.74094000,1377079.18484990,0
1785211200000000,63343.82000000,63343.83000000,63331.51000000,63335.33000000,11.80705000,1785211259999999,747831.68618250,1252,3.70997000,234963.88614680,0
1785211260000000,63335.32000000,63335.33000000,63323.01000000,63323.02000000,2.35849000,1785211319999999,149360.43247400,672,0.77795000,49263.57367570,0
1785211320000000,63323.02000000,63332.38000000,63323.01000000,63332.38000000,1.22789000,1785211379999999,77757.25734580,667,1.13976000,72176.46563260,0
1785211380000000,63332.38000000,63332.38000000,63330.60000000,63330.60000000,7.78954000,1785211439999999,493325.86365940,446,4.52747000,286734.51126680,0
1785211440000000,63330.61000000,63339.67000000,63318.37000000,63338.47000000,4.61530000,1785211499999999,292279.51263040,1718,3.14130000,198934.01103280,0
1785211500000000,63338.48000000,63354.39000000,63338.47000000,63351.85000000,2.44168000,1785211559999999,154670.34556130,703,1.45958000,92458.58489120,0
1785211560000000,63351.84000000,63351.85000000,63348.21000000,63348.21000000,8.26784000,1785211619999999,523782.37590450,539,3.17641000,201231.35808820,0
1785211620000000,63348.20000000,63348.21000000,63338.48000000,63343.84000000,3.42312000,1785211679999999,216826.75534640,789,2.64002000,167221.23844960,0
1785211680000000,63343.84000000,63347.93000000,63341.25000000,63341.25000000,2.63495000,1785211739999999,166907.14647840,695,1.02918000,65190.79807190,0
1785211740000000,63341.26000000,63341.26000000,63335.66000000,63335.66000000,8.14538000,1785211799999999,515924.07905730,898,5.43247000,344087.70104440,0
1785211800000000,63335.66000000,63338.21000000,63335.66000000,63338.20000000,0.57869000,1785211859999999,36652.73451870,291,0.49820000,31554.71661310,0
1785211860000000,63338.20000000,63341.26000000,63338.20000000,63341.26000000,6.56202000,1785211919999999,415636.88585940,808,3.13292000,198434.77474580,0
1785211920000000,63341.25000000,63341.27000000,63285.01000000,63319.85000000,21.07693000,1785211979999999,1334515.88950230,2127,8.55669000,541844.01411290,0
1785211980000000,63319.85000000,63330.00000000,63300.11000000,63324.98000000,13.07672000,1785212039999999,827924.30669770,2353,7.30725000,462630.19964670,0
1785212040000000,63324.97000000,63345.72000000,63314.24000000,63345.67000000,33.78663000,1785212099999999,2139914.08416430,1654,27.51571000,1742704.70427710,0
1785212100000000,63345.67000000,63345.67000000,63333.04000000,63344.73000000,7.17324000,1785212159999999,454368.66598740,1588,1.61503000,102288.92463440,0
1785212160000000,63344.73000000,63350.00000000,63328.48000000,63328.49000000,4.27177000,1785212219999999,270573.97904890,1068,1.81508000,114973.74235620,0
1785212220000000,63328.49000000,63343.38000000,63319.90000000,63319.91000000,19.32813000,1785212279999999,1224027.66663020,1464,6.77773000,429281.64775270,0
1785212280000000,63319.90000000,63337.87000000,63315.39000000,63337.86000000,26.61905000,1785212339999999,1685677.94744130,1163,22.63746000,1433575.29963520,0
1785212340000000,63337.87000000,63361.85000000,63337.86000000,63361.85000000,3.52803000,1785212399999999,223499.88679690,690,2.57244000,162961.94335600,0
1785212400000000,63361.84000000,63361.85000000,63324.40000000,63324.41000000,7.03868000,1785212459999999,445868.51184130,1380,0.63770000,40403.69595840,0
1785212460000000,63324.41000000,63324.41000000,63317.50000000,63317.50000000,5.23857000,1785212519999999,331693.54035500,359,0.79891000,50585.00585810,0
1785212520000000,63317.50000000,63356.96000000,63308.07000000,63343.70000000,15.23206000,1785212579999999,964613.44103750,1490,10.51690000,665969.93847380,0
1785212580000000,63343.70000000,63344.10000000,63336.29000000,63338.25000000,2.22593000,1785212639999999,140991.43723380,921,1.19518000,75701.10831650,0
1785212640000000,63338.24000000,63338.25000000,63328.13000000,63330.52000000,1.83401000,1785212699999999,116154.44545550,508,0.75202000,47625.99874930,0
1785212700000000,63330.51000000,63332.97000000,63323.90000000,63323.91000000,3.43740000,1785212759999999,217682.80546890,687,1.20573000,76359.29523830,0
1785212760000000,63323.90000000,63323.90000000,63314.86000000,63314.86000000,1.37158000,1785212819999999,86845.76060210,580,0.56221000,35596.83945000,0
1785212820000000,63314.55000000,63319.57000000,63296.85000000,63296.85000000,1.92500000,1785212879999999,121874.58110610,1227,0.64424000,40789.09033260,0
1785212880000000,63296.86000000,63296.86000000,63295.12000000,63295.13000000,1.87945000,1785212939999999,118960.08337070,285,0.96854000,61303.86847990,0
1785212940000000,63295.12000000,63295.13000000,63295.10000000,63295.11000000,2.26763000,1785212999999999,143529.91605320,354,0.49209000,31146.89973150,0
1785213000000000,63295.10000000,63295.10000000,63252.21000000,63252.22000000,5.93866000,1785213059999999,375761.58324230,2120,0.86392000,54658.91836420,0
1785213060000000,63252.22000000,63272.18000000,63252.21000000,63269.30000000,5.86272000,1785213119999999,370877.85259910,1104,4.34521000,274871.96065760,0
1785213120000000,63269.31000000,63269.31000000,63245.42000000,63245.42000000,3.20990000,1785213179999999,203047.63817490,1279,0.40439000,25578.45133190,0
1785213180000000,63245.42000000,63245.43000000,63245.39000000,63245.40000000,1.02482000,1785213239999999,64815.15596570,302,0.41220000,26069.75417610,0
1785213240000000,63245.40000000,63245.40000000,63245.39000000,63245.40000000,0.61609000,1785213299999999,38964.85611470,225,0.37896000,23967.47678400,0
1785213300000000,63245.39000000,63245.40000000,63245.39000000,63245.40000000,1.09744000,1785213359999999,69408.03036410,211,0.95625000,60478.41375000,0
1785213360000000,63245.40000000,63245.40000000,63228.25000000,63241.71000000,3.24470000,1785213419999999,205188.98825900,1102,1.47094000,93019.81433720,0
1785213420000000,63241.71000000,63249.21000000,63241.70000000,63249.20000000,2.53294000,1785213479999999,160188.82953520,661,1.28189000,81069.94198800,0
1785213480000000,63249.21000000,63249.21000000,63234.04000000,63234.05000000,5.70647000,1785213539999999,360871.96066330,938,0.78233000,49473.24096770,0
1785213540000000,63234.05000000,63243.41000000,63234.04000000,63243.40000000,2.22061000,1785213599999999,140434.91917930,556,0.91825000,58069.46982610,0
1785213600000000,63243.41000000,63243.41000000,63221.26000000,63229.89000000,4.39565000,1785213659999999,277943.34232920,1598,1.17332000,74188.62519490,0
1785213660000000,63229.88000000,63242.90000000,63229.88000000,63242.90000000,4.75830000,1785213719999999,300924.62031490,609,1.36686000,86440.96570730,0
1785213720000000,63242.90000000,63247.94000000,63242.89000000,63247.93000000,0.66230000,1785213779999999,41887.71506790,375,0.53290000,33703.79383220,0
1785213780000000,63247.93000000,63263.11000000,63247.93000000,63263.11000000,1.10658000,1785213839999999,69997.75389940,681,0.85256000,53930.34017220,0
1785213840000000,63263.11000000,63286.08000000,63263.10000000,63286.08000000,2.12384000,1785213899999999,134381.94226950,865,2.04130000,129159.01773250,0
1785213900000000,63286.08000000,63286.08000000,63286.07000000,63286.07000000,1.09905000,1785213959999999,69554.55928490,276,0.40514000,25639.72245120,0
1785213960000000,63286.07000000,63314.40000000,63286.07000000,63311.86000000,9.81850000,1785214019999999,621515.52303790,1262,5.26350000,333148.91515820,0
1785214020000000,63311.86000000,63311.86000000,63307.44000000,63307.44000000,1.62998000,1785214079999999,103191.69618300,534,0.39200000,24816.52040000,0
1785214080000000,63307.45000000,63307.45000000,63286.09000000,63286.10000000,2.89784000,1785214139999999,183424.19180640,1252,0.60225000,38116.06565400,0
1785214140000000,63286.09000000,63286.10000000,63286.09000000,63286.10000000,3.72712000,1785214199999999,235874.85930840,427,0.75476000,47765.81683600,0
1785214200000000,63286.10000000,63304.34000000,63286.09000000,63294.08000000,6.11995000,1785214259999999,387368.18078920,1225,3.01815000,191020.74420630,0
1785214260000000,63294.08000000,63305.08000000,63286.03000000,63305.08000000,6.42095000,1785214319999999,406389.69785390,1019,1.87018000,118374.49838300,0
1785214320000000,63305.08000000,63325.08000000,63305.07000000,63325.08000000,5.42195000,1785214379999999,343300.70608330,833,2.01631000,127658.40599040,0
1785214380000000,63325.08000000,63329.98000000,63325.07000000,63329.97000000,1.95482000,1785214439999999,123794.65240970,445,1.87315000,118622.64802630,0
1785214440000000,63329.97000000,63340.00000000,63329.97000000,63340.00000000,2.38866000,1785214499999999,151284.91993320,675,1.39332000,88244.05162640,0
1785214500000000,63340.00000000,63354.55000000,63339.99000000,63354.54000000,4.06514000,1785214559999999,257512.23576030,875,1.40274000,88861.19019500,0
1785214560000000,63354.55000000,63354.55000000,63350.92000000,63350.92000000,11.80164000,1785214619999999,747676.58826830,956,10.69618000,677641.32951050,0
1785214620000000,63350.93000000,63350.93000000,63340.26000000,63348.16000000,1.88022000,1785214679999999,119104.90300950,825,0.68184000,43191.65223540,0
1785214680000000,63348.15000000,63348.16000000,63321.13000000,63324.82000000,5.59469000,1785214739999999,354369.24371460,1353,1.19412000,75621.95146260,0
1785214740000000,63324.83000000,63350.95000000,63324.82000000,63350.95000000,2.68953000,1785214799999999,170353.72451840,815,1.95175000,123621.97075980,0
1785214800000000,63350.95000000,63357.11000000,63323.09000000,63354.03000000,16.83559000,1785214859999999,1066309.52917990,2485,5.49880000,348279.45352320,0
1785214860000000,63354.02000000,63407.00000000,63354.02000000,63407.00000000,8.20258000,1785214919999999,519879.41791280,1573,6.98604000,442756.81966200,0
1785214920000000,63406.99000000,63423.04000000,63386.82000000,63423.03000000,10.93846000,1785214979999999,693525.70375260,2191,7.52029000,476797.24158550,0
1785214980000000,63423.04000000,63439.07000000,63423.04000000,63425.37000000,4.10945000,1785215039999999,260671.15876480,1362,2.37134000,150417.67385920,0
1785215040000000,63425.36000000,63469.95000000,63425.36000000,63462.23000000,6.79282000,1785215099999999,431007.86470760,2072,5.15198000,326898.04246160,0
1785215100000000,63462.23000000,63462.23000000,63435.59000000,63439.03000000,5.35127000,1785215159999999,339499.69821440,1612,1.69063000,107248.42210520,0
1785215160000000,63439.04000000,63453.30000000,63425.49000000,63453.29000000,6.52907000,1785215219999999,414188.31000380,1405,2.62627000,166601.82504000,0
1785215220000000,63453.30000000,63498.60000000,63453.29000000,63464.41000000,12.95470000,1785215279999999,822392.76626220,2407,9.43058000,598661.09584090,0
1785215280000000,63464.41000000,63464.42000000,63456.44000000,63456.45000000,1.36573000,1785215339999999,86666.56444340,339,0.92191000,58501.61981120,0
1785215340000000,63456.44000000,63472.99000000,63454.96000000,63472.99000000,2.37664000,1785215399999999,150816.41843330,1035,1.77226000,112464.31733340,0
1785215400000000,63473.38000000,63473.39000000,63457.25000000,63471.34000000,5.57082000,1785215459999999,353568.66788360,1488,3.44187000,218444.58873590,0
1785215460000000,63471.35000000,63475.35000000,63462.88000000,63473.97000000,3.57090000,1785215519999999,226644.18685160,1326,1.88336000,119533.28169230,0
1785215520000000,63473.96000000,63473.96000000,63460.00000000,63460.01000000,3.54748000,1785215579999999,225133.27399510,862,0.72043000,45720.00093930,0
1785215580000000,63460.00000000,63460.01000000,63457.29000000,63457.30000000,1.69719000,1785215639999999,107702.31493270,447,0.90811000,57628.29995980,0
1785215640000000,63457.30000000,63457.30000000,63450.64000000,63450.64000000,4.84113000,1785215699999999,307194.18422790,610,1.63661000,103847.76546930,0
1785215700000000,63450.65000000,63452.81000000,63450.64000000,63452.80000000,0.84863000,1785215759999999,53847.28758180,297,0.64292000,40794.46244340,0
1785215760000000,63452.81000000,63504.00000000,63452.80000000,63503.99000000,8.28153000,1785215819999999,525722.32749390,1393,7.67104000,486981.02801900,0
1785215820000000,63503.99000000,63555.26000000,63503.99000000,63539.96000000,25.10151000,1785215879999999,1594890.58996010,3799,17.51543000,1112822.11113240,0
1785215880000000,63539.97000000,63539.97000000,63514.00000000,63533.99000000,4.70427000,1785215939999999,298814.97887360,1427,3.50834000,222847.06797220,0
1785215940000000,63534.00000000,63623.50000000,63534.00000000,63586.13000000,28.31529000,1785215999999999,1800558.23990450,4074,23.90850000,1520304.57986160,0
1785216000000000,63586.14000000,63586.14000000,63528.14000000,63550.04000000,9.06903000,1785216059999999,576363.48621610,3185,4.34553000,276115.18604970,0
1785216060000000,63550.04000000,63584.00000000,63550.04000000,63583.99000000,3.06635000,1785216119999999,194919.80863470,1130,2.77599000,176464.84699600,0
1785216120000000,63583.99000000,63584.00000000,63514.00000000,63514.00000000,16.53969000,1785216179999999,1050785.75621010,1873,9.97001000,633312.23014620,0
1785216180000000,63514.00000000,63514.01000000,63500.00000000,63505.10000000,9.54519000,1785216239999999,606138.67286260,872,2.23607000,141991.81262760,0
1785216240000000,63505.09000000,63512.00000000,63505.09000000,63508.00000000,3.70996000,1785216299999999,235614.83751110,798,1.51808000,96408.16534050,0
1785216300000000,63508.00000000,63508.00000000,63500.00000000,63500.00000000,4.99665000,1785216359999999,317306.42854200,801,2.98839000,189774.00077540,0
1785216360000000,63500.01000000,63509.82000000,63500.00000000,63509.82000000,4.75197000,1785216419999999,301778.77154240,1235,2.53079000,160717.24107400,0
1785216420000000,63509.98000000,63513.20000000,63507.21000000,63513.20000000,3.69201000,1785216479999999,234475.60565360,770,0.92911000,59007.40283370,0
1785216480000000,63513.20000000,63529.64000000,63508.00000000,63529.63000000,11.33759000,1785216539999999,720151.76876470,1378,9.17608000,582867.18006850,0
1785216540000000,63529.64000000,63545.27000000,63529.63000000,63545.26000000,2.78670000,1785216599999999,177053.11455960,905,1.35068000,85814.86185730,0
1785216600000000,63545.26000000,63545.27000000,63528.11000000,63528.11000000,4.31205000,1785216659999999,273988.92188890,1171,0.37456000,23800.17017900,0
1785216660000000,63528.11000000,63536.00000000,63517.18000000,63535.99000000,5.00488000,1785216719999999,317932.87379150,1246,3.97767000,252680.85255080,0
1785216720000000,63536.00000000,63536.00000000,63475.86000000,63484.00000000,15.58528000,1785216779999999,989723.96335720,2099,2.91279000,184928.70807640,0
1785216780000000,63484.01000000,63497.01000000,63484.01000000,63485.19000000,1.77229000,1785216839999999,112526.80540010,1234,0.96741000,61423.39976110,0
1785216840000000,63485.20000000,63485.20000000,63478.00000000,63481.70000000,2.78392000,1785216899999999,176727.37238010,624,1.03098000,65448.16328680,0
1785216900000000,63481.69000000,63481.70000000,63432.38000000,63441.05000000,24.17784000,1785216959999999,1534030.09414670,2382,9.51719000,603838.54529720,0
1785216960000000,63441.04000000,63475.83000000,63441.04000000,63475.82000000,3.91331000,1785217019999999,248309.01443460,1258,3.36105000,213267.48747980,0
1785217020000000,63475.82000000,63496.74000000,63468.00000000,63496.74000000,8.18274000,1785217079999999,519409.86502050,1599,2.19954000,139625.07801480,0
1785217080000000,63496.74000000,63496.74000000,63473.61000000,63474.00000000,3.29685000,1785217139999999,209294.46387080,1274,0.72888000,46265.59962850,0
1785217140000000,63474.01000000,63515.65000000,63474.00000000,63515.64000000,4.09526000,1785217199999999,260039.50642790,1828,1.89105000,120067.81500440,0
1785217200000000,63515.64000000,63520.00000000,63515.64000000,63519.99000000,4.84798000,1785217259999999,307929.70778370,442,0.76992000,48902.56510620,0
1785217260000000,63519.99000000,63528.44000000,63519.99000000,63528.44000000,3.14136000,1785217319999999,199550.86419380,635,2.03782000,129452.78364840,0
1785217320000000,63528.43000000,63545.37000000,63528.43000000,63538.00000000,5.37435000,1785217379999999,341461.40970090,1580,3.43158000,218011.73388520,0
1785217380000000,63538.00000000,63541.51000000,63538.00000000,63541.51000000,1.40528000,1785217439999999,89292.52352290,330,0.73319000,46586.97569290,0
1785217440000000,63541.50000000,63545.37000000,63524.87000000,63545.36000000,5.78217000,1785217499999999,367364.90898840,1318,1.22166000,77620.14914610,0
1785217500000000,63545.37000000,63561.03000000,63545.36000000,63561.03000000,6.78308000,1785217559999999,431065.52911710,1093,4.50174000,286087.61700920,0
1785217560000000,63561.03000000,63561.03000000,63530.01000000,63530.01000000,5.77193000,1785217619999999,366763.17774200,2033,2.58849000,164470.99384090,0
1785217620000000,63530.02000000,63536.01000000,63528.00000000,63529.30000000,7.78208000,1785217679999999,494416.64960960,960,4.00692000,254564.65700890,0
1785217680000000,63529.30000000,63529.31000000,63515.65000000,63515.65000000,2.34194000,1785217739999999,148767.91921570,961,0.34978000,22218.35951900,0
1785217740000000,63515.66000000,63528.12000000,63515.65000000,63520.01000000,5.91067000,1785217799999999,375476.61169110,1158,1.64466000,104469.48652880,0
1785217800000000,63520.01000000,63526.91000000,63520.01000000,63524.00000000,2.91240000,1785217859999999,185008.41334360,706,1.86603000,118537.15985560,0
1785217860000000,63524.01000000,63526.91000000,63520.00000000,63520.00000000,3.55431000,1785217919999999,225786.21188160,836,2.03201000,129083.38231280,0
1785217920000000,63520.01000000,63520.01000000,63519.96000000,63519.96000000,1.76606000,1785217979999999,112180.09320730,359,1.22135000,77580.12247190,0
1785217980000000,63519.96000000,63519.97000000,63504.09000000,63504.10000000,4.11003000,1785218039999999,261040.31406880,1036,1.50687000,95700.46575070,0
1785218040000000,63504.09000000,63504.10000000,63500.00000000,63504.09000000,4.03479000,1785218099999999,256219.22260250,566,3.43354000,218038.73053810,0
1785218100000000,63504.09000000,63512.47000000,63504.09000000,63506.01000000,3.27299000,1785218159999999,207866.05900710,662,1.68019000,106703.96801810,0
1785218160000000,63506.01000000,63506.01000000,63490.11000000,63490.12000000,2.17964000,1785218219999999,138399.10545990,857,0.56852000,36097.48364030,0
1785218220000000,63490.11000000,63490.12000000,63476.00000000,63487.09000000,4.47568000,1785218279999999,284130.97115090,1285,2.58160000,163889.57295010,0
1785218280000000,63487.10000000,63487.10000000,63474.00000000,63474.00000000,2.59609000,1785218339999999,164800.31853230,1094,0.34606000,21968.02965810,0
1785218340000000,63474.01000000,63474.01000000,63451.61000000,63451.61000000,7.92094000,1785218399999999,502662.77580400,1708,4.64423000,294719.56587360,0
1785218400000000,63451.62000000,63457.89000000,63441.22000000,63446.00000000,6.16229000,1785218459999999,390999.96080280,2087,3.34890000,212483.91476940,0
1785218460000000,63446.00000000,63467.32000000,63442.85000000,63450.10000000,6.66349000,1785218519999999,422802.15599610,2167,5.12280000,325038.79471570,0
1785218520000000,63450.10000000,63450.10000000,63432.83000000,63439.99000000,6.15943000,1785218579999999,390759.99586010,1322,2.41709000,153329.48587990,0
1785218580000000,63439.99000000,63440.00000000,63419.92000000,63419.93000000,5.46766000,1785218639999999,346779.04646280,978,1.34826000,85508.99968160,0
1785218640000000,63419.93000000,63429.19000000,63418.00000000,63418.01000000,9.28436000,1785218699999999,588830.19957020,1189,3.92181000,248726.13560430,0
1785218700000000,63418.00000000,63418.01000000,63410.00000000,63410.01000000,2.45400000,1785218759999999,155613.54909560,666,0.49992000,31700.36363700,0
1785218760000000,63410.01000000,63410.89000000,63403.66000000,63410.88000000,2.89471000,1785218819999999,183543.53707660,752,1.46302000,92763.37953930,0
1785218820000000,63410.89000000,63410.89000000,63400.00000000,63400.01000000,3.15468000,1785218879999999,200014.82232540,697,1.31810000,83572.33794520,0
1785218880000000,63400.00000000,63400.01000000,63399.39000000,63399.40000000,3.04434000,1785218939999999,193010.30229250,318,0.31025000,19669.74266200,0
1785218940000000,63399.39000000,63428.67000000,63395.13000000,63428.66000000,28.01963000,1785218999999999,1776732.55461000,1686,26.70784000,1693564.29974030,0
1785219000000000,63428.67000000,63428.95000000,63409.48000000,63409.48000000,22.18763000,1785219059999999,1407194.90877730,1801,4.43236000,281099.95614830,0
1785219060000000,63409.49000000,63419.93000000,63409.48000000,63418.13000000,2.41812000,1785219119999999,153346.84311490,542,1.78738000,113346.92680900,0
1785219120000000,63418.13000000,63418.13000000,63409.51000000,63409.52000000,3.56253000,1785219179999999,225915.96091690,774,0.92287000,58521.73698890,0
1785219180000000,63409.51000000,63431.13000000,63409.51000000,63431.12000000,3.53678000,1785219239999999,224295.04469250,1148,1.89451000,120149.91147700,0
1785219240000000,63431.13000000,63431.13000000,63424.21000000,63424.22000000,3.16931000,1785219299999999,201029.39694130,519,1.05346000,66820.35645240,0
1785219300000000,63424.22000000,63444.00000000,63424.21000000,63444.00000000,10.21122000,1785219359999999,647713.13948290,1084,7.80198000,494897.29414790,0
1785219360000000,63443.99000000,63444.00000000,63437.45000000,63437.46000000,2.51247000,1785219419999999,159390.09832660,608,0.65885000,41796.98194320,0
1785219420000000,63437.45000000,63450.00000000,63437.45000000,63441.58000000,10.93763000,1785219479999999,693929.66201120,1167,9.55962000,606501.05552570,0
1785219480000000,63441.57000000,63446.00000000,63438.47000000,63445.99000000,4.49108000,1785219539999999,284923.23313320,893,3.85998000,244884.78405520,0
1785219540000000,63445.99000000,63446.00000000,63445.99000000,63445.99000000,3.07809000,1785219599999999,195292.48143600,307,1.40769000,89312.29974000,0
1785219600000000,63445.99000000,63458.00000000,63445.99000000,63457.99000000,13.43547000,1785219659999999,852489.61009900,1548,7.92582000,502902.04655740,0
1785219660000000,63458.00000000,63520.05000000,63457.99000000,63520.04000000,13.57768000,1785219719999999,861938.91529770,2483,11.99490000,761456.03013680,0
1785219720000000,63520.05000000,63522.24000000,63518.00000000,63518.01000000,6.70915000,1785219779999999,426170.24801680,951,2.71604000,172525.72907790,0
1785219780000000,63518.00000000,63520.04000000,63490.00000000,63492.21000000,4.64897000,1785219839999999,295258.33065340,1883,1.91909000,121884.95125150,0
1785219840000000,63492.21000000,63492.22000000,63477.67000000,63483.19000000,7.38799000,1785219899999999,468997.84457500,1572,5.25502000,333585.72463520,0
1785219900000000,63483.18000000,63488.97000000,63483.18000000,63488.33000000,3.43856000,1785219959999999,218306.36914440,760,2.02285000,128425.25459860,0
1785219960000000,63488.33000000,63526.86000000,63488.32000000,63515.85000000,7.93532000,1785220019999999,504002.18729740,2181,4.48462000,284814.19422440,0
1785220020000000,63515.86000000,63515.86000000,63491.67000000,63500.00000000,4.57135000,1785220079999999,290293.37893840,1209,2.66324000,169119.73831700,0
1785220080000000,63500.00000000,63521.99000000,63499.99000000,63521.98000000,10.71480000,1785220139999999,680579.93689030,1169,2.69446000,171131.83963890,0
1785220140000000,63521.99000000,63522.00000000,63521.98000000,63521.99000000,1.47004000,1785220199999999,93379.87464520,191,0.88144000,55990.83135090,0
1785220200000000,63522.00000000,63532.00000000,63514.14000000,63522.07000000,4.33308000,1785220259999999,275256.26156660,1543,3.01395000,191461.52259710,0
1785220260000000,63522.07000000,63550.00000000,63522.06000000,63541.08000000,3.81895000,1785220319999999,242654.75052310,1360,3.38700000,215207.64601220,0
1785220320000000,63541.07000000,63541.08000000,63520.00000000,63520.00000000,1.73598000,1785220379999999,110285.67381240,1029,0.26656000,16935.58524870,0
1785220380000000,63520.00000000,63522.00000000,63506.05000000,63520.01000000,7.48137000,1785220439999999,475180.50787390,1745,2.99141000,189990.76608340,0
1785220440000000,63520.02000000,63526.00000000,63520.01000000,63526.00000000,2.66373000,1785220499999999,169204.95601870,619,2.34003000,148642.39546790,0
1785220500000000,63525.99000000,63540.99000000,63525.99000000,63540.99000000,5.05457000,1785220559999999,321125.30649520,883,4.81742000,306058.63475500,0
1785220560000000,63540.98000000,63562.00000000,63540.98000000,63552.44000000,9.75779000,1785220619999999,620130.80525920,1629,7.59303000,482546.41739930,0
1785220620000000,63552.44000000,63561.86000000,63532.09000000,63534.91000000,12.09819000,1785220679999999,768795.38261430,1865,8.09669000,514490.14258120,0
1785220680000000,63534.92000000,63555.50000000,63534.91000000,63555.50000000,4.16185000,1785220739999999,264476.64321610,755,3.74624000,238064.08074260,0
1785220740000000,63555.50000000,63561.84000000,63555.49000000,63561.84000000,1.49372000,1785220799999999,94937.47765630,328,1.27837000,81249.71449700,0
1785220800000000,63561.83000000,63576.00000000,63561.83000000,63575.99000000,3.66691000,1785220859999999,233104.91186100,698,3.41154000,216872.22673630,0
1785220860000000,63576.00000000,63576.00000000,63560.00000000,63560.00000000,4.51915000,1785220919999999,287289.91718280,859,0.35872000,22801.59703460,0
1785220920000000,63560.01000000,63568.51000000,63560.00000000,63568.51000000,3.79980000,1785220979999999,241537.45386580,471,3.43855000,218574.91245580,0
1785220980000000,63568.51000000,63584.01000000,63568.50000000,63584.00000000,5.88032000,1785221039999999,373864.20223450,989,3.39245000,215675.71616220,0
1785221040000000,63584.00000000,63584.01000000,63580.00000000,63580.00000000,5.92737000,1785221099999999,376880.78349800,821,0.99099000,63010.81761140,0
1785221100000000,63580.00000000,63580.00000000,63568.51000000,63568.51000000,1.72310000,1785221159999999,109540.10312460,542,0.52516000,33383.65977920,0
1785221160000000,63568.52000000,63568.52000000,63564.71000000,63564.71000000,1.46647000,1785221219999999,93220.48117560,448,0.35821000,22770.61462600,0
1785221220000000,63564.72000000,63570.10000000,63564.71000000,63565.75000000,2.75539000,1785221279999999,175151.62734370,775,1.89947000,120743.35337980,0
1785221280000000,63565.75000000,63565.75000000,63550.01000000,63550.02000000,2.12616000,1785221339999999,135135.54437640,857,0.43464000,27624.46388060,0
1785221340000000,63550.01000000,63550.02000000,63550.01000000,63550.01000000,0.63344000,1785221399999999,40255.12180070,310,0.34663000,22028.34343260,0
1785221400000000,63550.02000000,63618.00000000,63545.38000000,63617.99000000,40.05412000,1785221459999999,2546914.82068000,1813,38.97967000,2478589.08290210,0
1785221460000000,63617.99000000,63618.00000000,63612.00000000,63612.00000000,7.07547000,1785221519999999,450104.06944650,461,4.60406000,292878.66665460,0
1785221520000000,63612.01000000,63612.01000000,63612.00000000,63612.01000000,7.35152000,1785221579999999,467644.95857290,389,6.83329000,434679.31181290,0
1785221580000000,63612.01000000,63612.01000000,63609.50000000,63609.51000000,4.49275000,1785221639999999,285791.16918570,405,1.51298000,96242.43736480,0
1785221640000000,63609.51000000,63638.58000000,63609.51000000,63638.58000000,25.85400000,1785221699999999,1644775.08374310,1323,25.52745000,1624000.39679320,0
1785221700000000,63638.58000000,63660.72000000,63638.57000000,63643.32000000,19.74394000,1785221759999999,1256621.25524850,2590,15.00004000,954674.37016090,0
1785221760000000,63643.32000000,63643.64000000,63626.00000000,63626.01000000,20.60586000,1785221819999999,1311312.84136240,1723,12.93129000,822927.20794490,0
1785221820000000,63626.01000000,63628.00000000,63626.01000000,63628.00000000,20.26405000,1785221879999999,1289354.03659890,2199,20.08313000,1277842.50954520,0
1785221880000000,63628.00000000,63634.00000000,63627.99000000,63633.99000000,8.82829000,1785221939999999,561734.29835610,1094,8.74736000,556584.53846610,0
1785221940000000,63634.00000000,63644.31000000,63633.99000000,63640.63000000,8.05676000,1785221999999999,512719.90601540,674,6.25377000,397978.49962810,0
1785222000000000,63640.63000000,63655.90000000,63635.69000000,63635.70000000,11.10768000,1785222059999999,706984.93324270,1064,6.04807000,384944.01215190,0
1785222060000000,63635.69000000,63635.69000000,63630.33000000,63630.34000000,4.08378000,1785222119999999,259859.34291140,406,0.63886000,40651.71718900,0
1785222120000000,63630.34000000,63630.34000000,63630.01000000,63630.02000000,5.53084000,1785222179999999,351929.10250280,273,2.79279000,177706.08489660,0
1785222180000000,63630.02000000,63630.02000000,63601.29000000,63604.55000000,9.47138000,1785222239999999,602484.02399130,737,4.34205000,276184.32037380,0
1785222240000000,63604.56000000,63604.56000000,63604.55000000,63604.56000000,3.21828000,1785222299999999,204697.25492350,193,0.37495000,23848.52977200,0
1785222300000000,63604.56000000,63604.56000000,63580.00000000,63580.00000000,4.47272000,1785222359999999,284468.19986810,602,0.62728000,39897.69750110,0
1785222360000000,63580.01000000,63598.57000000,63565.00000000,63565.01000000,8.40119000,1785222419999999,534174.86596630,1434,6.58158000,418470.61328340,0
1785222420000000,63565.00000000,63578.17000000,63565.00000000,63574.04000000,6.59961000,1785222479999999,419544.59240150,1004,5.04870000,320942.11490790,0
1785222480000000,63574.04000000,63577.96000000,63558.33000000,63577.95000000,2.28302000,1785222539999999,145122.39997040,1395,1.25734000,79923.73962620,0
1785222540000000,63577.96000000,63577.96000000,63577.95000000,63577.95000000,16.04262000,1785222599999999,1019956.89524850,1091,0.30195000,19197.36502200,0
1785222600000000,63577.95000000,63577.96000000,63559.53000000,63562.00000000,19.76602000,1785222659999999,1256496.34188450,4083,2.31939000,147423.48340090,0
1785222660000000,63562.00000000,63562.00000000,63550.00000000,63561.45000000,10.27762000,1785222719999999,653179.04264650,1363,7.63324000,485108.80979280,0
1785222720000000,63561.45000000,63561.46000000,63561.45000000,63561.45000000,1.16516000,1785222779999999,74059.26462720,205,0.55452000,35246.10079920,0
1785222780000000,63561.46000000,63561.46000000,63548.11000000,63548.11000000,9.31217000,1785222839999999,591802.18156990,1775,0.48660000,30925.56036910,0
1785222840000000,63548.11000000,63668.71000000,63539.55000000,63583.90000000,251.78720000,1785222899999999,16011209.52090710,7231,217.38734000,13824711.58695790,0
1785222900000000,63583.90000000,63583.91000000,63555.08000000,63555.08000000,22.31833000,1785222959999999,1418729.15370590,2210,2.21919000,141075.28901630,0
1785222960000000,63555.08000000,63559.82000000,63552.09000000,63559.81000000,33.88127000,1785223019999999,2153410.44218030,2486,10.00489000,635867.64835020,0
1785223020000000,63559.81000000,63561.18000000,63559.81000000,63561.17000000,29.40021000,1785223079999999,1868695.02431910,2046,3.75200000,238478.13759340,0
1785223080000000,63561.17000000,63566.00000000,63561.17000000,63566.00000000,11.75881000,1785223139999999,747412.54073720,919,4.41221000,280453.89227600,0
1785223140000000,63566.00000000,63578.00000000,63565.99000000,63566.50000000,11.73011000,1785223199999999,745732.66538180,1549,5.75844000,366081.93661670,0
1785223200000000,63566.49000000,63566.50000000,63515.64000000,63515.64000000,26.56074000,1785223259999999,1687289.88993160,4881,6.11778000,388594.68162280,0
1785223260000000,63515.64000000,63530.00000000,63513.81000000,63529.99000000,19.91433000,1785223319999999,1264992.10553030,1743,8.43879000,536039.18638450,0
1785223320000000,63529.99000000,63548.00000000,63526.81000000,63541.47000000,32.40663000,1785223379999999,2058918.22458120,5405,6.51050000,413624.91207090,0
1785223380000000,63541.47000000,63541.47000000,63532.74000000,63532.75000000,18.34312000,1785223439999999,1165528.05600710,2988,0.70859000,45021.40027190,0
1785223440000000,63532.75000000,63560.85000000,63525.34000000,63559.99000000,29.68593000,1785223499999999,1886377.47852860,1789,19.33138000,1228265.34214740,0
1785223500000000,63559.99000000,63560.00000000,63559.99000000,63559.99000000,0.76362000,1785223559999999,48535.68535750,239,0.57937000,36824.75720000,0
1785223560000000,63559.99000000,63590.00000000,63559.99000000,63588.72000000,10.88563000,1785223619999999,692139.65641790,1127,4.03149000,256296.43277450,0
1785223620000000,63588.72000000,63588.73000000,63560.00000000,63560.00000000,5.98445000,1785223679999999,380508.42454050,1608,0.71762000,45624.15508160,0
1785223680000000,63560.01000000,63560.01000000,63558.73000000,63558.73000000,1.81835000,1785223739999999,115574.30736270,431,0.46650000,29650.74466500,0
1785223740000000,63558.74000000,63577.04000000,63558.73000000,63575.76000000,12.27447000,1785223799999999,780227.30381220,1633,11.34424000,721098.67679440,0
1785223800000000,63575.76000000,63575.76000000,63555.00000000,63559.78000000,14.08487000,1785223859999999,895254.51703600,2138,9.92778000,631012.75093330,0
1785223860000000,63559.78000000,63567.92000000,63559.77000000,63563.58000000,12.01709000,1785223919999999,763847.76207250,1989,10.76976000,684562.27365360,0
1785223920000000,63563.58000000,63580.16000000,63563.57000000,63580.16000000,18.59876000,1785223979999999,1182346.83203250,1298,17.69652000,1124985.43742090,0
1785223980000000,63580.16000000,63580.16000000,63562.39000000,63579.14000000,13.02789000,1785224039999999,828239.55623480,2849,9.07176000,576724.28338630,0
1785224040000000,63579.15000000,63582.00000000,63571.99000000,63572.00000000,25.09270000,1785224099999999,1595360.36985750,1625,6.33500000,402776.66278410,0
1785224100000000,63572.00000000,63572.04000000,63550.00000000,63550.00000000,9.17855000,1785224159999999,583400.08713150,1656,7.10959000,451894.31202980,0
1785224160000000,63550.01000000,63550.01000000,63527.53000000,63533.84000000,15.05722000,1785224219999999,956672.33724890,2435,11.78310000,748630.44724220,0
1785224220000000,63533.84000000,63533.85000000,63500.00000000,63500.03000000,9.39430000,1785224279999999,596658.57474520,2249,5.83068000,370312.06213020,0
1785224280000000,63500.03000000,63512.03000000,63500.02000000,63510.01000000,15.72172000,1785224339999999,998481.88401820,1887,9.33080000,592586.97190630,0
1785224340000000,63510.01000000,63543.99000000,63510.00000000,63543.99000000,11.69002000,1785224399999999,742645.33191770,4585,10.91556000,693438.78709470,0
1785224400000000,63543.99000000,63543.99000000,63520.83000000,63525.70000000,9.09994000,1785224459999999,578183.07228630,2348,5.38208000,341954.99619560,0
1785224460000000,63525.71000000,63527.99000000,63506.40000000,63508.45000000,10.48981000,1785224519999999,666294.64908660,1792,5.76495000,366185.15438110,0
1785224520000000,63508.45000000,63512.99000000,63508.44000000,63512.01000000,8.63656000,1785224579999999,548525.12683860,1657,6.30845000,400660.24180020,0
1785224580000000,63512.01000000,63512.01000000,63500.00000000,63500.00000000,11.17776000,1785224639999999,709856.73840340,867,5.32025000,337867.75536650,0
1785224640000000,63500.01000000,63500.01000000,63488.00000000,63488.00000000,21.38009000,1785224699999999,1357527.96950870,982,5.25584000,333702.01560480,0
1785224700000000,63488.01000000,63489.73000000,63488.00000000,63489.72000000,7.01584000,1785224759999999,445431.65726100,796,5.85262000,371579.21957300,0
1785224760000000,63489.73000000,63489.73000000,63474.00000000,63487.99000000,10.47718000,1785224819999999,665133.49995680,1707,5.47481000,347546.84482980,0
1785224820000000,63487.99000000,63488.00000000,63455.58000000,63468.00000000,12.26354000,1785224879999999,778341.94434630,1963,6.91878000,439105.70753900,0
1785224880000000,63468.00000000,63471.99000000,63467.99000000,63471.98000000,7.11214000,1785224939999999,451402.31966580,535,6.07344000,385477.51475750,0
1785224940000000,63471.99000000,63480.00000000,63471.98000000,63479.99000000,7.32802000,1785224999999999,465139.65405170,1014,6.43399000,408391.58296310,0
1785225000000000,63480.00000000,63483.21000000,63479.99000000,63483.21000000,7.54633000,1785225059999999,479056.21651190,1243,6.44722000,409281.39836700,0
1785225060000000,63483.21000000,63492.00000000,63480.00000000,63492.00000000,13.16867000,1785225119999999,835984.46552860,1586,7.86222000,499117.56132130,0
1785225120000000,63492.00000000,63512.00000000,63492.00000000,63511.99000000,11.65447000,1785225179999999,740082.13268840,1534,10.79386000,685432.49461050,0
1785225180000000,63512.00000000,63512.00000000,63494.00000000,63494.00000000,13.34732000,1785225239999999,847610.34648180,1192,7.61758000,483737.97115820,0
1785225240000000,63494.01000000,63503.62000000,63494.00000000,63503.61000000,6.91599000,1785225299999999,439155.19857430,1150,5.95458000,378106.82505990,0
1785225300000000,63503.61000000,63528.35000000,63503.61000000,63528.35000000,14.78624000,1785225359999999,939084.06151650,1310,13.73178000,872113.53339280,0
1785225360000000,63528.35000000,63528.35000000,63518.84000000,63528.00000000,11.76080000,1785225419999999,747113.76230430,1638,5.76485000,366206.34669050,0
1785225420000000,63528.00000000,63528.00000000,63516.00000000,63525.97000000,11.22063000,1785225479999999,712762.93293280,1098,7.48395000,475387.76889670,0
1785225480000000,63525.98000000,63525.98000000,63505.27000000,63505.28000000,7.76689000,1785225539999999,493283.22698170,1097,5.11420000,324798.75317400,0
1785225540000000,63505.28000000,63506.00000000,63505.27000000,63505.99000000,7.72867000,1785225599999999,490812.60554160,653,6.88122000,436994.93652450,0
1785225600000000,63506.00000000,63506.00000000,63468.35000000,63470.89000000,8.85688000,1785225659999999,562324.10906330,1476,2.79167000,177214.43180570,0
1785225660000000,63470.89000000,63506.36000000,63470.89000000,63498.01000000,7.05986000,1785225719999999,448275.39334080,1659,4.25198000,269970.53766090,0
1785225720000000,63498.01000000,63530.87000000,63498.01000000,63530.87000000,4.97808000,1785225779999999,316178.36447870,1207,4.90580000,311587.17281590,0
1785225780000000,63530.86000000,63530.87000000,63527.98000000,63530.72000000,1.94517000,1785225839999999,123577.33215940,429,0.44029000,27971.35471760,0
1785225840000000,63530.72000000,63530.73000000,63525.62000000,63525.62000000,4.93148000,1785225899999999,313288.81330200,333,2.32113000,147452.14805790,0
1785225900000000,63525.62000000,63535.17000000,63524.00000000,63526.56000000,3.07182000,1785225959999999,195151.63687840,652,0.74439000,47288.22813260,0
1785225960000000,63526.56000000,63546.36000000,63526.55000000,63546.35000000,3.56092000,1785226019999999,226237.38654190,1175,2.44660000,155446.78640430,0
1785226020000000,63546.35000000,63546.35000000,63500.00000000,63512.51000000,5.16191000,1785226079999999,327897.65940670,1554,2.02190000,128413.61544200,0
1785226080000000,63512.50000000,63527.68000000,63500.00000000,63500.01000000,22.43662000,1785226139999999,1425083.38102210,1583,18.90649000,1200890.08954130,0
1785226140000000,63500.01000000,63500.01000000,63491.67000000,63491.68000000,5.61372000,1785226199999999,356458.75384800,440,0.69037000,43836.45616870,0
1785226200000000,63491.67000000,63491.68000000,63467.76000000,63467.76000000,7.42307000,1785226259999999,471254.71499920,1059,0.39590000,25130.23753190,0
1785226260000000,63467.76000000,63467.76000000,63460.07000000,63460.08000000,1.93975000,1785226319999999,123097.69452460,364,0.57589000,36546.03022960,0
1785226320000000,63460.07000000,63460.08000000,63460.07000000,63460.08000000,1.74469000,1785226379999999,110718.15489220,193,0.53639000,34039.35231120,0
1785226380000000,63460.07000000,63460.08000000,63453.64000000,63453.65000000,5.97123000,1785226439999999,378929.00310620,499,0.94699000,60094.66386960,0
1785226440000000,63453.64000000,63453.65000000,63440.62000000,63440.62000000,3.44889000,1785226499999999,218817.00181890,655,0.48493000,30764.98163210,0
1785226500000000,63440.62000000,63479.03000000,63433.02000000,63479.03000000,7.16147000,1785226559999999,454358.27963490,2337,4.54714000,288492.17426470,0
1785226560000000,63479.04000000,63490.00000000,63453.26000000,63461.19000000,5.33137000,1785226619999999,338369.91928220,1872,1.49814000,95074.64930100,0
1785226620000000,63461.19000000,63464.01000000,63449.53000000,63457.83000000,7.50055000,1785226679999999,475954.12048020,1805,4.67381000,296578.62367530,0
1785226680000000,63457.84000000,63474.00000000,63453.60000000,63460.00000000,7.00037000,1785226739999999,444256.93888090,2093,2.79904000,177634.69286820,0
1785226740000000,63460.00000000,63494.26000000,63460.00000000,63488.34000000,8.10664000,1785226799999999,514624.13832830,1612,4.68590000,297432.51143540,0
1785226800000000,63488.34000000,63488.34000000,63474.01000000,63487.05000000,1.48802000,1785226859999999,94461.17808960,1176,0.97562000,61932.60954460,0
1785226860000000,63487.05000000,63487.05000000,63477.17000000,63477.17000000,3.56899000,1785226919999999,226573.53690650,782,0.41626000,26425.54828700,0
1785226920000000,63477.17000000,63477.18000000,63455.31000000,63455.31000000,2.76902000,1785226979999999,175728.33518520,997,0.49151000,31190.94620620,0
1785226980000000,63455.32000000,63470.02000000,63446.41000000,63460.01000000,5.77741000,1785227039999999,366630.28292780,1554,3.66977000,232879.53190660,0
1785227040000000,63460.01000000,63491.98000000,63460.01000000,63491.98000000,2.87706000,1785227099999999,182606.73607580,1390,2.44385000,155107.70541690,0
1785227100000000,63491.97000000,63491.98000000,63475.38000000,63475.38000000,3.16335000,1785227159999999,200815.72844630,885,0.28896000,18343.13410790,0
1785227160000000,63474.61000000,63474.62000000,63468.01000000,63468.02000000,1.31223000,1785227219999999,83286.81038890,491,0.25470000,16165.55970510,0
1785227220000000,63468.02000000,63492.61000000,63468.01000000,63492.61000000,1.69700000,1785227279999999,107726.94401230,1152,1.17928000,74859.14235700,0
1785227280000000,63492.60000000,63492.61000000,63474.84000000,63478.00000000,4.67900000,1785227339999999,297036.21892870,1426,1.72667000,109602.49330710,0
1785227340000000,63478.00000000,63480.00000000,63478.00000000,63479.99000000,1.25211000,1785227399999999,79483.81297690,284,0.43909000,27873.31507260,0
1785227400000000,63480.00000000,63480.00000000,63460.00000000,63462.31000000,3.23910000,1785227459999999,205581.90839570,1374,1.95415000,124022.22502490,0
1785227460000000,63462.31000000,63462.31000000,63440.00000000,63442.55000000,6.21948000,1785227519999999,394628.11154820,1141,1.27495000,80888.48426560,0
1785227520000000,63442.55000000,63450.98000000,63442.55000000,63450.98000000,1.78491000,1785227579999999,113251.34299040,510,1.19230000,75649.69785920,0
1785227580000000,63450.97000000,63450.97000000,63420.00000000,63422.55000000,6.33386000,1785227639999999,401775.76359360,1937,1.13760000,72151.18263210,0
1785227640000000,63422.55000000,63440.00000000,63422.54000000,63439.99000000,1.06094000,1785227699999999,67295.37303120,859,0.70329000,44609.78598230,0
1785227700000000,63440.00000000,63440.00000000,63435.62000000,63435.63000000,2.28123000,1785227759999999,144715.36858540,381,0.35312000,22401.14862800,0
1785227760000000,63435.63000000,63435.63000000,63435.62000000,63435.62000000,1.36575000,1785227819999999,86637.20912550,167,1.11105000,70480.15671150,0
1785227820000000,63435.62000000,63443.04000000,63435.62000000,63443.04000000,2.47719000,1785227879999999,157145.59317650,579,1.58387000,100476.24055550,0
1785227880000000,63443.03000000,63467.06000000,63443.03000000,63467.06000000,3.30342000,1785227939999999,209607.21897850,1014,2.92991000,185904.36316790,0
1785227940000000,63467.05000000,63467.05000000,63458.99000000,63465.33000000,2.66294000,1785227999999999,168997.04716310,840,0.94796000,60158.74723540,0
1785228000000000,63465.71000000,63487.09000000,63465.70000000,63487.08000000,2.88969000,1785228059999999,183435.29037150,883,1.81746000,115364.97110440,0
1785228060000000,63487.08000000,63514.61000000,63482.31000000,63514.61000000,21.76823000,1785228119999999,1382108.74930280,1309,6.37304000,404685.90994340,0
1785228120000000,63514.60000000,63514.60000000,63476.25000000,63476.91000000,5.42447000,1785228179999999,344456.27304270,1481,0.70449000,44719.88399110,0
1785228180000000,63476.90000000,63506.97000000,63476.90000000,63506.97000000,2.65980000,1785228239999999,168861.71195460,1293,1.84542000,117162.59652570,0
1785228240000000,63506.96000000,63518.00000000,63491.20000000,63496.61000000,15.60546000,1785228299999999,990972.55907720,1218,0.95483000,60639.71152080,0
1785228300000000,63496.61000000,63510.00000000,63491.68000000,63498.02000000,4.98719000,1785228359999999,316702.87419890,1638,2.37994000,151128.70793660,0
1785228360000000,63498.02000000,63512.00000000,63498.02000000,63511.99000000,2.19075000,1785228419999999,139128.30940850,504,1.35881000,86295.03974990,0
1785228420000000,63512.00000000,63512.00000000,63496.28000000,63496.29000000,5.14751000,1785228479999999,326878.57245490,1624,1.57599000,100081.60682730,0
1785228480000000,63496.28000000,63496.29000000,63496.28000000,63496.28000000,0.64400000,1785228539999999,40891.60937450,193,0.50545000,32094.19978050,0
1785228540000000,63496.29000000,63496.29000000,63489.86000000,63489.86000000,1.06219000,1785228599999999,67442.36139200,451,0.27378000,17382.94583960,0
1785228600000000,63489.87000000,63489.87000000,63485.04000000,63485.05000000,1.60429000,1785228659999999,101853.83980520,436,0.50102000,31808.37250330,0
1785228660000000,63485.04000000,63485.05000000,63453.26000000,63453.27000000,3.00488000,1785228719999999,190723.69421120,1479,0.71861000,45616.35621470,0
1785228720000000,63453.27000000,63453.27000000,63436.00000000,63436.00000000,1.87547000,1785228779999999,118994.53663410,995,0.53327000,33835.26692850,0
1785228780000000,63436.00000000,63438.87000000,63416.60000000,63416.60000000,5.71613000,1785228839999999,362530.74964530,1649,2.97066000,188399.34726750,0
1785228840000000,63416.61000000,63425.07000000,63416.60000000,63425.07000000,6.58804000,1785228899999999,417817.97062940,524,5.79234000,367356.99516780,0
1785228900000000,63425.07000000,63425.07000000,63406.11000000,63421.42000000,5.65689000,1785228959999999,358749.56407440,2092,1.56225000,99064.93352680,0
1785228960000000,63421.42000000,63421.43000000,63421.42000000,63421.43000000,2.57950000,1785229019999999,163595.56905450,320,1.61645000,102517.57052350,0
1785229020000000,63421.43000000,63423.65000000,63414.99000000,63423.65000000,8.00075000,1785229079999999,507410.02315380,1074,6.66187000,422497.82240520,0
1785229080000000,63423.64000000,63428.00000000,63423.64000000,63428.00000000,0.96611000,1785229139999999,61277.40993380,416,0.49087000,31134.28386720,0
1785229140000000,63427.99000000,63428.08000000,63427.99000000,63428.08000000,0.55881000,1785229199999999,35444.22410400,217,0.25704000,16303.54043450,0
1785229200000000,63428.07000000,63432.00000000,63416.08000000,63432.00000000,6.01819000,1785229259999999,381690.73514700,1649,3.15459000,200067.57464740,0
1785229260000000,63431.99000000,63462.99000000,63431.99000000,63462.99000000,3.36294000,1785229319999999,213373.28897970,969,2.94756000,187018.33789380,0
1785229320000000,63462.98000000,63463.99000000,63436.49000000,63436.49000000,13.94011000,1785229379999999,884642.34879940,1273,0.60691000,38506.05250660,0
1785229380000000,63436.49000000,63437.72000000,63416.01000000,63416.01000000,1.83903000,1785229439999999,116640.56301270,921,0.29578000,18760.15426490,0
1785229440000000,63416.02000000,63416.02000000,63416.00000000,63416.02000000,1.51660000,1785229499999999,96176.72799750,417,1.13575000,72024.74224140,0
1785229500000000,63416.02000000,63416.02000000,63396.00000000,63396.00000000,10.68593000,1785229559999999,677561.92234910,1063,0.93209000,59097.29347770,0
1785229560000000,63396.01000000,63427.87000000,63396.00000000,63427.86000000,2.55303000,1785229619999999,161887.44754340,1365,2.34602000,148762.13866810,0
1785229620000000,63427.87000000,63440.00000000,63427.86000000,63439.99000000,3.95297000,1785229679999999,250759.26470670,745,1.60487000,101803.53666520,0
1785229680000000,63439.99000000,63454.84000000,63439.99000000,63454.84000000,3.19763000,1785229739999999,202880.59167620,863,2.64920000,168080.81086140,0
1785229740000000,63454.84000000,63454.84000000,63454.83000000,63454.83000000,0.91885000,1785229799999999,58305.47734760,129,0.68021000,43162.61671640,0
1785229800000000,63454.84000000,63465.99000000,63454.83000000,63461.49000000,2.95696000,1785229859999999,187649.64447640,940,2.62170000,166372.74434590,0
1785229860000000,63461.49000000,63461.50000000,63455.68000000,63455.68000000,1.04967000,1785229919999999,66609.77845200,579,0.27685000,17567.73494820,0
1785229920000000,63455.68000000,63460.83000000,63455.68000000,63460.00000000,5.51217000,1785229979999999,349799.66717200,846,1.80432000,114498.41731550,0
1785229980000000,63460.01000000,63460.01000000,63456.26000000,63456.27000000,0.89553000,1785230039999999,56828.91680740,230,0.41485000,26325.90201530,0
1785230040000000,63456.26000000,63456.27000000,63431.98000000,63431.98000000,2.54689000,1785230099999999,161579.76944640,1103,0.94190000,59751.26865590,0
1785230100000000,63431.99000000,63439.58000000,63431.98000000,63439.57000000,2.03402000,1785230159999999,129025.55894220,720,1.80390000,114427.88219140,0
1785230160000000,63439.58000000,63439.58000000,63439.55000000,63439.56000000,1.60665000,1785230219999999,101925.17168350,231,1.23531000,78367.52733120,0
1785230220000000,63439.56000000,63441.47000000,63438.00000000,63438.00000000,2.19890000,1785230279999999,139498.85760180,660,0.88268000,55997.11218840,0
1785230280000000,63438.00000000,63438.46000000,63415.65000000,63438.45000000,3.19324000,1785230339999999,202524.78571300,1737,1.72444000,109366.71024790,0
1785230340000000,63438.45000000,63452.00000000,63438.45000000,63452.00000000,2.10452000,1785230399999999,133518.25390860,811,1.87438000,118917.68587640,0
1785230400000000,63452.00000000,63474.00000000,63452.00000000,63471.42000000,2.33501000,1785230459999999,148195.30984020,988,1.78042000,112994.97655910,0
1785230460000000,63471.43000000,63488.00000000,63471.42000000,63477.99000000,7.64376000,1785230519999999,485226.34672250,1398,4.42133000,280647.69334000,0
1785230520000000,63477.98000000,63481.87000000,63477.98000000,63481.86000000,1.13391000,1785230579999999,71981.14151240,569,0.99289000,63029.35541620,0
1785230580000000,63481.86000000,63489.19000000,63465.80000000,63466.01000000,25.11808000,1785230639999999,1594471.01288200,1238,3.46524000,219951.40570290,0
1785230640000000,63466.01000000,63482.00000000,63466.00000000,63481.39000000,4.29171000,1785230699999999,272399.55410090,477,3.98144000,252705.19764870,0
1785230700000000,63481.39000000,63481.39000000,63471.76000000,63471.76000000,3.03194000,1785230759999999,192462.01799190,711,0.92714000,58852.08496370,0
1785230760000000,63471.76000000,63471.77000000,63467.25000000,63467.26000000,3.39123000,1785230819999999,215243.62800710,508,0.36331000,23059.90435960,0
1785230820000000,63467.25000000,63467.60000000,63459.61000000,63459.61000000,4.01582000,1785230879999999,254866.37926710,1292,0.85846000,54483.39965110,0
1785230880000000,63459.62000000,63471.67000000,63459.61000000,63471.66000000,3.03345000,1785230939999999,192529.41645340,834,2.50154000,158770.80420140,0
1785230940000000,63471.67000000,63499.76000000,63471.66000000,63496.30000000,14.73008000,1785230999999999,935234.01092580,1007,14.51111000,921331.73951550,0
1785231000000000,63496.29000000,63511.42000000,63496.29000000,63511.42000000,7.48684000,1785231059999999,475423.47078000,915,6.93655000,440477.71208470,0
1785231060000000,63511.41000000,63540.81000000,63511.41000000,63540.81000000,3.19066000,1785231119999999,202682.91992650,993,3.03352000,192701.57242160,0
1785231120000000,63540.81000000,63540.81000000,63530.51000000,63530.52000000,4.01172000,1785231179999999,254878.61989680,800,0.82181000,52214.59871310,0
1785231180000000,63530.52000000,63530.52000000,63528.48000000,63528.49000000,2.99599000,1785231239999999,190333.80875190,424,1.82005000,115626.29137170,0
1785231240000000,63528.49000000,63528.49000000,63528.48000000,63528.48000000,0.69429000,1785231299999999,44107.19252140,158,0.41422000,26314.77112780,0
1785231300000000,63528.49000000,63528.49000000,63528.46000000,63528.46000000,2.11351000,1785231359999999,134268.07493720,331,1.12801000,71660.76089870,0
1785231360000000,63528.46000000,63528.47000000,63528.46000000,63528.47000000,1.35896000,1785231419999999,86332.64062110,238,0.46195000,29346.97671650,0
1785231420000000,63528.47000000,63528.47000000,63481.03000000,63501.00000000,22.59402000,1785231479999999,1434843.80547510,2807,7.23105000,459085.83919860,0
1785231480000000,63501.00000000,63527.72000000,63501.00000000,63527.72000000,4.32594000,1785231539999999,274732.29187300,903,4.01459000,254956.74083320,0
1785231540000000,63527.73000000,63565.39000000,63527.73000000,63565.38000000,7.23222000,1785231599999999,459569.98129210,1398,7.08505000,450219.32080220,0
1785231600000000,63565.38000000,63581.33000000,63558.33000000,63558.34000000,11.11490000,1785231659999999,706607.82544970,1661,2.89110000,183786.49919020,0
1785231660000000,63558.33000000,63558.33000000,63529.77000000,63529.77000000,4.30560000,1785231719999999,273571.22892110,1302,0.24058000,15285.33332710,0
1785231720000000,63529.77000000,63529.78000000,63529.77000000,63529.78000000,2.50725000,1785231779999999,159285.02280280,224,0.69703000,44282.16255340,0
1785231780000000,63529.78000000,63529.78000000,63529.15000000,63529.15000000,1.75431000,1785231839999999,111450.41811930,290,0.51581000,32769.17463520,0
1785231840000000,63529.16000000,63529.16000000,63510.00000000,63518.91000000,13.11745000,1785231899999999,833147.21278240,1269,9.42375000,598513.00879370,0
1785231900000000,63518.91000000,63518.91000000,63518.90000000,63518.90000000,1.52481000,1785231959999999,96854.26188770,261,0.79787000,50679.83272170,0
1785231960000000,63518.90000000,63518.91000000,63518.90000000,63518.91000000,2.06729000,1785232019999999,131311.99360430,220,0.68233000,43340.85786030,0
1785232020000000,63518.91000000,63518.91000000,63518.90000000,63518.90000000,1.72845000,1785232079999999,109789.25076940,204,0.80644000,51224.18978040,0
1785232080000000,63518.90000000,63518.91000000,63518.90000000,63518.90000000,1.49128000,1785232139999999,94724.46851700,198,0.33250000,21120.03757500,0
1785232140000000,63518.90000000,63525.01000000,63518.90000000,63525.00000000,13.31233000,1785232199999999,845605.28887690,412,11.93585000,758169.89480690,0
1785232200000000,63525.01000000,63556.31000000,63525.00000000,63556.20000000,6.99836000,1785232259999999,444617.50251320,1151,6.52881000,414779.02771240,0
1785232260000000,63556.19000000,63556.19000000,63533.92000000,63533.92000000,4.88335000,1785232319999999,310284.77224550,767,1.35915000,86352.57544270,0
1785232320000000,63533.92000000,63533.93000000,63506.32000000,63506.32000000,2.04991000,1785232379999999,130208.41313990,1201,0.40816000,25925.62110680,0
1785232380000000,63506.33000000,63506.33000000,63458.32000000,63458.33000000,5.95960000,1785232439999999,378320.96420100,1396,1.30196000,82636.36071240,0
1785232440000000,63458.33000000,63458.33000000,63411.55000000,63411.56000000,6.59350000,1785232499999999,418277.25267250,1774,1.49861000,95073.75279460,0
1785232500000000,63411.55000000,63416.95000000,63404.89000000,63404.90000000,8.84284000,1785232559999999,560713.78803750,1643,5.16827000,327712.67613650,0
1785232560000000,63404.90000000,63404.90000000,63391.45000000,63391.45000000,7.93195000,1785232619999999,502843.02024140,738,1.44234000,91436.33965010,0
1785232620000000,63391.46000000,63391.46000000,63368.81000000,63376.00000000,11.21011000,1785232679999999,710488.18460890,1837,4.45984000,282631.34578450,0
1785232680000000,63376.00000000,63394.00000000,63368.81000000,63393.99000000,7.46546000,1785232739999999,473144.06978140,1299,5.47149000,346763.19758760,0
1785232740000000,63393.99000000,63394.00000000,63393.99000000,63393.99000000,3.76587000,1785232799999999,238733.52792300,199,0.28017000,17761.09698000,0
1785232800000000,63393.99000000,63394.00000000,63374.83000000,63392.88000000,10.18040000,1785232859999999,645302.72149640,1663,2.29395000,145386.20290320,0
1785232860000000,63392.88000000,63410.00000000,63391.27000000,63409.99000000,5.44698000,1785232919999999,345309.17162740,794,3.09004000,195888.12956890,0
1785232920000000,63409.99000000,63409.99000000,63389.61000000,63396.00000000,5.30803000,1785232979999999,336519.39122590,1185,1.72330000,109254.03597140,0
1785232980000000,63395.99000000,63402.00000000,63374.84000000,63389.99000000,4.91136000,1785233039999999,311292.52793850,1653,3.32308000,210612.22175750,0
1785233040000000,63390.00000000,63390.00000000,63362.35000000,63374.00000000,5.55860000,1785233099999999,352268.72298440,2023,2.67494000,169505.95111420,0
1785233100000000,63373.99000000,63374.00000000,63349.45000000,63349.46000000,2.41249000,1785233159999999,152849.64452870,1599,0.69679000,44145.69568710,0
1785233160000000,63349.46000000,63361.84000000,63346.11000000,63346.11000000,3.78678000,1785233219999999,239900.90129400,1336,2.31796000,146847.18172610,0
1785233220000000,63346.11000000,63346.12000000,63342.02000000,63342.03000000,2.74980000,1785233279999999,174184.57282690,452,0.56355000,35696.97375740,0
1785233280000000,63342.03000000,63342.03000000,63325.13000000,63335.98000000,15.58163000,1785233339999999,986789.48792180,1345,11.41431000,722855.49280270,0
1785233340000000,63335.99000000,63335.99000000,63335.97000000,63335.97000000,8.16326000,1785233399999999,517028.05177780,237,0.68042000,43095.07298860,0
1785233400000000,63335.98000000,63335.98000000,63333.41000000,63333.41000000,1.48139000,1785233459999999,93825.25883970,296,0.74576000,47233.44044480,0
1785233460000000,63333.42000000,63368.94000000,63324.14000000,63368.93000000,10.67170000,1785233519999999,675909.64058900,1514,9.21923000,583925.18593800,0
1785233520000000,63368.92000000,63368.93000000,63322.00000000,63331.95000000,7.32036000,1785233579999999,463689.05205380,1579,1.94784000,123352.25416360,0
1785233580000000,63331.95000000,63339.43000000,63322.00000000,63339.42000000,4.68113000,1785233639999999,296464.04997230,1014,3.69865000,234242.88312310,0
1785233640000000,63339.43000000,63344.01000000,63339.42000000,63344.00000000,0.71684000,1785233699999999,45405.70285010,334,0.47310000,29966.79070670,0
1785233700000000,63344.01000000,63355.81000000,63344.00000000,63349.28000000,6.81262000,1785233759999999,431600.68094510,864,1.20883000,76573.74639330,0
1785233760000000,63349.27000000,63379.11000000,63349.27000000,63379.10000000,2.61465000,1785233819999999,165658.14361750,1032,2.29780000,145579.87508030,0
1785233820000000,63379.10000000,63381.64000000,63375.29000000,63377.99000000,2.94095000,1785233879999999,186391.28477200,612,2.61839000,165947.89808720,0
1785233880000000,63378.00000000,63429.83000000,63377.99000000,63429.83000000,5.48958000,1785233939999999,348028.04999820,1659,5.24514000,332530.81505410,0
1785233940000000,63429.82000000,63429.83000000,63410.00000000,63410.01000000,2.88350000,1785233999999999,182859.33939000,1102,0.79002000,50097.91260510,0
1785234000000000,63410.01000000,63417.60000000,63410.00000000,63417.60000000,2.87297000,1785234059999999,182178.24243580,658,2.59940000,164830.37818000,0
1785234060000000,63417.60000000,63417.60000000,63396.00000000,63396.00000000,3.95523000,1785234119999999,250791.52613130,1102,2.16119000,137034.09132130,0
1785234120000000,63396.01000000,63396.01000000,63370.00000000,63370.01000000,3.08209000,1785234179999999,195345.13347280,1328,0.25565000,16201.61628990,0
1785234180000000,63370.01000000,63370.01000000,63350.00000000,63354.63000000,21.90914000,1785234239999999,1388089.65519450,1641,17.38732000,1101609.15941880,0
1785234240000000,63354.62000000,63371.99000000,63354.62000000,63371.99000000,6.70569000,1785234299999999,424914.58339230,709,4.08516000,258852.02677200,0
1785234300000000,63372.00000000,63379.65000000,63324.13000000,63325.89000000,23.24230000,1785234359999999,1472383.34415620,2663,2.43178000,154055.37939360,0
1785234360000000,63325.90000000,63325.90000000,63294.00000000,63304.00000000,9.25106000,1785234419999999,585579.07705700,1747,6.07455000,384486.08377140,0
1785234420000000,63304.00000000,63321.57000000,63303.99000000,63321.57000000,4.48399000,1785234479999999,283902.25951400,1099,3.70460000,234553.47547320,0
1785234480000000,63321.57000000,63356.46000000,63321.56000000,63356.45000000,8.98761000,1785234539999999,569284.19728560,1879,7.61088000,482076.17300020,0
1785234540000000,63356.46000000,63386.91000000,63356.45000000,63386.91000000,10.07371000,1785234599999999,638373.85663950,2061,8.45526000,535808.54220900,0
1785234600000000,63386.91000000,63400.00000000,63382.00000000,63391.35000000,6.26684000,1785234659999999,397264.01516290,1399,3.73615000,236827.05194030,0
1785234660000000,63391.36000000,63409.20000000,63391.35000000,63400.00000000,10.01215000,1785234719999999,634796.69067310,981,6.38317000,404689.98260740,0
1785234720000000,63400.00000000,63400.01000000,63372.00000000,63379.70000000,2.08669000,1785234779999999,132272.00969110,998,1.10072000,69775.47861900,0
1785234780000000,63379.71000000,63380.00000000,63370.00000000,63378.19000000,4.23005000,1785234839999999,268085.92638100,832,3.77721000,239385.92256450,0
1785234840000000,63378.19000000,63457.05000000,63378.19000000,63430.08000000,16.90640000,1785234899999999,1072451.93560040,2225,12.62721000,800948.89477230,0
1785234900000000,63430.08000000,63430.09000000,63400.01000000,63428.57000000,14.66691000,1785234959999999,930066.85126670,3447,10.36345000,657152.44010160,0
1785234960000000,63428.56000000,63471.99000000,63402.00000000,63468.80000000,10.08809000,1785235019999999,639832.68936100,2049,8.12750000,515489.40409990,0
1785235020000000,63468.37000000,63488.00000000,63468.37000000,63487.99000000,10.46104000,1785235079999999,664075.12634370,1007,7.35951000,467190.83749170,0
1785235080000000,63488.00000000,63488.00000000,63453.76000000,63487.71000000,25.23553000,1785235139999999,1601826.94014730,2671,9.25142000,587207.02937850,0
1785235140000000,63487.71000000,63494.00000000,63487.70000000,63487.72000000,3.73360000,1785235199999999,237052.35771850,855,2.77397000,176125.47244610,0
1785235200000000,63487.72000000,63488.00000000,63468.38000000,63478.01000000,10.63136000,1785235259999999,674887.23832010,1663,6.79059000,431057.93825700,0
1785235260000000,63478.01000000,63490.75000000,63478.00000000,63490.74000000,1.95309000,1785235319999999,123997.48408220,542,1.14939000,72971.14776460,0
1785235320000000,63490.74000000,63517.32000000,63490.74000000,63509.88000000,6.08985000,1785235379999999,386725.95913900,1088,5.23167000,332221.16425390,0
1785235380000000,63509.87000000,63509.87000000,63500.00000000,63504.01000000,1.90512000,1785235439999999,120982.76350460,773,1.17598000,74678.79743420,0
1785235440000000,63504.01000000,63526.00000000,63504.01000000,63526.00000000,8.78630000,1785235499999999,558082.41847380,565,5.20001000,330262.75910190,0
1785235500000000,63525.99000000,63534.97000000,63525.99000000,63532.90000000,8.51027000,1785235559999999,540666.46192980,958,7.25447000,460880.56424800,0
1785235560000000,63532.91000000,63539.99000000,63532.90000000,63539.98000000,24.84023000,1785235619999999,1578274.58595210,1262,22.63541000,1438180.71539160,0
1785235620000000,63539.99000000,63542.88000000,63536.07000000,63542.87000000,6.29355000,1785235679999999,399880.38229920,753,5.68281000,361074.23962460,0
1785235680000000,63542.88000000,63542.88000000,63537.12000000,63537.13000000,2.42609000,1785235739999999,154148.48717920,448,1.11525000,70860.54476720,0
1785235740000000,63537.13000000,63537.13000000,63526.95000000,63526.96000000,1.94148000,1785235799999999,123346.34559780,613,0.79731000,50655.87028630,0
1785235800000000,63526.95000000,63541.21000000,63526.00000000,63541.21000000,4.93424000,1785235859999999,313472.90883620,815,4.79905000,304884.07086120,0
1785235860000000,63541.21000000,63555.18000000,63541.20000000,63555.18000000,4.43352000,1785235919999999,281736.80855710,628,4.05197000,257490.43704520,0
1785235920000000,63555.18000000,63555.18000000,63523.68000000,63523.69000000,2.94414000,1785235979999999,187067.57265760,1076,1.00350000,63758.24348920,0
1785235980000000,63523.69000000,63523.69000000,63516.18000000,63519.14000000,4.46828000,1785236039999999,283819.55655260,794,3.02462000,192115.23936520,0
1785236040000000,63519.14000000,63519.15000000,63516.13000000,63516.14000000,3.14706000,1785236099999999,199893.17574730,332,2.49049000,158188.49921040,0
1785236100000000,63516.14000000,63516.14000000,63504.58000000,63504.59000000,2.88698000,1785236159999999,183339.47625400,527,1.55848000,98970.98295410,0
1785236160000000,63504.59000000,63504.59000000,63503.27000000,63503.28000000,1.68759000,1785236219999999,107169.35805040,261,0.67747000,43022.28030490,0
1785236220000000,63503.28000000,63503.28000000,63480.00000000,63484.00000000,4.46340000,1785236279999999,283360.04501790,912,3.39892000,215770.13768980,0
1785236280000000,63484.00000000,63484.22000000,63483.99000000,63484.22000000,1.64060000,1785236339999999,104152.17276810,196,1.30988000,83156.67529010,0
1785236340000000,63484.21000000,63484.22000000,63468.00000000,63473.47000000,4.08941000,1785236399999999,259576.85336440,735,0.73474000,46634.97611400,0
1785236400000000,63473.48000000,63507.25000000,63473.48000000,63482.00000000,8.45332000,1785236459999999,536664.15516360,2114,6.09167000,386702.33595520,0
1785236460000000,63482.00000000,63485.52000000,63482.00000000,63485.00000000,8.47476000,1785236519999999,538006.53405190,383,5.10912000,324338.01853950,0
1785236520000000,63485.01000000,63485.01000000,63440.00000000,63448.80000000,17.10415000,1785236579999999,1085602.49066770,1617,2.45649000,155848.68456780,0
1785236580000000,63448.81000000,63453.96000000,63448.80000000,63448.80000000,2.23733000,1785236639999999,141963.89821340,340,1.29583000,82222.32767160,0
1785236640000000,63448.80000000,63448.80000000,63428.29000000,63432.01000000,7.77219000,1785236699999999,493035.44905970,1407,3.74692000,237670.95313730,0
1785236700000000,63432.00000000,63432.01000000,63404.38000000,63427.99000000,4.20940000,1785236759999999,266968.02633070,1460,1.85031000,117345.89754970,0
1785236760000000,63428.00000000,63443.31000000,63416.63000000,63443.30000000,8.28510000,1785236819999999,525482.20413080,1499,3.59081000,227748.71025420,0
1785236820000000,63443.31000000,63443.31000000,63405.70000000,63405.71000000,5.84501000,1785236879999999,370746.33042860,1425,0.84709000,53713.50306400,0
1785236880000000,63405.71000000,63434.00000000,63405.68000000,63429.98000000,8.62990000,1785236939999999,547254.65248920,1665,5.16304000,327392.05133850,0
1785236940000000,63429.97000000,63429.98000000,63409.95000000,63409.96000000,2.96739000,1785236999999999,188173.34798630,937,0.23610000,14971.54117190,0
1785237000000000,63409.96000000,63409.96000000,63392.00000000,63392.00000000,4.94440000,1785237059999999,313507.78797090,1074,0.67937000,43078.46273040,0
1785237060000000,63392.00000000,63392.01000000,63375.61000000,63375.61000000,1.32676000,1785237119999999,84098.43001320,853,0.26971000,17095.43140050,0
1785237120000000,63375.62000000,63381.57000000,63375.61000000,63379.33000000,6.41901000,1785237179999999,406822.83973110,597,3.49040000,221207.98579910,0
1785237180000000,63379.33000000,63384.00000000,63370.00000000,63375.57000000,4.50692000,1785237239999999,285640.40190710,1306,1.74556000,110626.20386340,0
1785237240000000,63375.56000000,63375.56000000,63366.02000000,63366.03000000,1.73602000,1785237299999999,110010.13762500,694,0.89948000,56998.78159550,0
1785237300000000,63366.02000000,63426.48000000,63352.00000000,63421.05000000,27.87522000,1785237359999999,1767255.49600330,4500,15.31399000,970916.56865740,0
1785237360000000,63421.05000000,63421.05000000,63402.83000000,63409.30000000,2.42149000,1785237419999999,153549.13092620,1249,0.89228000,56580.05707250,0
1785237420000000,63409.30000000,63437.97000000,63402.17000000,63437.96000000,2.30449000,1785237479999999,146150.16669140,1899,1.57449000,99856.03895360,0
1785237480000000,63437.96000000,63544.01000000,63437.96000000,63543.46000000,12.56738000,1785237539999999,798070.77513550,3777,9.73933000,618413.17640710,0
1785237540000000,63543.46000000,63580.03000000,63543.46000000,63577.47000000,7.74555000,1785237599999999,492302.98237420,1714,4.66364000,296401.41337910,0
1785237600000000,63577.47000000,63593.00000000,63558.33000000,63558.95000000,10.12484000,1785237659999999,643734.18218790,2345,6.35035000,403756.92257050,0
1785237660000000,63558.96000000,63570.00000000,63547.29000000,63551.91000000,7.42480000,1785237719999999,471920.36942000,1780,3.91579000,248869.12859160,0
1785237720000000,63551.91000000,63551.92000000,63526.35000000,63526.36000000,5.85232000,1785237779999999,371802.98867210,1181,4.26461000,270920.51683460,0
1785237780000000,63526.36000000,63526.36000000,63469.64000000,63469.65000000,3.70327000,1785237839999999,235120.90771840,2448,0.63120000,40070.77581200,0
1785237840000000,63469.65000000,63469.65000000,63463.99000000,63463.99000000,2.07673000,1785237899999999,131808.49189440,424,0.65221000,41395.35508040,0
1785237900000000,63463.99000000,63463.99000000,63446.12000000,63462.43000000,3.88731000,1785237959999999,246666.36831320,1435,1.40711000,89292.37759100,0
1785237960000000,63462.43000000,63484.00000000,63462.42000000,63473.52000000,2.69465000,1785238019999999,171046.37061350,1147,0.94058000,59702.55908400,0
1785238020000000,63473.51000000,63473.51000000,63444.51000000,63444.51000000,3.02110000,1785238079999999,191714.80499940,998,0.65590000,41621.52212820,0
1785238080000000,63444.51000000,63444.52000000,63425.33000000,63428.00000000,2.74496000,1785238139999999,174126.28370090,910,0.92397000,58604.11939170,0
1785238140000000,63428.00000000,63474.33000000,63427.99000000,63453.29000000,10.46466000,1785238199999999,664044.31768310,2094,5.55208000,352275.34054020,0
1785238200000000,63453.28000000,63466.00000000,63442.00000000,63453.62000000,5.91040000,1785238259999999,375048.48696180,2081,1.76562000,112031.28936770,0
1785238260000000,63453.63000000,63500.00000000,63453.63000000,63500.00000000,4.54764000,1785238319999999,288696.93575570,2412,4.09666000,260071.42769050,0
1785238320000000,63500.00000000,63515.40000000,63500.00000000,63506.00000000,3.78026000,1785238379999999,240096.68986160,1230,0.54684000,34728.87862850,0
1785238380000000,63506.00000000,63514.00000000,63494.57000000,63510.72000000,3.62543000,1785238439999999,230239.01815320,1683,1.65764000,105272.17272780,0
1785238440000000,63510.72000000,63524.15000000,63494.00000000,63510.73000000,4.69206000,1785238499999999,297991.50133570,2314,2.17994000,138449.67668250,0
1785238500000000,63510.74000000,63510.74000000,63501.10000000,63509.00000000,0.96150000,1785238559999999,61059.48047030,736,0.43450000,27592.57615470,0
1785238560000000,63508.99000000,63584.83000000,63508.99000000,63550.02000000,11.55683000,1785238619999999,734474.73875010,3239,8.08377000,513719.60186980,0
1785238620000000,63550.01000000,63550.01000000,63510.06000000,63514.00000000,4.03017000,1785238679999999,256005.45349790,1859,1.44883000,92018.60270030,0
1785238680000000,63513.99000000,63518.00000000,63513.99000000,63514.45000000,1.37442000,1785238739999999,87296.75134280,572,0.88221000,56033.44427490,0
1785238740000000,63514.44000000,63514.45000000,63483.93000000,63483.93000000,2.64629000,1785238799999999,168046.14688610,1222,0.54462000,34582.05839900,0
1785238800000000,63483.93000000,63483.93000000,63466.00000000,63466.00000000,2.29253000,1785238859999999,145514.05078640,627,0.86968000,55205.37597500,0
1785238860000000,63466.00000000,63466.01000000,63410.00000000,63416.00000000,9.13923000,1785238919999999,579775.93739930,1800,1.19769000,75950.03463510,0
1785238920000000,63416.00000000,63418.00000000,63368.00000000,63376.94000000,9.34847000,1785238979999999,592599.78032960,1861,1.45799000,92427.94027840,0
1785238980000000,63376.94000000,63394.12000000,63376.94000000,63388.53000000,3.10080000,1785239039999999,196559.74790490,1271,1.06905000,67765.47339940,0
1785239040000000,63388.54000000,63411.99000000,63388.53000000,63398.07000000,9.02794000,1785239099999999,572407.22347890,1215,3.70325000,234792.27113940,0
1785239100000000,63398.07000000,63408.88000000,63398.07000000,63408.88000000,2.18441000,1785239159999999,138494.20081450,733,1.19088000,75504.96409540,0
1785239160000000,63408.88000000,63456.00000000,63408.88000000,63456.00000000,3.32257000,1785239219999999,210746.64718440,1441,3.11530000,197599.56296500,0
1785239220000000,63456.00000000,63472.00000000,63453.26000000,63471.99000000,8.12046000,1785239279999999,515365.85791850,1780,4.43359000,281363.10025920,0
1785239280000000,63471.99000000,63513.88000000,63467.96000000,63488.01000000,5.13572000,1785239339999999,326074.15730900,2138,3.09670000,196608.82941620,0
1785239340000000,63488.02000000,63501.53000000,63488.01000000,63500.00000000,9.40548000,1785239399999999,597214.12977620,1340,8.84255000,561469.19932780,0
1785239400000000,63499.99000000,63500.00000000,63476.01000000,63480.00000000,7.08500000,1785239459999999,449796.83782140,2238,1.12197000,71228.21439090,0
1785239460000000,63480.00000000,63502.00000000,63480.00000000,63502.00000000,1.60238000,1785239519999999,101737.34970380,918,0.82162000,52162.88671650,0
1785239520000000,63502.37000000,63504.00000000,63486.69000000,63486.70000000,2.54400000,1785239579999999,161530.07198680,1125,0.67322000,42749.47204230,0
1785239580000000,63486.70000000,63486.70000000,63470.00000000,63472.00000000,5.30913000,1785239639999999,336984.25396230,906,0.54082000,34327.00796860,0
1785239640000000,63472.01000000,63472.01000000,63457.34000000,63457.35000000,2.38697000,1785239699999999,151487.97064790,849,0.32466000,20604.74323020,0
1785239700000000,63457.35000000,63472.15000000,63457.35000000,63468.41000000,2.29152000,1785239759999999,145426.65498790,1037,2.05546000,130443.76397520,0
1785239760000000,63468.41000000,63468.42000000,63455.46000000,63455.46000000,1.99484000,1785239819999999,126605.52808230,961,0.83442000,52958.10850270,0
1785239820000000,63455.46000000,63477.45000000,63455.45000000,63468.01000000,18.18223000,1785239879999999,1154036.80346430,935,15.37250000,975723.07417660,0
1785239880000000,63468.01000000,63503.72000000,63468.00000000,63503.72000000,2.53504000,1785239939999999,160937.34793470,1168,2.00287000,127152.82750900,0
1785239940000000,63503.72000000,63508.91000000,63449.99000000,63450.00000000,59.49914000,1785239999999999,3776033.45536150,1687,7.30734000,463680.36302260,0
1785240000000000,63449.99000000,63457.62000000,63448.00000000,63455.99000000,46.02125000,1785240059999999,2920059.08883080,1287,45.11757000,2862716.38185470,0
1785240060000000,63456.00000000,63456.00000000,63430.33000000,63433.23000000,18.47911000,1785240119999999,1172447.81953140,1149,3.23230000,205037.19280210,0
1785240120000000,63433.23000000,63450.58000000,63433.22000000,63450.58000000,3.19768000,1785240179999999,202850.54657680,1250,3.04704000,193294.92151260,0
1785240180000000,63450.58000000,63451.99000000,63442.00000000,63451.99000000,1.87826000,1785240239999999,119172.45089940,1027,1.06539000,67597.27835580,0
1785240240000000,63452.00000000,63536.00000000,63451.99000000,63535.96000000,7.34956000,1785240299999999,466730.42908940,2934,5.98685000,380161.70546920,0
1785240300000000,63535.95000000,63535.95000000,63504.42000000,63504.43000000,3.37141000,1785240359999999,214146.94772510,1296,0.37743000,23971.53181520,0
1785240360000000,63504.42000000,63522.99000000,63504.01000000,63504.01000000,7.16141000,1785240419999999,454863.77104720,1959,2.87807000,182802.90780390,0
1785240420000000,63504.00000000,63507.85000000,63494.01000000,63499.76000000,2.13484000,1785240479999999,135570.79360390,954,0.95723000,60787.70192960,0
1785240480000000,63499.76000000,63506.00000000,63493.93000000,63493.94000000,6.89023000,1785240539999999,437546.74591120,1014,1.25686000,79808.64715110,0
1785240540000000,63493.93000000,63493.93000000,63473.55000000,63473.55000000,6.36714000,1785240599999999,404227.47991410,1326,0.29633000,18812.59038050,0
1785240600000000,63473.55000000,63484.48000000,63470.00000000,63484.47000000,2.61411000,1785240659999999,165928.57198770,1222,1.37155000,87057.88245880,0
1785240660000000,63484.47000000,63484.48000000,63473.08000000,63473.09000000,3.02903000,1785240719999999,192283.23039890,1356,1.77991000,112987.94877160,0
1785240720000000,63473.09000000,63478.00000000,63465.71000000,63465.71000000,1.28377000,1785240779999999,81486.01606250,812,0.54324000,34482.53859510,0
1785240780000000,63465.71000000,63465.71000000,63453.26000000,63459.87000000,1.24182000,1785240839999999,78804.45329870,969,0.49133000,31178.86988470,0
1785240840000000,63459.86000000,63462.00000000,63440.00000000,63440.01000000,1.80396000,1785240899999999,114459.52255130,1254,0.33355000,21163.38497360,0
1785240900000000,63440.01000000,63453.99000000,63428.02000000,63434.86000000,4.46510000,1785240959999999,283257.36619780,1498,2.97305000,188594.69285340,0
1785240960000000,63434.86000000,63441.01000000,63430.40000000,63441.01000000,1.33568000,1785241019999999,84726.96572090,699,0.87501000,55504.88930910,0
1785241020000000,63441.01000000,63445.95000000,63441.00000000,63445.05000000,1.37928000,1785241079999999,87509.17730610,566,0.46295000,29371.91470770,0
1785241080000000,63445.04000000,63450.00000000,63436.00000000,63449.99000000,2.71313000,1785241139999999,172126.72422130,1247,1.22475000,77699.38692940,0
1785241140000000,63450.00000000,63450.00000000,63432.82000000,63434.99000000,20.94044000,1785241199999999,1328487.63462300,1429,2.98034000,189062.65102520,0
1785241200000000,63435.00000000,63443.07000000,63434.99000000,63441.99000000,2.67817000,1785241259999999,169903.71108540,847,1.45081000,92037.22186460,0
1785241260000000,63441.99000000,63460.36000000,63441.99000000,63460.36000000,9.42119000,1785241319999999,597816.78927500,1197,8.55221000,542673.93600850,0
1785241320000000,63460.35000000,63460.36000000,63438.07000000,63438.08000000,1.87896000,1785241379999999,119226.64264220,952,1.02958000,65331.41073220,0
1785241380000000,63438.07000000,63448.00000000,63438.07000000,63445.99000000,2.54787000,1785241439999999,161641.75952690,659,1.82439000,115740.87077650,0
1785241440000000,63445.99000000,63466.85000000,63435.20000000,63466.84000000,18.56312000,1785241499999999,1177727.91748110,1624,17.63222000,1118670.01791600,0
1785241500000000,63466.84000000,63466.85000000,63457.35000000,63463.48000000,2.70191000,1785241559999999,171471.37057970,1089,0.46437000,29469.58515610,0
1785241560000000,63463.49000000,63480.00000000,63463.49000000,63473.99000000,3.87859000,1785241619999999,246187.48130120,1397,2.50451000,158964.52447610,0
1785241620000000,63474.00000000,63512.12000000,63474.00000000,63512.11000000,2.55549000,1785241679999999,162261.53786760,1673,2.33092000,148000.66117870,0
1785241680000000,63512.12000000,63512.12000000,63458.28000000,63462.01000000,6.12507000,1785241739999999,388846.47254230,2541,2.36915000,150387.51777020,0
1785241740000000,63462.01000000,63464.00000000,63418.52000000,63424.00000000,6.89098000,1785241799999999,437240.65914230,2020,1.40056000,88869.06626060,0
1785241800000000,63424.00000000,63450.66000000,63417.61000000,63450.66000000,3.79310000,1785241859999999,240603.54216590,1901,2.90695000,184398.41855070,0
1785241860000000,63450.67000000,63459.18000000,63432.56000000,63432.58000000,3.49662000,1785241919999999,221863.19051630,1567,1.25782000,79809.89406280,0
1785241920000000,63432.58000000,63444.85000000,63432.57000000,63440.25000000,2.64274000,1785241979999999,167655.77620160,941,1.34086000,85062.25429400,0
1785241980000000,63440.24000000,63440.25000000,63402.00000000,63402.01000000,6.10567000,1785242039999999,387207.57002870,1880,1.59646000,101239.11221700,0
1785242040000000,63402.00000000,63432.01000000,63364.96000000,63432.00000000,47.96215000,1785242099999999,3040884.22070690,2518,21.84611000,1385377.61476720,0
1785242100000000,63432.01000000,63444.83000000,63428.00000000,63439.34000000,5.53051000,1785242159999999,350846.46903270,1391,1.43837000,91238.85147970,0
1785242160000000,63439.34000000,63439.35000000,63418.00000000,63436.01000000,2.51184000,1785242219999999,159328.37654390,1670,1.01573000,64424.61378290,0
1785242220000000,63436.01000000,63439.35000000,63418.59000000,63418.60000000,1.60418000,1785242279999999,101753.03181520,1420,0.61961000,39302.23694990,0
1785242280000000,63418.60000000,63422.62000000,63411.18000000,63413.73000000,7.68130000,1785242339999999,487141.30506390,749,1.00795000,63916.69188440,0
1785242340000000,63413.73000000,63436.01000000,63413.72000000,63436.01000000,25.49709000,1785242399999999,1617254.73132110,566,23.94542000,1518837.45062430,0
1785242400000000,63436.00000000,63448.00000000,63426.00000000,63426.00000000,7.89842000,1785242459999999,501114.09523420,1747,1.11484000,70729.21594060,0
1785242460000000,63426.01000000,63434.00000000,63425.98000000,63426.51000000,2.80255000,1785242519999999,177763.42025130,873,1.35252000,85785.81698820,0
1785242520000000,63426.52000000,63477.31000000,63426.51000000,63464.00000000,8.63233000,1785242579999999,547791.83689220,1786,3.77689000,239627.67588370,0
1785242580000000,63464.01000000,63477.31000000,63460.00000000,63470.26000000,2.75334000,1785242639999999,174753.32365170,954,1.85034000,117439.36673140,0
1785242640000000,63470.25000000,63477.31000000,63470.25000000,63477.30000000,2.91439000,1785242699999999,184977.44549480,324,2.18905000,138939.89748830,0
1785242700000000,63477.31000000,63477.31000000,63434.32000000,63451.84000000,4.41241000,1785242759999999,279969.47332520,1725,1.85021000,117382.95100540,0
1785242760000000,63451.85000000,63547.98000000,63451.84000000,63547.98000000,16.80487000,1785242819999999,1066925.41472650,2833,14.25416000,904990.84853850,0
1785242820000000,63547.97000000,63551.99000000,63540.00000000,63551.99000000,6.05840000,1785242879999999,384992.82310430,1139,2.92606000,185942.19757590,0
1785242880000000,63552.00000000,63554.00000000,63541.56000000,63550.12000000,19.94489000,1785242939999999,1267480.79665750,1512,16.06799000,1021117.32845770,0
1785242940000000,63550.11000000,63561.52000000,63548.79000000,63561.52000000,10.12640000,1785242999999999,643603.24076790,1150,7.65965000,486822.95123920,0
1785243000000000,63561.52000000,63561.52000000,63504.39000000,63510.65000000,5.53144000,1785243059999999,351412.43630370,2534,2.15106000,136637.23033500,0
1785243060000000,63510.66000000,63530.00000000,63510.65000000,63530.00000000,3.09335000,1785243119999999,196475.41375900,873,0.99955000,63489.03895770,0
1785243120000000,63530.00000000,63530.00000000,63518.38000000,63518.38000000,5.53862000,1785243179999999,351832.51889900,1373,1.16117000,73762.32396160,0
1785243180000000,63518.39000000,63522.00000000,63504.97000000,63520.01000000,6.74474000,1785243239999999,428391.57797570,1477,2.74896000,174590.06433680,0
1785243240000000,63520.00000000,63530.01000000,63520.00000000,63530.00000000,4.22023000,1785243299999999,268099.94573700,486,2.98367000,189542.08873700,0
1785243300000000,63530.01000000,63545.35000000,63510.40000000,63510.41000000,5.63139000,1785243359999999,357772.72178700,2157,1.65482000,105128.22955020,0
1785243360000000,63510.41000000,63540.00000000,63510.40000000,63539.99000000,5.24967000,1785243419999999,333490.07362240,1468,4.07139000,258638.07084610,0
1785243420000000,63540.00000000,63570.00000000,63540.00000000,63565.35000000,5.18484000,1785243479999999,329549.86384500,1550,2.81896000,179162.05953160,0
1785243480000000,63565.35000000,63566.00000000,63553.19000000,63557.88000000,7.55469000,1785243539999999,480183.52562830,1280,2.03789000,129533.16916160,0
1785243540000000,63557.88000000,63559.64000000,63544.00000000,63546.65000000,2.16342000,1785243599999999,137488.01788940,812,0.93635000,59504.10403560,0
1785243600000000,63546.65000000,63546.65000000,63542.00000000,63543.18000000,5.39674000,1785243659999999,342938.68610270,561,3.28446000,208715.22312080,0
1785243660000000,63543.18000000,63552.97000000,63537.66000000,63543.23000000,10.11514000,1785243719999999,642769.61200410,1377,6.60729000,419859.21067030,0
1785243720000000,63543.23000000,63543.23000000,63519.42000000,63521.29000000,2.36287000,1785243779999999,150118.18388230,1252,0.63053000,40056.05185080,0
1785243780000000,63521.29000000,63521.29000000,63517.06000000,63517.06000000,1.33471000,1785243839999999,84779.45758280,353,0.49609000,31511.58526690,0
1785243840000000,63517.06000000,63536.52000000,63517.06000000,63525.35000000,6.41252000,1785243899999999,407376.11762060,1405,2.95790000,187887.84131960,0
1785243900000000,63525.35000000,63525.35000000,63518.00000000,63518.01000000,1.87023000,1785243959999999,118798.96088460,609,0.59447000,37760.79205150,0
1785243960000000,63518.01000000,63560.00000000,63518.01000000,63558.33000000,8.31369000,1785244019999999,528218.57535140,2245,7.12724000,452834.39879910,0
1785244020000000,63558.33000000,63577.82000000,63558.33000000,63574.53000000,3.92610000,1785244079999999,249574.38228380,1222,3.12603000,198716.88196830,0
1785244080000000,63574.52000000,63588.00000000,63563.51000000,63585.30000000,4.01153000,1785244139999999,255024.52317690,1901,1.70504000,108396.50885490,0
1785244140000000,63585.30000000,63585.30000000,63510.00000000,63510.01000000,72.62421000,1785244199999999,4614003.57010150,2692,13.13633000,834522.44072300,0
1785244200000000,63510.00000000,63510.00000000,63484.73000000,63487.59000000,4.38276000,1785244259999999,278282.29770420,1039,0.52921000,33598.14461930,0
1785244260000000,63487.59000000,63496.77000000,63487.59000000,63494.00000000,1.84264000,1785244319999999,116996.91852230,601,0.88740000,56344.08047910,0
1785244320000000,63494.00000000,63494.00000000,63493.99000000,63493.99000000,1.90646000,1785244379999999,121048.75551010,261,0.33347000,21173.34418000,0
1785244380000000,63493.99000000,63494.00000000,63481.29000000,63482.51000000,6.34601000,1785244439999999,402879.94323570,873,2.87986000,182823.32590070,0
1785244440000000,63482.51000000,63516.01000000,63482.51000000,63516.01000000,46.75574000,1785244499999999,2969324.45028790,1216,40.18256000,2551836.04518210,0
1785244500000000,63516.01000000,63516.01000000,63459.86000000,63488.73000000,66.86982000,1785244559999999,4244863.17718430,1766,3.80554000,241567.48441140,0
1785244560000000,63488.73000000,63491.01000000,63488.72000000,63489.80000000,2.85574000,1785244619999999,181310.24168460,545,1.51533000,96207.79268030,0
1785244620000000,63489.80000000,63492.00000000,63473.13000000,63473.14000000,6.06545000,1785244679999999,385069.28352330,1147,2.28061000,144780.02003720,0
1785244680000000,63473.14000000,63489.62000000,63473.13000000,63489.62000000,3.13345000,1785244739999999,198909.96828540,786,1.45874000,92600.37849970,0
1785244740000000,63489.97000000,63489.98000000,63473.13000000,63477.99000000,4.08276000,1785244799999999,259165.02609460,857,2.19111000,139079.63518950,0
1785244800000000,63477.98000000,63477.99000000,63477.98000000,63477.98000000,1.75394000,1785244859999999,111336.57813870,217,0.98975000,62827.34060250,0
1785244860000000,63477.99000000,63477.99000000,63444.22000000,63448.10000000,22.88063000,1785244919999999,1451914.49199420,1940,15.07647000,956671.61715760,0
1785244920000000,63448.11000000,63448.11000000,63407.59000000,63407.60000000,19.23848000,1785244979999999,1220494.01377170,1348,2.00044000,126914.49518690,0
1785244980000000,63407.59000000,63417.69000000,63393.06000000,63393.07000000,8.85721000,1785245039999999,561578.41626920,1190,1.39857000,88683.17088290,0
1785245040000000,63393.06000000,63400.00000000,63385.99000000,63400.00000000,5.54973000,1785245099999999,351820.38903350,912,4.10880000,260479.48983640,0
1785245100000000,63399.99000000,63399.99000000,63352.88000000,63368.00000000,20.36818000,1785245159999999,1290868.30009800,2477,5.86200000,371432.51311090,0
1785245160000000,63368.00000000,63368.00000000,63350.01000000,63352.01000000,26.63656000,1785245219999999,1687555.06107930,1968,19.53660000,1237728.01234340,0
1785245220000000,63352.01000000,63357.27000000,63306.50000000,63306.50000000,13.74839000,1785245279999999,870797.13988890,2206,5.34069000,338269.58405450,0
1785245280000000,63306.50000000,63316.63000000,63304.00000000,63316.62000000,9.18312000,1785245339999999,581356.29963240,1098,6.26436000,396569.31679110,0
1785245340000000,63316.63000000,63328.33000000,63310.00000000,63310.01000000,10.82383000,1785245399999999,685345.54582700,1326,6.34490000,401738.17648360,0
1785245400000000,63310.00000000,63392.39000000,63288.36000000,63333.79000000,43.47706000,1785245459999999,2753764.25553690,7321,20.31611000,1286884.19245030,0
1785245460000000,63333.78000000,63348.49000000,63277.01000000,63332.00000000,24.44362000,1785245519999999,1547373.14653740,5979,9.04120000,572398.34402660,0
1785245520000000,63332.00000000,63332.00000000,63175.75000000,63270.87000000,39.24707000,1785245579999999,2481981.63440480,10439,15.80873000,999712.08805500,0
1785245580000000,63269.80000000,63291.59000000,63250.00000000,63259.22000000,23.15462000,1785245639999999,1464731.45142740,5670,17.43076000,1102611.33340450,0
1785245640000000,63259.23000000,63276.47000000,63245.31000000,63251.00000000,7.10712000,1785245699999999,449610.07466150,3639,3.42677000,216777.28103260,0
1785245700000000,63251.01000000,63368.94000000,63251.00000000,63368.93000000,17.82650000,1785245759999999,1128852.02109610,5726,15.15729000,959838.29143970,0
1785245760000000,63368.94000000,63386.55000000,63280.73000000,63290.23000000,16.16962000,1785245819999999,1024276.42969460,4662,4.26879000,270430.38737320,0
1785245820000000,63290.23000000,63293.98000000,63168.92000000,63174.42000000,27.82589000,1785245879999999,1758899.42828350,7820,8.32353000,525982.27050790,0
1785245880000000,63174.43000000,63187.37000000,63133.00000000,63133.01000000,19.00951000,1785245939999999,1200704.86620000,6702,6.37001000,402359.69474400,0
1785245940000000,63133.00000000,63133.01000000,62890.00000000,62964.00000000,248.96145000,1785245999999999,15683506.66371750,18162,36.86686000,2321011.00359630,0
1785246000000000,62964.00000000,63063.44000000,62914.01000000,63063.43000000,36.49245000,1785246059999999,2298231.40941990,12203,21.79728000,1373025.19259170,0
1785246060000000,63063.43000000,63100.00000000,62977.69000000,63033.70000000,62.59296000,1785246119999999,3947579.62573430,8441,44.50349000,2807360.98596680,0
1785246120000000,63033.70000000,63059.62000000,62968.94000000,62978.98000000,106.25267000,1785246179999999,6693812.43602210,9769,15.82833000,997239.16921370,0
1785246180000000,62978.99000000,63014.88000000,62953.26000000,63004.42000000,25.58387000,1785246239999999,1611140.42802880,5502,13.50893000,850785.85108440,0
1785246240000000,63004.42000000,63040.01000000,62972.24000000,62991.28000000,18.00229000,1785246299999999,1134319.66631680,5542,3.43242000,216255.77105500,0
1785246300000000,62991.28000000,63014.69000000,62918.22000000,62952.01000000,35.71021000,1785246359999999,2248619.71931600,8946,12.61611000,794384.01421320,0
1785246360000000,62952.01000000,62952.01000000,62840.63000000,62852.92000000,41.40232000,1785246419999999,2603673.76315060,11421,11.25579000,707825.32987260,0
1785246420000000,62851.55000000,62867.28000000,62742.47000000,62786.01000000,102.04664000,1785246479999999,6409112.04614340,11673,28.60810000,1797104.40420060,0
1785246480000000,62786.01000000,62946.01000000,62786.00000000,62946.00000000,39.39359000,1785246539999999,2475533.14985020,6582,12.21741000,768106.61366730,0
1785246540000000,62946.00000000,62972.31000000,62888.00000000,62924.31000000,41.73450000,1785246599999999,2626830.32540740,6270,13.69084000,861573.49604670,0
1785246600000000,62924.31000000,63000.00000000,62918.73000000,62996.68000000,93.46019000,1785246659999999,5884627.29076970,7263,79.96270000,5034623.39047760,0
1785246660000000,62996.69000000,63040.01000000,62976.64000000,63026.48000000,32.96610000,1785246719999999,2077426.83930910,7865,14.02930000,884104.17710710,0
1785246720000000,63026.48000000,63068.00000000,63011.36000000,63040.01000000,23.76401000,1785246779999999,1498362.08487660,4722,12.46698000,785962.01262150,0
1785246780000000,63040.01000000,63040.01000000,62989.36000000,63022.00000000,14.61205000,1785246839999999,920649.12723300,3836,7.88326000,496660.75858160,0
1785246840000000,63021.99000000,63060.00000000,63010.00000000,63010.01000000,15.31561000,1785246899999999,965456.50895080,4014,10.16974000,641084.46824400,0
1785246900000000,63010.00000000,63026.00000000,63004.38000000,63022.33000000,5.13639000,1785246959999999,323657.47247960,4006,3.14175000,197969.33864620,0
1785246960000000,63022.33000000,63114.00000000,63022.33000000,63114.00000000,18.12337000,1785247019999999,1142909.86016400,4919,13.07856000,824852.37431260,0
1785247020000000,63114.00000000,63120.03000000,63066.00000000,63073.67000000,10.54452000,1785247079999999,665261.60732810,4467,2.81838000,177795.28301560,0
1785247080000000,63073.67000000,63094.00000000,63066.49000000,63086.00000000,8.51174000,1785247139999999,536917.37233950,2138,4.80349000,302997.86899180,0
1785247140000000,63086.00000000,63104.00000000,63078.00000000,63104.00000000,17.39764000,1785247199999999,1097514.94115010,2969,13.06818000,824382.31726730,0
1785247200000000,63104.00000000,63219.99000000,63103.99000000,63219.99000000,41.96197000,1785247259999999,2650208.46979560,8830,36.48309000,2304026.87729520,0
1785247260000000,63220.00000000,63229.99000000,63187.27000000,63195.73000000,9.44925000,1785247319999999,597239.51449790,4410,5.35929000,338734.55991550,0
1785247320000000,63195.98000000,63224.00000000,63182.02000000,63184.04000000,8.53698000,1785247379999999,539605.21288170,3749,4.92037000,311001.85484070,0
1785247380000000,63184.04000000,63188.35000000,63154.00000000,63180.00000000,7.33008000,1785247439999999,463077.02309280,3970,3.73764000,236129.57567500,0
1785247440000000,63180.01000000,63200.00000000,63159.47000000,63194.00000000,11.82325000,1785247499999999,746976.97808710,4177,7.93324000,501204.95777470,0
1785247500000000,63194.00000000,63264.57000000,63180.00000000,63258.30000000,29.11899000,1785247559999999,1841692.93625270,5557,27.28173000,1725525.01481700,0
1785247560000000,63258.29000000,63300.00000000,63243.23000000,63300.00000000,16.59643000,1785247619999999,1049886.08687690,3782,14.84706000,939225.97068800,0
1785247620000000,63300.00000000,63308.00000000,63260.00000000,63262.53000000,14.79426000,1785247679999999,936204.42390040,3496,10.36188000,655710.76393970,0
1785247680000000,63262.52000000,63262.52000000,63190.06000000,63226.00000000,8.56669000,1785247739999999,541549.52324240,3661,4.44500000,280977.05472730,0
1785247740000000,63226.01000000,63228.57000000,63200.00000000,63200.00000000,5.50049000,1785247799999999,347699.34327240,2037,2.88218000,182185.67386480,0
1785247800000000,63200.00000000,63240.00000000,63185.38000000,63220.00000000,6.44411000,1785247859999999,407316.28379110,3997,2.97944000,188311.85292440,0
1785247860000000,63220.01000000,63268.00000000,63218.00000000,63268.00000000,4.65594000,1785247919999999,294490.70828210,3009,3.68514000,233083.44837440,0
1785247920000000,63268.65000000,63291.42000000,63224.03000000,63230.45000000,14.05734000,1785247979999999,889037.61295880,4764,5.08143000,321381.03545490,0
1785247980000000,63230.44000000,63252.00000000,63224.99000000,63225.00000000,6.58116000,1785248039999999,416170.70827740,3059,2.02895000,128309.16323450,0
1785248040000000,63224.99000000,63225.00000000,63144.08000000,63153.70000000,9.92159000,1785248099999999,626879.25512050,2660,2.89423000,182859.98375870,0
1785248100000000,63153.70000000,63183.95000000,63081.69000000,63107.99000000,20.35153000,1785248159999999,1284959.42823040,4798,5.58242000,352469.32202340,0
1785248160000000,63108.00000000,63112.00000000,63009.51000000,63023.12000000,15.58553000,1785248219999999,982852.38557960,5359,4.66313000,293961.80335300,0
1785248220000000,63023.13000000,63033.26000000,63016.00000000,63033.26000000,10.28194000,1785248279999999,648072.84425570,2282,1.91105000,120445.12573440,0
1785248280000000,63033.55000000,63040.00000000,62965.38000000,63007.18000000,26.18574000,1785248339999999,1649887.84019920,5440,10.60995000,668582.14505830,0
1785248340000000,63007.17000000,63007.17000000,62981.16000000,62981.17000000,29.94168000,1785248399999999,1886030.35664260,3634,4.95522000,312149.13601500,0
1785248400000000,62981.16000000,63040.00000000,62981.16000000,63018.00000000,9.12121000,1785248459999999,574769.16141180,3980,5.84005000,368004.12451770,0
1785248460000000,63018.01000000,63129.41000000,62980.35000000,63113.31000000,28.74136000,1785248519999999,1812006.80199820,5767,16.82466000,1060878.77382050,0
1785248520000000,63113.32000000,63132.79000000,63056.00000000,63068.01000000,26.40537000,1785248579999999,1666336.15589930,4818,4.32216000,272723.62249690,0
1785248580000000,63068.00000000,63151.96000000,63046.00000000,63151.96000000,10.88075000,1785248639999999,686646.04096710,4656,8.01844000,506020.83876760,0
1785248640000000,63151.95000000,63234.83000000,63151.95000000,63210.00000000,20.99740000,1785248699999999,1327131.66158760,5615,15.59112000,985386.96641380,0
1785248700000000,63210.01000000,63226.00000000,63178.00000000,63181.99000000,43.04648000,1785248759999999,2720545.21847500,4292,14.82903000,936973.42673310,0
1785248760000000,63181.99000000,63230.66000000,63158.00000000,63208.00000000,15.93211000,1785248819999999,1006557.09168650,4675,12.55611000,793226.93046910,0
1785248820000000,63208.01000000,63247.39000000,63176.06000000,63176.06000000,13.24622000,1785248879999999,837407.77913210,4710,3.21492000,203261.74576640,0
1785248880000000,63176.01000000,63193.92000000,63162.00000000,63166.00000000,15.97868000,1785248939999999,1009412.96313010,3778,9.40326000,594010.53438020,0
1785248940000000,63166.00000000,63200.00000000,63162.00000000,63184.91000000,7.04063000,1785248999999999,444855.44354560,3355,3.38706000,214006.41808090,0
1785249000000000,63184.91000000,63227.99000000,63184.90000000,63209.82000000,11.04788000,1785249059999999,698286.47322630,4767,5.81649000,367630.41954940,0
1785249060000000,63209.83000000,63247.39000000,63179.15000000,63212.95000000,8.47114000,1785249119999999,535487.85576520,6180,4.77979000,302164.56229690,0
1785249120000000,63212.95000000,63232.00000000,63180.00000000,63189.98000000,11.38992000,1785249179999999,719910.11332160,3992,5.49906000,347541.58252320,0
1785249180000000,63189.98000000,63204.00000000,63166.10000000,63175.49000000,10.55465000,1785249239999999,666890.61566390,3529,6.63827000,419439.84638400,0
1785249240000000,63175.49000000,63194.01000000,63159.20000000,63161.41000000,6.75817000,1785249299999999,426928.02865790,2998,3.27958000,207185.53329280,0
1785249300000000,63161.41000000,63244.00000000,63156.00000000,63244.00000000,7.62813000,1785249359999999,482141.91667570,4298,5.12052000,323659.85456380,0
1785249360000000,63243.99000000,63382.67000000,63243.99000000,63336.38000000,71.19962000,1785249419999999,4509668.70114810,10520,49.87257000,3158584.48618660,0
1785249420000000,63336.37000000,63342.00000000,63299.99000000,63320.94000000,10.77169000,1785249479999999,682091.74971540,4518,4.32524000,273887.15074050,0
1785249480000000,63320.93000000,63336.02000000,63271.81000000,63280.05000000,11.79421000,1785249539999999,746530.01909890,4569,5.58136000,353296.88888840,0
1785249540000000,63280.05000000,63280.05000000,63220.00000000,63230.48000000,7.48108000,1785249599999999,473113.37371270,3443,2.37829000,150396.27569980,0
1785249600000000,63230.49000000,63303.67000000,63230.00000000,63303.43000000,8.99756000,1785249659999999,569276.02718960,3909,4.52388000,286219.24242460,0
1785249660000000,63303.43000000,63408.13000000,63303.43000000,63408.13000000,10.30490000,1785249719999999,652883.21773940,5178,8.68957000,550543.77744810,0
1785249720000000,63408.13000000,63424.09000000,63357.06000000,63382.47000000,10.38391000,1785249779999999,658196.15825800,5372,1.97916000,125459.99030460,0
1785249780000000,63382.47000000,63400.00000000,63362.57000000,63393.30000000,5.45910000,1785249839999999,346027.93836910,2584,3.22710000,204555.71051160,0
1785249840000000,63393.31000000,63396.00000000,63336.00000000,63358.00000000,11.55131000,1785249899999999,732114.19832900,3085,3.22649000,204424.46639430,0
1785249900000000,63358.01000000,63375.00000000,63331.17000000,63331.18000000,5.44446000,1785249959999999,344946.75932580,3159,2.62684000,166426.60431680,0
1785249960000000,63331.18000000,63371.99000000,63326.10000000,63358.53000000,6.54707000,1785250019999999,414739.52449490,3643,3.80179000,240838.79565230,0
1785250020000000,63358.98000000,63440.44000000,63358.97000000,63410.00000000,11.96659000,1785250079999999,758731.78883090,3347,8.36395000,530361.87293370,0
1785250080000000,63410.01000000,63499.59000000,63410.00000000,63488.00000000,15.15868000,1785250139999999,962073.71011920,4520,10.59714000,672557.56375550,0
1785250140000000,63488.01000000,63488.01000000,63466.00000000,63487.99000000,3.81108000,1785250199999999,241922.55813970,2471,1.90946000,121207.91437990,0
1785250200000000,63488.00000000,63511.53000000,63483.76000000,63484.01000000,13.44228000,1785250259999999,853537.96833020,4038,8.34742000,530039.53991750,0
1785250260000000,63484.01000000,63500.00000000,63466.00000000,63493.24000000,24.72877000,1785250319999999,1570006.80172710,4896,17.47416000,1109482.90512070,0
1785250320000000,63493.24000000,63500.00000000,63444.96000000,63465.00000000,16.85984000,1785250379999999,1070300.22271890,3262,10.05260000,638255.57498610,0
1785250380000000,63465.01000000,63550.00000000,63465.01000000,63490.01000000,17.92023000,1785250439999999,1138249.38785590,4833,11.96363000,759844.62556430,0
1785250440000000,63490.01000000,63491.96000000,63442.91000000,63462.33000000,15.10636000,1785250499999999,958735.44139850,3756,7.59747000,482203.56953860,0
1785250500000000,63462.34000000,63518.00000000,63462.34000000,63480.01000000,23.34103000,1785250559999999,1481849.60504840,4351,18.53751000,1176872.52082150,0
1785250560000000,63480.01000000,63480.01000000,63460.00000000,63469.62000000,4.23614000,1785250619999999,268882.31632810,2016,1.46648000,93078.97774950,0
1785250620000000,63469.63000000,63469.63000000,63436.00000000,63436.00000000,3.02604000,1785250679999999,191993.11133850,1387,0.67907000,43078.69594120,0
1785250680000000,63436.01000000,63436.01000000,63428.50000000,63433.17000000,3.07237000,1785250739999999,194883.71090970,899,1.20548000,76464.15512840,0
1785250740000000,63433.17000000,63433.70000000,63406.02000000,63412.45000000,11.45651000,1785250799999999,726609.78098450,2158,4.71242000,298849.60226660,0
1785250800000000,63412.45000000,63439.75000000,63396.00000000,63439.74000000,9.56084000,1785250859999999,606365.62773350,3294,3.66250000,232260.93710880,0
1785250860000000,63439.75000000,63463.26000000,63434.00000000,63434.01000000,3.70442000,1785250919999999,235037.18085190,2609,1.51298000,95995.92882170,0
1785250920000000,63434.01000000,63445.99000000,63353.66000000,63354.01000000,9.31996000,1785250979999999,590747.67129760,3940,1.72003000,109043.04334530,0
1785250980000000,63354.01000000,63354.01000000,63315.13000000,63322.01000000,8.93628000,1785251039999999,565947.48597150,3508,3.97778000,251895.32918030,0
1785251040000000,63322.01000000,63346.00000000,63305.17000000,63316.60000000,11.32467000,1785251099999999,717120.45667470,3526,4.88764000,309497.35897170,0
1785251100000000,63316.60000000,63316.60000000,63269.28000000,63307.99000000,16.12282000,1785251159999999,1020461.99071640,3375,4.15212000,262762.87006660,0
1785251160000000,63308.00000000,63386.00000000,63307.99000000,63355.07000000,13.12559000,1785251219999999,831616.95801030,4287,5.63772000,357143.36558140,0
1785251220000000,63355.07000000,63355.07000000,63306.00000000,63318.61000000,15.56017000,1785251279999999,985184.93984630,4341,2.03328000,128755.32847770,0
1785251280000000,63318.62000000,63340.00000000,63310.00000000,63339.99000000,12.16379000,1785251339999999,770367.01569250,3709,3.66723000,232226.70721580,0
1785251340000000,63340.00000000,63411.01000000,63339.99000000,63411.01000000,20.74158000,1785251399999999,1314267.51307430,3974,12.55957000,795834.07185910,0
1785251400000000,63411.01000000,63477.08000000,63381.20000000,63384.00000000,33.23030000,1785251459999999,2108663.11982080,7166,17.18554000,1090521.45826430,0
1785251460000000,63384.00000000,63412.00000000,63362.00000000,63400.00000000,6.27772000,1785251519999999,397899.18470380,3949,4.32611000,274203.50292070,0
1785251520000000,63400.00000000,63490.00000000,63390.00000000,63478.02000000,11.25635000,1785251579999999,714019.38451890,5245,9.69814000,615149.07352100,0
1785251580000000,63478.03000000,63478.03000000,63429.99000000,63462.00000000,16.75733000,1785251639999999,1063070.83448940,4372,11.10030000,704154.92765890,0
1785251640000000,63462.00000000,63495.17000000,63462.00000000,63462.26000000,7.35189000,1785251699999999,466693.57490320,2782,3.24757000,206161.20483810,0
1785251700000000,63462.26000000,63462.26000000,63406.00000000,63410.00000000,14.12755000,1785251759999999,896137.28641810,4326,4.84984000,307630.31548490,0
1785251760000000,63410.00000000,63417.99000000,63390.93000000,63402.82000000,5.94168000,1785251819999999,376728.56634270,2868,3.60003000,228255.11730660,0
1785251820000000,63402.82000000,63411.60000000,63370.00000000,63411.59000000,11.03758000,1785251879999999,699771.13763980,2792,8.25878000,523584.77243780,0
1785251880000000,63411.60000000,63430.00000000,63403.68000000,63412.00000000,6.27929000,1785251939999999,398186.23454020,2775,4.79331000,303950.81825400,0
1785251940000000,63412.00000000,63412.00000000,63400.00000000,63403.00000000,4.55446000,1785251999999999,288770.38733540,2306,3.42623000,217234.84410350,0
1785252000000000,63403.01000000,63603.00000000,63403.01000000,63592.01000000,35.23161000,1785252059999999,2239035.03044090,8312,27.44998000,1744313.87475160,0
1785252060000000,63592.01000000,63784.65000000,63592.00000000,63778.31000000,67.86110000,1785252119999999,4322810.50622830,13541,47.78555000,3044052.86475930,0
1785252120000000,63778.31000000,63794.15000000,63716.00000000,63719.05000000,16.21491000,1785252179999999,1033804.93327520,6945,5.67791000,362048.72079640,0
1785252180000000,63719.05000000,63816.65000000,63719.05000000,63795.39000000,22.64858000,1785252239999999,1444577.49300990,7529,17.04231000,1087021.50497400,0
1785252240000000,63795.40000000,63928.07000000,63762.01000000,63880.05000000,54.60611000,1785252299999999,3486951.87699100,10935,37.99171000,2426275.10276620,0
1785252300000000,63880.06000000,63928.07000000,63856.01000000,63873.55000000,25.48360000,1785252359999999,1628121.43653300,6222,15.52420000,991847.40881180,0
1785252360000000,63873.55000000,63941.91000000,63866.61000000,63941.91000000,14.26071000,1785252419999999,911335.48009100,4225,11.96943000,764934.40797360,0
1785252420000000,63941.91000000,63986.21000000,63830.00000000,63830.00000000,39.32616000,1785252479999999,2514579.44054040,6784,30.44464000,1947114.63701270,0
1785252480000000,63830.00000000,63830.01000000,63790.01000000,63790.01000000,12.49109000,1785252539999999,797008.17107560,2581,3.11769000,198926.69814190,0
1785252540000000,63790.00000000,63794.64000000,63748.00000000,63754.28000000,16.84556000,1785252599999999,1074236.50354670,2822,8.88647000,566701.52087610,0
1785252600000000,63754.28000000,63779.63000000,63715.05000000,63733.07000000,10.73059000,1785252659999999,684056.15023890,5313,6.64573000,423655.10763890,0
1785252660000000,63733.06000000,63758.00000000,63700.00000000,63738.38000000,11.57186000,1785252719999999,737488.19362670,5084,6.48610000,413343.12665540,0
1785252720000000,63738.39000000,63790.00000000,63724.83000000,63724.84000000,5.52015000,1785252779999999,351940.29754200,3957,2.54408000,162188.30816940,0
1785252780000000,63724.83000000,63773.99000000,63724.12000000,63773.98000000,6.89774000,1785252839999999,439666.73294820,3079,4.13555000,263610.27446530,0
1785252840000000,63773.98000000,63850.00000000,63773.98000000,63786.00000000,13.55412000,1785252899999999,864836.55012000,4834,8.43778000,538373.98518430,0
1785252900000000,63786.00000000,63809.99000000,63768.47000000,63809.99000000,8.79094000,1785252959999999,560704.81940240,4169,7.04552000,449376.55585120,0
1785252960000000,63810.00000000,63850.00000000,63798.44000000,63812.06000000,25.49996000,1785253019999999,1627785.90074990,4877,4.79848000,306315.25801690,0
1785253020000000,63812.06000000,63842.00000000,63780.01000000,63842.00000000,6.30007000,1785253079999999,402012.50395090,3370,4.52277000,288607.04076780,0
1785253080000000,63842.00000000,63867.72000000,63841.99000000,63844.68000000,9.24011000,1785253139999999,590014.66415300,2956,5.49253000,350700.33140830,0
1785253140000000,63844.67000000,63848.00000000,63800.33000000,63843.44000000,10.66816000,1785253199999999,680842.21415430,3226,7.29271000,465383.73706070,0
1785253200000000,63843.43000000,63861.98000000,63808.86000000,63860.97000000,29.33549000,1785253259999999,1872888.10729480,3907,27.41579000,1750349.10459930,0
1785253260000000,63860.96000000,63944.00000000,63860.96000000,63895.21000000,21.08697000,1785253319999999,1347760.27881820,6897,15.12567000,966719.55351070,0
1785253320000000,63895.20000000,63908.76000000,63852.00000000,63852.01000000,6.77502000,1785253379999999,432783.29890890,3271,2.47429000,158053.15089180,0
1785253380000000,63852.01000000,63895.99000000,63852.00000000,63858.01000000,6.05291000,1785253439999999,386642.89545340,2306,1.75433000,112050.88155680,0
1785253440000000,63858.01000000,63874.00000000,63853.09000000,63873.54000000,9.34468000,1785253499999999,596766.88347980,1878,2.49937000,159612.88521950,0
1785253500000000,63873.55000000,63906.00000000,63866.00000000,63889.99000000,8.12646000,1785253559999999,519128.43935960,3156,5.70745000,364569.52156790,0
1785253560000000,63890.00000000,63975.93000000,63890.00000000,63918.01000000,23.36617000,1785253619999999,1493783.42309940,6297,17.51904000,1119839.83678090,0
1785253620000000,63918.00000000,64026.62000000,63900.18000000,63988.01000000,59.19667000,1785253679999999,3787408.83106260,6980,48.46266000,3100580.66007970,0
1785253680000000,63988.00000000,63988.01000000,63936.00000000,63936.00000000,7.86761000,1785253739999999,503184.58764730,2354,1.23400000,78922.60432690,0
1785253740000000,63936.01000000,63936.01000000,63873.54000000,63890.00000000,15.76209000,1785253799999999,1007143.86260120,2691,4.17172000,266501.88888410,0
1785253800000000,63890.01000000,63890.01000000,63834.00000000,63840.00000000,17.39778000,1785253859999999,1110761.04798790,3846,10.21558000,652157.70960090,0
1785253860000000,63840.00000000,63864.00000000,63836.01000000,63836.01000000,8.65540000,1785253919999999,552683.12471900,2317,5.44882000,347919.21968590,0
1785253920000000,63836.00000000,63860.00000000,63822.00000000,63859.98000000,5.86565000,1785253979999999,374459.53046500,2845,1.81209000,115683.26428580,0
1785253980000000,63859.98000000,63900.00000000,63852.00000000,63885.45000000,19.36125000,1785254039999999,1236619.14642940,4230,10.35016000,660978.26191000,0
1785254040000000,63885.45000000,63885.45000000,63850.00000000,63861.87000000,6.82879000,1785254099999999,436132.57598770,2162,3.88358000,248025.38632530,0
1785254100000000,63861.87000000,63861.87000000,63798.36000000,63825.00000000,12.61693000,1785254159999999,805175.93057740,3310,6.66768000,425482.42431040,0
1785254160000000,63825.01000000,63868.46000000,63825.00000000,63862.00000000,9.31291000,1785254219999999,594627.09022040,2709,4.12834000,263588.10928200,0
1785254220000000,63862.00000000,63878.10000000,63852.00000000,63878.10000000,5.30840000,1785254279999999,339009.27892150,2182,2.91134000,185928.57180050,0
1785254280000000,63878.10000000,63910.00000000,63872.00000000,63910.00000000,10.77699000,1785254339999999,688468.42868710,3636,7.94057000,507270.36033170,0
1785254340000000,63910.00000000,63931.97000000,63907.44000000,63928.47000000,10.96015000,1785254399999999,700558.89929850,2415,7.18216000,459043.32405870,0
1785254400000000,63928.46000000,63928.47000000,63902.01000000,63926.66000000,14.96696000,1785254459999999,956574.17958690,2438,11.18088000,714592.06040710,0
1785254460000000,63926.66000000,63936.00000000,63911.21000000,63911.21000000,8.57502000,1785254519999999,548159.77571610,2220,2.76141000,176518.70891490,0
1785254520000000,63911.22000000,63916.52000000,63904.11000000,63908.85000000,3.25681000,1785254579999999,208149.03861840,890,1.84511000,117922.66079480,0
1785254580000000,63908.84000000,63918.00000000,63906.00000000,63910.78000000,4.21476000,1785254639999999,269369.84386250,1166,3.26495000,208663.01812470,0
1785254640000000,63910.78000000,63910.78000000,63886.00000000,63886.01000000,12.33475000,1785254699999999,788088.52924200,941,0.47214000,30167.66363060,0
1785254700000000,63886.00000000,63901.99000000,63883.03000000,63883.03000000,8.07594000,1785254759999999,515997.23922330,1390,3.74325000,239162.78694240,0
1785254760000000,63883.02000000,63883.02000000,63851.71000000,63860.23000000,3.55304000,1785254819999999,226930.67893260,1745,1.49172000,95272.58772630,0
1785254820000000,63860.23000000,63875.82000000,63829.70000000,63829.70000000,6.82277000,1785254879999999,435647.88652860,2469,2.55446000,163087.74729690,0
1785254880000000,63829.69000000,63847.99000000,63828.00000000,63837.77000000,4.34769000,1785254939999999,277531.15631520,1618,3.03303000,193603.77727910,0
1785254940000000,63837.78000000,63847.98000000,63828.00000000,63847.98000000,12.31435000,1785254999999999,786046.32093640,1502,9.73871000,621630.31403520,0
1785255000000000,63847.97000000,63847.97000000,63821.35000000,63821.35000000,4.93745000,1785255059999999,315150.95792050,1308,1.77040000,112993.34084880,0
1785255060000000,63821.35000000,63872.00000000,63821.35000000,63870.74000000,12.00812000,1785255119999999,766847.75012320,2462,5.03268000,321352.21782230,0
1785255120000000,63870.75000000,63882.00000000,63848.00000000,63851.30000000,4.04758000,1785255179999999,258497.22653000,1770,1.15207000,73570.92707940,0
1785255180000000,63851.30000000,63856.14000000,63815.54000000,63815.54000000,10.84739000,1785255239999999,692344.58026180,2628,4.41565000,281830.04020330,0
1785255240000000,63815.54000000,63815.54000000,63803.94000000,63814.00000000,4.97689000,1785255299999999,317571.11340330,1091,2.27476000,145147.70048310,0
1785255300000000,63814.00000000,63835.09000000,63807.53000000,63818.00000000,4.94099000,1785255359999999,315312.02083730,2581,1.91594000,122268.37282890,0
1785255360000000,63817.99000000,63823.92000000,63817.99000000,63823.91000000,2.82486000,1785255419999999,180286.84329470,878,1.80914000,115462.21707590,0
1785255420000000,63823.90000000,63849.38000000,63806.01000000,63834.01000000,13.78098000,1785255479999999,879554.37483760,3218,11.34438000,724033.36004890,0
1785255480000000,63834.00000000,63858.92000000,63828.00000000,63846.00000000,8.13717000,1785255539999999,519543.68079360,2741,5.53852000,353611.57209080,0
1785255540000000,63845.99000000,63950.00000000,63845.99000000,63925.60000000,8.12901000,1785255599999999,519555.07875150,3580,5.72710000,366006.82935850,0
1785255600000000,63925.60000000,63944.57000000,63900.42000000,63905.37000000,7.95860000,1785255659999999,508817.04100900,3510,1.98327000,126795.13113730,0
1785255660000000,63905.37000000,63912.00000000,63885.00000000,63885.00000000,9.97466000,1785255719999999,637335.55492500,1511,4.63439000,296158.85238490,0
1785255720000000,63885.00000000,63885.01000000,63825.79000000,63828.35000000,12.92087000,1785255779999999,825126.99420490,1880,1.20650000,77020.50070270,0
1785255780000000,63828.35000000,63829.37000000,63800.00000000,63802.56000000,4.07353000,1785255839999999,259925.90649510,1818,1.82514000,116447.97515220,0
1785255840000000,63802.57000000,63839.93000000,63801.47000000,63839.93000000,6.46722000,1785255899999999,412691.22507440,1735,3.04827000,194515.34076530,0
1785255900000000,63839.93000000,63839.93000000,63814.00000000,63834.00000000,3.47720000,1785255959999999,221939.01913920,2086,2.57843000,164574.20302630,0
1785255960000000,63833.99000000,63849.41000000,63833.99000000,63846.00000000,2.65532000,1785256019999999,169525.53728630,1057,1.12803000,72017.33085880,0
1785256020000000,63845.99000000,63854.00000000,63816.62000000,63835.99000000,3.07921000,1785256079999999,196562.34572750,2620,1.72868000,110347.83960820,0
1785256080000000,63835.99000000,63849.76000000,63835.99000000,63840.47000000,2.81521000,1785256139999999,179735.71178720,1412,1.35529000,86527.50417170,0
1785256140000000,63840.47000000,63848.77000000,63835.20000000,63842.00000000,3.87723000,1785256199999999,247541.72133740,1367,2.12876000,135908.26444560,0
1785256200000000,63842.01000000,63842.01000000,63786.37000000,63786.37000000,9.16157000,1785256259999999,584509.74397880,2213,1.67254000,106697.37015690,0
1785256260000000,63786.38000000,63795.33000000,63773.65000000,63795.33000000,4.12591000,1785256319999999,263156.25342560,1636,2.62320000,167312.65741860,0
1785256320000000,63795.33000000,63855.11000000,63795.33000000,63855.11000000,7.41157000,1785256379999999,472936.28889520,2695,4.55147000,290436.17203470,0
1785256380000000,63855.12000000,63874.63000000,63844.00000000,63844.76000000,4.19514000,1785256439999999,267890.87074950,1980,1.67205000,106776.78946880,0
1785256440000000,63844.76000000,63860.73000000,63804.39000000,63804.40000000,22.59174000,1785256499999999,1442337.29612060,2912,3.23283000,206360.14284960,0
1785256500000000,63804.40000000,63827.99000000,63804.39000000,63811.26000000,6.23566000,1785256559999999,397939.52369030,1821,2.88855000,184327.21717600,0
1785256560000000,63811.25000000,63824.00000000,63809.32000000,63809.37000000,3.97211000,1785256619999999,253473.18799190,1982,2.35175000,150072.33380870,0
1785256620000000,63809.37000000,63819.42000000,63798.36000000,63805.34000000,9.37369000,1785256679999999,598134.62462590,1990,5.68127000,362503.68688970,0
1785256680000000,63805.34000000,63826.79000000,63798.36000000,63826.79000000,7.47444000,1785256739999999,476920.29941990,2810,6.03761000,385227.15403790,0
1785256740000000,63826.78000000,63843.91000000,63824.32000000,63843.91000000,5.04102000,1785256799999999,321778.77200670,2326,3.48880000,222697.78031970,0
1785256800000000,63843.91000000,63874.62000000,63843.91000000,63865.44000000,6.66220000,1785256859999999,425474.25176670,2714,3.20455000,204639.70604910,0
1785256860000000,63865.44000000,63909.83000000,63865.44000000,63909.83000000,4.99948000,1785256919999999,319416.23475910,1633,4.07360000,260260.77346140,0
1785256920000000,63909.83000000,63920.00000000,63890.00000000,63909.99000000,4.87097000,1785256979999999,311265.40495340,2156,2.04918000,130946.73513630,0
1785256980000000,63909.99000000,63946.00000000,63909.99000000,63943.44000000,9.22451000,1785257039999999,589700.82345320,2377,7.25451000,463751.44982720,0
1785257040000000,63943.43000000,63943.44000000,63907.19000000,63912.00000000,10.05050000,1785257099999999,642463.96120740,3545,3.69867000,236417.59797260,0
1785257100000000,63912.00000000,63933.37000000,63903.16000000,63933.36000000,10.28227000,1785257159999999,657192.13444010,2975,6.43452000,411259.33984910,0
1785257160000000,63933.36000000,63933.37000000,63866.18000000,63866.18000000,4.61083000,1785257219999999,294673.22821350,2126,1.08713000,69487.07974260,0
1785257220000000,63866.18000000,63926.82000000,63866.18000000,63907.67000000,7.94811000,1785257279999999,507934.67162490,2538,5.50716000,351913.84376860,0
1785257280000000,63907.66000000,63907.67000000,63894.35000000,63894.35000000,1.16737000,1785257339999999,74594.83348910,935,0.68034000,43473.62825110,0
1785257340000000,63894.35000000,63929.62000000,63891.79000000,63919.99000000,18.55030000,1785257399999999,1185693.22155720,1950,11.84961000,757389.99740580,0
1785257400000000,63920.00000000,63974.00000000,63919.99000000,63962.02000000,8.33284000,1785257459999999,532925.22420040,2806,7.19328000,460034.52733130,0
1785257460000000,63962.02000000,64068.96000000,63962.02000000,64068.28000000,34.69699000,1785257519999999,2221395.00102420,5189,26.10369000,1671191.36268560,0
1785257520000000,64068.29000000,64086.00000000,64058.01000000,64072.59000000,20.83249000,1785257579999999,1334771.52656770,3959,13.52667000,866657.39094940,0
1785257580000000,64072.59000000,64100.00000000,64060.11000000,64083.68000000,28.75129000,1785257639999999,1842639.75356800,3471,20.74049000,1329285.39048950,0
1785257640000000,64083.69000000,64083.69000000,64058.00000000,64058.01000000,9.97418000,1785257699999999,639062.87789670,1744,1.17330000,75172.66777700,0
1785257700000000,64058.00000000,64058.01000000,64041.08000000,64041.09000000,6.62246000,1785257759999999,424178.21977750,1385,1.02232000,65480.82312050,0
1785257760000000,64041.09000000,64041.09000000,64024.00000000,64024.01000000,9.57156000,1785257819999999,612858.31216820,1469,5.39945000,345712.21969910,0
1785257820000000,64024.01000000,64071.91000000,64024.00000000,64066.01000000,24.42943000,1785257879999999,1564609.08539550,2573,17.23128000,1103459.09064820,0
1785257880000000,64066.00000000,64066.01000000,64030.00000000,64030.01000000,2.74338000,1785257939999999,175701.47047020,1140,0.52581000,33675.44310380,0
1785257940000000,64030.00000000,64043.27000000,64030.00000000,64043.26000000,3.65190000,1785257999999999,233856.46872590,1064,2.04933000,131233.39737930,0
1785258000000000,64043.27000000,64043.27000000,64016.01000000,64016.01000000,3.49559000,1785258059999999,223819.75241080,1254,0.61847000,39597.72570020,0
1785258060000000,64016.00000000,64018.70000000,63994.12000000,63994.12000000,8.10356000,1785258119999999,518685.93982950,1656,2.06852000,132416.86922840,0
1785258120000000,63994.12000000,64008.00000000,63981.75000000,63998.01000000,7.02972000,1785258179999999,449903.29243800,2922,2.95128000,188874.15771120,0
1785258180000000,63998.00000000,63998.01000000,63977.48000000,63977.49000000,3.29296000,1785258239999999,210706.48161190,1273,1.32380000,84707.30707750,0
1785258240000000,63977.49000000,63993.99000000,63966.00000000,63978.61000000,6.73513000,1785258299999999,430884.09175910,2280,3.44366000,220304.75757190,0
1785258300000000,63978.62000000,63988.34000000,63976.32000000,63980.04000000,7.52198000,1785258359999999,481277.50666940,1499,1.53099000,97954.59618370,0
1785258360000000,63980.04000000,63980.04000000,63946.00000000,63955.99000000,6.51992000,1785258419999999,417011.67076500,3736,3.46341000,221514.95530560,0
1785258420000000,63955.99000000,63955.99000000,63942.51000000,63942.52000000,3.25223000,1785258479999999,207986.52393370,971,2.23226000,142759.05221240,0
1785258480000000,63942.52000000,63942.52000000,63865.98000000,63877.29000000,13.43233000,1785258539999999,858213.72946650,2629,5.35935000,342342.72073220,0
1785258540000000,63877.29000000,63877.29000000,63852.88000000,63858.48000000,5.06930000,1785258599999999,323754.45367540,1027,0.74517000,47590.95165520,0
1785258600000000,63858.49000000,63858.49000000,63810.00000000,63824.73000000,6.09432000,1785258659999999,388955.91370320,2686,2.42838000,154968.47565440,0
1785258660000000,63824.73000000,63834.00000000,63791.86000000,63810.00000000,4.86072000,1785258719999999,310173.88816560,2673,1.70902000,109055.99551380,0
1785258720000000,63810.00000000,63836.00000000,63809.99000000,63834.00000000,12.52133000,1785258779999999,799215.41064470,2577,7.22245000,460966.21692800,0
1785258780000000,63834.00000000,63854.00000000,63806.00000000,63807.87000000,9.56080000,1785258839999999,610345.79558400,2437,6.44668000,411570.81939520,0
1785258840000000,63807.87000000,63807.87000000,63804.89000000,63804.90000000,1.25287000,1785258899999999,79940.52000270,512,0.89951000,57393.94327970,0
1785258900000000,63804.90000000,63830.88000000,63802.00000000,63804.01000000,7.29880000,1785258959999999,465757.87966010,2609,4.51494000,288100.60496040,0
1785258960000000,63804.00000000,63804.01000000,63768.47000000,63791.83000000,5.89789000,1785259019999999,376175.17924290,2951,3.68087000,234746.12548100,0
1785259020000000,63792.00000000,63811.99000000,63743.00000000,63744.29000000,13.84474000,1785259079999999,882933.41077700,3489,3.72075000,237305.80172850,0
1785259080000000,63744.28000000,63744.29000000,63715.66000000,63732.42000000,15.29033000,1785259139999999,974382.42215610,1876,6.84328000,436065.31428340,0
1785259140000000,63732.41000000,63742.00000000,63720.00000000,63729.98000000,6.80380000,1785259199999999,433629.73252520,1782,4.61629000,294208.79290170,0
1785259200000000,63729.98000000,63826.00000000,63694.70000000,63814.28000000,20.57448000,1785259259999999,1311881.01993650,6622,14.08994000,898448.21385520,0
1785259260000000,63814.29000000,63826.00000000,63786.00000000,63794.00000000,5.16364000,1785259319999999,329484.90731440,2504,2.47698000,158054.31777920,0
1785259320000000,63793.99000000,63824.38000000,63788.46000000,63823.99000000,10.26150000,1785259379999999,654719.73473710,2351,2.84848000,181747.64559980,0
1785259380000000,63824.00000000,63834.00000000,63782.12000000,63782.13000000,8.51165000,1785259439999999,543218.81270130,2268,3.07490000,196243.46868260,0
1785259440000000,63782.12000000,63782.12000000,63750.00000000,63750.01000000,3.63075000,1785259499999999,231495.03706740,1403,1.78361000,113712.50419240,0
1785259500000000,63750.00000000,63756.00000000,63742.00000000,63756.00000000,1.66412000,1785259559999999,106088.81778630,754,1.16516000,74278.98615620,0
1785259560000000,63755.99000000,63756.00000000,63722.79000000,63732.73000000,7.48380000,1785259619999999,477010.77071700,2942,3.59627000,229205.00098000,0
1785259620000000,63732.73000000,63776.98000000,63732.73000000,63771.99000000,6.08271000,1785259679999999,387830.10391190,1827,3.06524000,195425.93731200,0
1785259680000000,63772.00000000,63774.00000000,63744.00000000,63744.01000000,1.65643000,1785259739999999,105622.89465540,1319,0.40684000,25942.23054020,0
1785259740000000,63744.01000000,63744.01000000,63736.00000000,63736.01000000,3.33564000,1785259799999999,212614.51795770,974,1.84482000,117588.33434120,0
1785259800000000,63736.01000000,63736.01000000,63685.88000000,63691.15000000,7.20042000,1785259859999999,458724.25145610,2667,1.33633000,85121.84180400,0
1785259860000000,63691.15000000,63691.16000000,63644.01000000,63644.01000000,7.53561000,1785259919999999,479782.44549840,2824,1.32647000,84457.70711160,0
1785259920000000,63644.00000000,63650.60000000,63600.00000000,63625.00000000,23.55538000,1785259979999999,1498616.73747820,3930,8.37970000,533123.79241120,0
1785259980000000,63625.00000000,63648.00000000,63598.00000000,63647.99000000,13.18640000,1785260039999999,838977.88812570,3141,8.85388000,563318.59458840,0
1785260040000000,63648.00000000,63665.71000000,63647.99000000,63650.01000000,7.07259000,1785260099999999,450214.69904210,2346,4.79654000,305321.91146900,0
1785260100000000,63650.00000000,63661.31000000,63650.00000000,63661.30000000,3.66031000,1785260159999999,233002.71249140,845,2.61427000,166413.80857130,0
1785260160000000,63661.30000000,63661.30000000,63612.00000000,63612.00000000,13.94457000,1785260219999999,887485.59710260,2849,8.74537000,556592.49496490,0
1785260220000000,63612.00000000,63612.01000000,63508.01000000,63522.73000000,57.22493000,1785260279999999,3636677.50837590,7945,13.43205000,853582.93220990,0
1785260280000000,63522.72000000,63553.62000000,63504.00000000,63544.92000000,11.81628000,1785260339999999,750639.17828920,3086,7.78412000,494491.83547430,0
1785260340000000,63544.93000000,63550.00000000,63526.72000000,63550.00000000,7.26271000,1785260399999999,461482.52225260,1678,4.61773000,293420.09705260,0
1785260400000000,63550.00000000,63591.01000000,63530.00000000,63590.98000000,22.15789000,1785260459999999,1408241.24291540,3368,18.75721000,1192065.21876710,0
1785260460000000,63589.06000000,63600.53000000,63586.00000000,63593.45000000,5.60979000,1785260519999999,356753.28016810,1350,3.74826000,238367.79074020,0
1785260520000000,63593.46000000,63612.82000000,63572.00000000,63572.00000000,8.41250000,1785260579999999,535043.21861160,2657,3.31626000,210921.88673170,0
1785260580000000,63572.01000000,63574.81000000,63545.16000000,63574.81000000,6.74468000,1785260639999999,428674.25349200,2300,4.06123000,258119.38357090,0
1785260640000000,63574.80000000,63574.81000000,63562.00000000,63564.97000000,5.49059000,1785260699999999,349012.37370390,1232,4.44195000,282350.81370130,0
1785260700000000,63564.97000000,63602.00000000,63563.33000000,63601.99000000,8.17179000,1785260759999999,519571.45211780,2234,6.63257000,421725.13785980,0
1785260760000000,63602.00000000,63620.80000000,63597.50000000,63620.79000000,10.36944000,1785260819999999,659630.20452920,2031,3.41661000,217340.03491470,0
1785260820000000,63620.79000000,63635.66000000,63620.00000000,63620.00000000,10.74520000,1785260879999999,683638.87959070,1678,2.01769000,128376.38714090,0
1785260880000000,63620.01000000,63672.58000000,63620.00000000,63672.58000000,8.70093000,1785260939999999,553782.08195040,2465,7.71243000,490879.27117380,0
1785260940000000,63672.58000000,63687.19000000,63666.21000000,63667.31000000,10.20752000,1785260999999999,649948.73108090,2249,6.57172000,418439.97565150,0
1785261000000000,63667.32000000,63667.32000000,63622.84000000,63622.84000000,9.19054000,1785261059999999,585007.10160840,4023,2.84142000,180849.95723280,0
1785261060000000,63622.85000000,63634.06000000,63618.00000000,63634.06000000,5.36734000,1785261119999999,341497.07157220,1294,4.09073000,260273.40332720,0
1785261120000000,63634.05000000,63638.00000000,63624.00000000,63624.00000000,10.81002000,1785261179999999,687858.39264970,1441,1.94521000,123784.90206860,0
1785261180000000,63624.00000000,63627.20000000,63608.00000000,63627.19000000,7.64254000,1785261239999999,486215.59137260,2435,2.54238000,161734.50820050,0
1785261240000000,63627.20000000,63650.96000000,63618.00000000,63618.00000000,5.30709000,1785261299999999,337710.95083800,1833,2.42837000,154535.09926170,0
1785261300000000,63618.00000000,63632.00000000,63612.00000000,63612.01000000,3.07281000,1785261359999999,195493.36877380,1520,1.94472000,123724.75677200,0
1785261360000000,63612.00000000,63633.47000000,63611.14000000,63633.47000000,3.95614000,1785261419999999,251672.79873590,1320,2.98514000,189904.45860920,0
1785261420000000,63633.46000000,63652.67000000,63633.46000000,63643.58000000,8.24265000,1785261479999999,524577.34027660,1421,7.85162000,499689.41930770,0
1785261480000000,63643.59000000,63649.11000000,63636.48000000,63649.11000000,3.63577000,1785261539999999,231390.90616930,1247,1.80767000,115046.32583950,0
1785261540000000,63649.11000000,63685.88000000,63649.10000000,63685.88000000,4.71129000,1785261599999999,299997.76357750,1539,3.29419000,209756.31434130,0
1785261600000000,63685.88000000,63774.00000000,63685.17000000,63764.01000000,22.11482000,1785261659999999,1409433.58065740,4612,14.69483000,936570.08331460,0
1785261660000000,63764.00000000,63795.62000000,63756.01000000,63764.38000000,15.26814000,1785261719999999,973764.32945430,3614,7.66418000,488795.08905700,0
1785261720000000,63764.37000000,63791.18000000,63764.37000000,63780.00000000,3.70310000,1785261779999999,236184.55950800,2128,1.93495000,123408.83585430,0
1785261780000000,63779.99000000,63849.09000000,63779.74000000,63810.01000000,13.46555000,1785261839999999,859327.80560650,3763,10.98777000,701170.30927240,0
1785261840000000,63810.01000000,63813.11000000,63794.00000000,63794.01000000,2.51867000,1785261899999999,160708.69905430,827,0.53903000,34389.67338130,0
1785261900000000,63794.01000000,63794.01000000,63744.94000000,63744.95000000,8.06579000,1785261959999999,514350.43535480,2889,1.75980000,112207.47669830,0
1785261960000000,63744.95000000,63766.00000000,63735.05000000,63754.01000000,3.08483000,1785262019999999,196650.94133060,2129,1.75954000,112166.90087880,0
1785262020000000,63754.01000000,63754.01000000,63732.00000000,63739.91000000,7.05642000,1785262079999999,449789.61364870,1697,4.70061000,299627.36207070,0
1785262080000000,63739.91000000,63754.00000000,63720.00000000,63720.00000000,5.66664000,1785262139999999,361171.80764510,2176,1.25627000,80071.60326860,0
1785262140000000,63720.01000000,63736.55000000,63720.00000000,63726.01000000,2.77987000,1785262199999999,177157.88590250,1181,1.37082000,87358.71080080,0
1785262200000000,63726.01000000,63753.99000000,63716.53000000,63748.01000000,4.71543000,1785262259999999,300524.27283380,1474,3.82955000,244063.78592450,0
1785262260000000,63748.01000000,63748.01000000,63728.00000000,63735.70000000,3.30923000,1785262319999999,210926.74466620,1424,1.07480000,68503.31624410,0
1785262320000000,63735.43000000,63735.43000000,63720.00000000,63725.02000000,1.70642000,1785262379999999,108738.21799500,1290,0.77755000,49546.73689270,0
1785262380000000,63725.01000000,63725.02000000,63700.00000000,63717.99000000,3.51833000,1785262439999999,224165.38357520,2255,1.06675000,67964.17232220,0
1785262440000000,63718.00000000,63718.00000000,63680.91000000,63696.00000000,3.61914000,1785262499999999,230542.82561470,1690,1.50525000,95895.93323080,0
1785262500000000,63695.99000000,63717.75000000,63687.63000000,63708.69000000,13.44637000,1785262559999999,856690.34783520,3141,2.18229000,139018.84790940,0
1785262560000000,63708.70000000,63720.58000000,63706.01000000,63720.57000000,1.74900000,1785262619999999,111432.89889030,713,1.16321000,74111.86879570,0
1785262620000000,63720.58000000,63720.58000000,63681.30000000,63694.01000000,3.40176000,1785262679999999,216703.87364620,1778,0.77778000,49539.09917300,0
1785262680000000,63694.00000000,63701.66000000,63694.00000000,63701.65000000,3.34199000,1785262739999999,212885.90366070,529,2.60804000,166134.76771470,0
1785262740000000,63701.66000000,63701.66000000,63686.09000000,63690.00000000,3.36633000,1785262799999999,214416.18529820,1341,0.84917000,54084.40533090,0
1785262800000000,63690.01000000,63710.00000000,63690.00000000,63710.00000000,2.97625000,1785262859999999,189587.12730090,1477,2.28737000,145705.59907910,0
1785262860000000,63710.00000000,63722.02000000,63705.99000000,63714.01000000,6.05122000,1785262919999999,385573.85450850,1871,1.29261000,82360.22365670,0
1785262920000000,63714.00000000,63733.08000000,63714.00000000,63723.64000000,6.12768000,1785262979999999,390475.58394520,1921,5.00260000,318779.92574570,0
1785262980000000,63723.63000000,63741.12000000,63712.00000000,63734.23000000,5.47096000,1785263039999999,348630.39589280,1795,3.86989000,246604.38264150,0
1785263040000000,63734.22000000,63734.23000000,63720.01000000,63720.01000000,2.77537000,1785263099999999,176875.14428340,934,1.76139000,112254.50181010,0
1785263100000000,63720.00000000,63720.00000000,63702.00000000,63702.00000000,2.55969000,1785263159999999,163068.65728830,1426,1.34603000,85749.76804110,0
1785263160000000,63702.00000000,63702.01000000,63684.35000000,63693.58000000,27.48209000,1785263219999999,1750327.93259200,1361,6.77574000,431535.06935310,0
1785263220000000,63693.58000000,63704.66000000,63686.00000000,63704.65000000,9.24286000,1785263279999999,588704.17408140,687,3.69523000,235353.72583080,0
1785263280000000,63704.66000000,63710.66000000,63699.55000000,63704.65000000,1.79554000,1785263339999999,114382.01848850,932,0.78698000,50132.72960840,0
1785263340000000,63704.66000000,63704.66000000,63694.89000000,63701.24000000,3.66701000,1785263399999999,233587.55340630,921,1.94141000,123663.43637420,0
1785263400000000,63701.24000000,63724.00000000,63680.01000000,63680.01000000,7.35560000,1785263459999999,468592.35701000,3754,2.39557000,152613.81760420,0
1785263460000000,63680.00000000,63682.00000000,63672.26000000,63672.27000000,1.92934000,1785263519999999,122857.93244450,634,0.95702000,60941.15586250,0
1785263520000000,63672.27000000,63700.09000000,63672.26000000,63700.09000000,3.86178000,1785263579999999,245945.16129130,1136,3.11428000,198334.41262530,0
1785263580000000,63700.08000000,63741.10000000,63700.08000000,63741.10000000,2.73344000,1785263639999999,174182.60951300,1575,2.10605000,134204.41784360,0
1785263640000000,63741.11000000,63750.00000000,63741.10000000,63746.00000000,1.56361000,1785263699999999,99673.12260220,785,1.04961000,66906.78499610,0
1785263700000000,63746.00000000,63746.01000000,63706.63000000,63715.99000000,5.71113000,1785263759999999,363984.50070260,2613,2.17676000,138729.09379880,0
1785263760000000,63716.00000000,63721.11000000,63708.00000000,63708.01000000,1.91356000,1785263819999999,121921.40750430,1013,0.70315000,44801.66581980,0
1785263820000000,63708.01000000,63750.82000000,63708.00000000,63750.82000000,5.01089000,1785263879999999,319313.79881690,1486,4.31334000,274859.25620520,0
1785263880000000,63750.82000000,63752.71000000,63734.60000000,63752.00000000,3.91425000,1785263939999999,249501.27865510,1581,2.46081000,156853.44118130,0
1785263940000000,63752.00000000,63752.00000000,63717.17000000,63722.00000000,4.93351000,1785263999999999,314393.98854420,1500,3.51960000,224275.06432060,0
1785264000000000,63721.99000000,63724.54000000,63721.99000000,63724.53000000,1.38507000,1785264059999999,88259.78400320,216,0.47961000,30561.91157820,0
1785264060000000,63724.53000000,63724.54000000,63721.99000000,63721.99000000,1.56546000,1785264119999999,99757.64693820,193,0.33920000,21615.01842640,0
1785264120000000,63722.00000000,63756.00000000,63714.00000000,63756.00000000,6.18577000,1785264179999999,394225.15023710,2257,4.38258000,279320.85064300,0
1785264180000000,63755.99000000,63774.62000000,63755.99000000,63766.00000000,3.53646000,1785264239999999,225513.95094070,1208,1.66276000,106028.54210680,0
1785264240000000,63766.01000000,63766.01000000,63759.44000000,63760.00000000,2.87283000,1785264299999999,183179.57337690,972,0.87568000,55834.92041920,0
1785264300000000,63760.00000000,63764.87000000,63744.01000000,63764.86000000,2.89365000,1785264359999999,184481.92000200,2222,2.05662000,131116.61789950,0
1785264360000000,63764.86000000,63785.40000000,63759.01000000,63785.40000000,6.98355000,1785264419999999,445299.02068340,1545,6.12165000,390340.57743240,0
1785264420000000,63785.39000000,63788.00000000,63764.00000000,63767.73000000,3.14250000,1785264479999999,200415.17617610,1334,1.37737000,87837.07662100,0
1785264480000000,63767.74000000,63796.00000000,63767.73000000,63786.51000000,9.19901000,1785264539999999,586733.53902980,2226,8.24377000,525800.48130560,0
1785264540000000,63786.51000000,63796.00000000,63780.43000000,63780.44000000,2.26388000,1785264599999999,144411.41842750,1027,0.67219000,42878.86484680,0
1785264600000000,63780.44000000,63780.44000000,63776.43000000,63776.44000000,1.53946000,1785264659999999,98186.82501480,412,1.14240000,72862.56538320,0
1785264660000000,63776.44000000,63796.00000000,63776.44000000,63786.01000000,2.16301000,1785264719999999,137971.68107510,1411,1.45680000,92923.33917380,0
1785264720000000,63786.00000000,63786.01000000,63714.15000000,63714.15000000,17.53466000,1785264779999999,1117818.84709620,2193,0.33727000,21497.37472300,0
1785264780000000,63714.16000000,63714.16000000,63714.15000000,63714.15000000,0.38615000,1785264839999999,24603.22163610,114,0.26136000,16652.33285760,0
1785264840000000,63714.15000000,63714.16000000,63702.00000000,63702.10000000,2.67305000,1785264899999999,170293.52335480,863,1.19004000,75813.62020140,0
1785264900000000,63702.11000000,63702.11000000,63694.00000000,63700.58000000,4.47848000,1785264959999999,285272.28684250,983,1.59341000,101493.20395410,0
1785264960000000,63700.58000000,63718.84000000,63700.57000000,63718.84000000,3.05562000,1785265019999999,194668.22960420,745,2.99087000,190542.78147850,0
1785265020000000,63718.84000000,63737.40000000,63718.83000000,63732.30000000,2.50314000,1785265079999999,159517.92657890,749,1.89055000,120476.22702540,0
1785265080000000,63732.29000000,63734.50000000,63728.00000000,63734.49000000,3.66413000,1785265139999999,233516.90130300,866,2.00505000,127780.17038490,0
1785265140000000,63734.50000000,63734.50000000,63734.49000000,63734.49000000,0.51341000,1785265199999999,32721.92814920,149,0.36383000,23188.52313500,0
1785265200000000,63734.49000000,63782.60000000,63734.49000000,63782.59000000,10.59991000,1785265259999999,675786.14595150,2506,10.10397000,644168.88187880,0
1785265260000000,63782.60000000,63782.60000000,63768.47000000,63775.99000000,2.67858000,1785265319999999,170833.26615360,1041,0.88338000,56333.96817450,0
1785265320000000,63776.00000000,63833.99000000,63776.00000000,63833.99000000,12.18008000,1785265379999999,777212.86476600,2420,11.87163000,757527.24595170,0
1785265380000000,63834.00000000,63844.23000000,63823.39000000,63838.00000000,7.02195000,1785265439999999,448266.68983520,2881,1.69055000,107914.94946070,0
1785265440000000,63838.00000000,63838.01000000,63815.05000000,63824.01000000,8.03401000,1785265499999999,512773.96340210,1555,3.99793000,255145.20164910,0
1785265500000000,63824.00000000,63856.70000000,63814.21000000,63856.70000000,6.34692000,1785265559999999,405152.66225620,2585,5.34954000,341500.32055270,0
1785265560000000,63856.70000000,63860.00000000,63800.34000000,63800.35000000,8.14126000,1785265619999999,519760.06547340,2468,1.03759000,66237.39188340,0
1785265620000000,63800.34000000,63806.00000000,63794.00000000,63794.01000000,1.54531000,1785265679999999,98596.27273080,910,0.61504000,39241.26233890,0
1785265680000000,63794.00000000,63794.01000000,63748.52000000,63748.52000000,5.46718000,1785265739999999,348719.19782610,1736,1.35810000,86631.49294310,0
1785265740000000,63748.52000000,63782.00000000,63748.52000000,63782.00000000,4.62661000,1785265799999999,295001.20442330,1183,4.51762000,288049.67578960,0
1785265800000000,63781.99000000,63786.97000000,63778.01000000,63778.01000000,2.10721000,1785265859999999,134405.23764220,607,1.38075000,88069.24908140,0
1785265860000000,63778.00000000,63783.57000000,63769.26000000,63783.56000000,4.30235000,1785265919999999,274376.06148400,1534,3.05681000,194943.92168530,0
1785265920000000,63783.57000000,63783.57000000,63776.00000000,63776.00000000,3.13342000,1785265979999999,199858.62271470,543,0.79593000,50767.25031930,0
1785265980000000,63776.01000000,63776.01000000,63760.00000000,63760.00000000,1.89301000,1785266039999999,120714.76422340,802,0.18119000,11554.33599330,0
1785266040000000,63760.00000000,63761.87000000,63760.00000000,63761.86000000,0.71951000,1785266099999999,45876.83820460,243,0.60112000,38328.07390560,0
1785266100000000,63761.87000000,63761.87000000,63740.80000000,63740.80000000,2.02991000,1785266159999999,129422.79274760,1059,0.87590000,55848.48202660,0
1785266160000000,63740.81000000,63753.50000000,63732.94000000,63732.94000000,5.51068000,1785266219999999,351276.84921500,1256,2.87002000,182952.98994430,0
1785266220000000,63732.95000000,63750.59000000,63732.94000000,63737.96000000,7.10396000,1785266279999999,452806.52054160,1672,5.65937000,360727.07691110,0
1785266280000000,63737.96000000,63737.96000000,63724.00000000,63736.01000000,2.82403000,1785266339999999,179980.47177210,1150,1.49560000,95318.58286230,0
1785266340000000,63736.01000000,63744.36000000,63730.00000000,63737.70000000,3.46266000,1785266399999999,220700.47964020,1451,2.09777000,133700.46034750,0
1785266400000000,63737.71000000,63747.10000000,63728.00000000,63747.10000000,3.55430000,1785266459999999,226541.23347940,1458,2.05383000,130907.85487120,0
1785266460000000,63747.09000000,63748.83000000,63736.04000000,63743.73000000,3.07526000,1785266519999999,196019.49120290,1321,1.33835000,85305.05858350,0
1785266520000000,63743.72000000,63754.86000000,63743.72000000,63754.85000000,1.90334000,1785266579999999,121336.33392680,629,1.73815000,110804.92077850,0
1785266580000000,63754.86000000,63800.00000000,63754.86000000,63767.98000000,5.00105000,1785266639999999,318968.21963000,2584,2.67527000,170620.04422450,0
1785266640000000,63767.98000000,63767.98000000,63764.00000000,63765.68000000,2.93015000,1785266699999999,186838.86800550,467,2.46863000,157410.32104230,0
1785266700000000,63765.67000000,63765.68000000,63740.00000000,63745.20000000,5.12693000,1785266759999999,326868.44912930,1825,1.24926000,79634.94498930,0
1785266760000000,63745.20000000,63753.53000000,63740.00000000,63740.01000000,1.67125000,1785266819999999,106541.06850680,918,1.33901000,85360.89009320,0
1785266820000000,63740.00000000,63748.58000000,63731.61000000,63748.58000000,2.47650000,1785266879999999,157843.74709020,1313,1.46362000,93286.71677770,0
1785266880000000,63748.58000000,63761.26000000,63748.57000000,63761.26000000,3.57971000,1785266939999999,228242.73402440,644,3.52655000,224853.32780840,0
1785266940000000,63761.25000000,63761.26000000,63754.00000000,63754.00000000,1.90987000,1785266999999999,121768.16270100,530,0.70621000,45024.09536960,0
1785267000000000,63754.01000000,63873.55000000,63754.01000000,63859.06000000,26.17867000,1785267059999999,1671349.25698550,6363,10.45607000,667444.38671790,0
1785267060000000,63859.07000000,63862.42000000,63818.80000000,63818.81000000,5.26941000,1785267119999999,336442.59778140,3131,1.66625000,106390.95210600,0
1785267120000000,63818.81000000,63820.26000000,63810.00000000,63810.73000000,2.43090000,1785267179999999,155129.66883190,1120,0.68664000,43818.90184410,0
1785267180000000,63810.73000000,63832.73000000,63810.73000000,63826.01000000,3.43104000,1785267239999999,218977.72680600,1289,1.49781000,95590.06048490,0
1785267240000000,63826.01000000,63831.01000000,63822.32000000,63831.01000000,1.54898000,1785267299999999,98866.73953400,752,0.47241000,30152.40958970,0
1785267300000000,63831.00000000,63850.94000000,63812.31000000,63821.70000000,9.35555000,1785267359999999,597118.91696390,3025,5.87094000,374685.51691730,0
1785267360000000,63821.70000000,63824.09000000,63788.00000000,63811.88000000,3.33032000,1785267419999999,212493.38734570,2475,0.63781000,40694.00218470,0
1785267420000000,63811.88000000,63814.00000000,63806.00000000,63814.00000000,5.24824000,1785267479999999,334877.72002570,686,4.41101000,281452.33733890,0
1785267480000000,63814.00000000,63814.00000000,63798.01000000,63800.00000000,3.02632000,1785267539999999,193093.55671980,1299,0.91767000,58548.23975720,0
1785267540000000,63800.00000000,63800.01000000,63768.47000000,63770.75000000,4.19312000,1785267599999999,267430.40052900,1628,1.23603000,78820.19114820,0
1785267600000000,63770.76000000,63776.00000000,63768.47000000,63775.99000000,1.68147000,1785267659999999,107230.57222540,517,1.09288000,69695.54150060,0
1785267660000000,63775.99000000,63775.99000000,63752.67000000,63753.19000000,3.78371000,1785267719999999,241257.48978810,1363,0.82537000,52619.69095210,0
1785267720000000,63753.19000000,63764.20000000,63744.01000000,63744.02000000,5.45729000,1785267779999999,347944.95818370,1720,0.90120000,57456.36788960,0
1785267780000000,63744.02000000,63744.02000000,63711.04000000,63711.04000000,3.01238000,1785267839999999,191982.59530230,1593,0.22176000,14130.93749570,0
1785267840000000,63711.04000000,63711.05000000,63688.42000000,63697.99000000,3.40946000,1785267899999999,217167.67309630,1654,0.89622000,57084.31484500,0
1785267900000000,63698.00000000,63708.00000000,63690.00000000,63691.99000000,3.77175000,1785267959999999,240249.75781150,1578,1.79900000,114588.75293600,0
1785267960000000,63691.99000000,63706.83000000,63675.93000000,63706.82000000,6.14454000,1785268019999999,391342.75560600,2053,2.65446000,169064.70335880,0
1785268020000000,63706.83000000,63733.79000000,63706.83000000,63726.14000000,4.60430000,1785268079999999,293416.57071540,1762,1.75017000,111520.37205230,0
1785268080000000,63726.15000000,63736.00000000,63726.14000000,63736.00000000,1.85014000,1785268139999999,117908.83620360,504,1.09254000,69624.97540910,0
1785268140000000,63735.99000000,63736.00000000,63726.14000000,63730.00000000,4.13303000,1785268199999999,263386.11711400,873,3.33786000,212710.07812240,0
1785268200000000,63729.99000000,63746.00000000,63720.01000000,63745.99000000,5.81600000,1785268259999999,370678.27829590,2129,3.93749000,250947.79156540,0
1785268260000000,63745.99000000,63772.00000000,63745.99000000,63762.01000000,1.91780000,1785268319999999,122287.91244920,1538,0.70939000,45232.29394560,0
1785268320000000,63762.01000000,63773.70000000,63749.23000000,63773.70000000,23.97879000,1785268379999999,1528807.40877530,1291,2.31085000,147336.46578470,0
1785268380000000,63773.69000000,63807.44000000,63773.69000000,63807.43000000,4.81936000,1785268439999999,307423.48015660,1340,4.65264000,296788.10802410,0
1785268440000000,63807.44000000,63831.03000000,63804.87000000,63831.03000000,6.21327000,1785268499999999,396542.36805210,1945,2.67790000,170907.78309840,0
1785268500000000,63831.03000000,63838.00000000,63810.05000000,63837.99000000,22.80421000,1785268559999999,1455594.79417140,1796,6.92041000,441748.97420680,0
1785268560000000,63838.00000000,63857.14000000,63835.39000000,63857.13000000,6.20973000,1785268619999999,396453.06442930,1588,4.02586000,257027.09548090,0
1785268620000000,63857.14000000,63870.96000000,63857.13000000,63870.95000000,2.94371000,1785268679999999,187997.41738190,813,2.84087000,181429.78073050,0
1785268680000000,63870.95000000,63870.96000000,63858.00000000,63861.99000000,6.96126000,1785268739999999,444546.46842520,1083,4.62027000,295044.57421340,0
1785268740000000,63862.00000000,63904.00000000,63862.00000000,63904.00000000,18.78843000,1785268799999999,1200243.02432460,2529,14.33812000,915965.49286660,0
1785268800000000,63904.00000000,63978.62000000,63902.26000000,63945.47000000,74.75580000,1785268859999999,4779082.31139880,5836,62.62758000,4003538.19129480,0
1785268860000000,63945.47000000,63952.28000000,63911.43000000,63918.01000000,3.87444000,1785268919999999,247703.34629130,2566,1.31830000,84278.07780840,0
1785268920000000,63918.01000000,63918.01000000,63882.01000000,63882.01000000,2.66847000,1785268979999999,170508.63610380,1074,0.33448000,21370.03707900,0
1785268980000000,63882.00000000,63939.94000000,63880.00000000,63932.01000000,28.64928000,1785269039999999,1830675.02050750,2233,26.30418000,1680736.91681380,0
1785269040000000,63932.00000000,63968.00000000,63920.38000000,63962.00000000,4.48584000,1785269099999999,286837.60407590,2103,3.72327000,238065.77498660,0
1785269100000000,63962.01000000,63989.83000000,63936.00000000,63936.01000000,21.99463000,1785269159999999,1407080.59222700,2854,16.79703000,1074553.39731840,0
1785269160000000,63936.00000000,63936.00000000,63894.27000000,63905.99000000,4.29769000,1785269219999999,274636.75714750,1922,2.16972000,138645.85299560,0
1785269220000000,63906.00000000,63926.97000000,63905.99000000,63916.01000000,2.98457000,1785269279999999,190762.89558170,1424,1.17519000,75108.86811590,0
1785269280000000,63916.00000000,63923.27000000,63904.57000000,63911.89000000,3.49350000,1785269339999999,223280.37739420,1978,1.33541000,85345.85321180,0
1785269340000000,63911.90000000,63952.00000000,63911.90000000,63952.00000000,2.75471000,1785269399999999,176104.23554920,1241,2.27167000,145217.52200620,0
1785269400000000,63952.00000000,63952.00000000,63922.16000000,63927.88000000,4.16124000,1785269459999999,266067.11486650,1332,0.34467000,22033.98008320,0
1785269460000000,63927.88000000,63948.00000000,63927.88000000,63947.99000000,0.78146000,1785269519999999,49964.19957760,893,0.75861000,48503.22868740,0
1785269520000000,63948.00000000,63956.00000000,63947.99000000,63955.99000000,3.69186000,1785269579999999,236090.97459640,667,3.46207000,221395.12087500,0
1785269580000000,63956.00000000,63978.00000000,63956.00000000,63977.99000000,1.33042000,1785269639999999,85105.66312450,1032,1.18131000,75566.58700540,0
1785269640000000,63978.00000000,63994.48000000,63977.99000000,63989.71000000,4.45414000,1785269699999999,284999.60017840,1296,2.03963000,130513.09713090,0
1785269700000000,63989.70000000,63999.00000000,63982.02000000,63999.00000000,2.24158000,1785269759999999,143437.88233420,1429,1.23935000,79307.39693410,0
1785269760000000,63998.99000000,64018.39000000,63998.99000000,64015.81000000,6.91252000,1785269819999999,442441.73817440,1965,5.85572000,374797.21163090,0
1785269820000000,64015.81000000,64015.81000000,63988.80000000,63988.90000000,2.11412000,1785269879999999,135302.40867710,863,0.12806000,8195.56956680,0
1785269880000000,63988.91000000,63998.16000000,63975.43000000,63998.16000000,5.38853000,1785269939999999,344782.06875040,1778,1.94492000,124450.56358010,0
1785269940000000,63998.17000000,63999.05000000,63990.00000000,63990.00000000,1.24878000,1785269999999999,79915.48295650,711,0.27165000,17384.79348540,0
1785270000000000,63990.01000000,63990.01000000,63973.99000000,63973.99000000,2.90134000,1785270059999999,185639.44780000,858,1.72630000,110461.99952640,0
1785270060000000,63973.99000000,63974.00000000,63922.00000000,63925.81000000,6.64184000,1785270119999999,424724.07284330,1798,1.36083000,87009.87599130,0
1785270120000000,63925.80000000,63950.00000000,63925.80000000,63945.44000000,5.66133000,1785270179999999,362014.14598470,1671,2.41379000,154337.53382140,0
1785270180000000,63945.43000000,63945.44000000,63940.01000000,63940.01000000,0.77212000,1785270239999999,49373.36414330,283,0.21860000,13978.47188080,0
1785270240000000,63940.00000000,63940.00000000,63922.80000000,63922.80000000,2.21133000,1785270299999999,141365.31651760,1014,0.35239000,22527.23605740,0
1785270300000000,63922.80000000,63935.64000000,63922.80000000,63935.64000000,3.50566000,1785270359999999,224103.79677500,1029,2.51182000,160570.69680260,0
1785270360000000,63935.64000000,63944.28000000,63925.09000000,63925.09000000,3.77492000,1785270419999999,241362.39021740,1401,1.70641000,109105.54971310,0
1785270420000000,63925.09000000,63925.10000000,63912.84000000,63925.10000000,4.90074000,1785270479999999,313251.74996870,1212,2.51693000,160875.78270130,0
1785270480000000,63925.09000000,63925.10000000,63904.22000000,63906.06000000,3.20179000,1785270539999999,204637.51084890,875,0.19873000,12701.08834260,0
1785270540000000,63906.05000000,63916.65000000,63898.11000000,63902.86000000,5.72767000,1785270599999999,366031.89749070,1236,1.04731000,66931.64976210,0
1785270600000000,63902.87000000,63902.87000000,63902.86000000,63902.86000000,3.06877000,1785270659999999,196103.18109750,209,0.14153000,9044.17319110,0
1785270660000000,63902.86000000,63908.79000000,63894.00000000,63908.79000000,4.05983000,1785270719999999,259423.80169140,1100,2.74640000,175495.43110990,0
1785270720000000,63908.79000000,63921.16000000,63908.78000000,63921.16000000,1.67477000,1785270779999999,107045.38412470,522,1.43789000,91904.36272900,0
1785270780000000,63921.15000000,63921.16000000,63905.00000000,63908.95000000,2.78506000,1785270839999999,177996.02254630,1239,1.30489000,83391.79576620,0
1785270840000000,63908.96000000,63920.21000000,63904.92000000,63904.93000000,1.89307000,1785270899999999,120991.90492960,1111,0.76390000,48822.28253760,0
1785270900000000,63904.92000000,63939.03000000,63904.92000000,63937.52000000,4.98725000,1785270959999999,318805.71156120,1675,3.53487000,225948.87563120,0
1785270960000000,63937.52000000,63937.53000000,63937.52000000,63937.52000000,1.37292000,1785271019999999,87781.10590540,183,0.59470000,38023.64909100,0
1785271020000000,63937.53000000,63937.53000000,63882.32000000,63915.15000000,11.65037000,1785271079999999,744468.31979490,2282,3.73750000,238820.74918860,0
1785271080000000,63915.16000000,63915.16000000,63885.08000000,63891.64000000,3.87276000,1785271139999999,247448.79935500,1975,1.76747000,112925.32139720,0
1785271140000000,63891.64000000,63891.65000000,63881.68000000,63881.69000000,5.92960000,1785271199999999,378819.60869850,750,0.34953000,22330.42650870,0
1785271200000000,63881.68000000,63888.04000000,63881.68000000,63888.03000000,1.86394000,1785271259999999,119076.06184940,367,1.48188000,94668.90758750,0
1785271260000000,63888.03000000,63911.00000000,63888.03000000,63910.99000000,4.40292000,1785271319999999,281330.29621330,1774,2.08804000,133420.96803640,0
1785271320000000,63910.99000000,63936.80000000,63910.99000000,63936.80000000,2.81627000,1785271379999999,180025.32406760,1183,2.37868000,152049.57484080,0
1785271380000000,63936.80000000,63937.53000000,63930.00000000,63930.01000000,1.29638000,1785271439999999,82883.52106670,422,0.19123000,12226.30888190,0
1785271440000000,63930.00000000,63930.01000000,63930.00000000,63930.01000000,0.51349000,1785271499999999,32827.41629150,105,0.05915000,3781.46009150,0
1785271500000000,63930.01000000,63934.00000000,63930.01000000,63930.02000000,1.83463000,1785271559999999,117291.55301600,771,1.03623000,66247.21339810,0
1785271560000000,63930.01000000,63930.02000000,63923.37000000,63923.37000000,1.24911000,1785271619999999,79854.63321140,554,0.19057000,12183.12487070,0
1785271620000000,63923.36000000,63923.36000000,63901.42000000,63904.00000000,3.22629000,1785271679999999,206189.88166200,1152,0.77257000,49370.01442120,0
1785271680000000,63904.00000000,63939.03000000,63903.99000000,63939.02000000,2.87041000,1785271739999999,183465.77587790,1828,2.31154000,147738.88489600,0
1785271740000000,63939.03000000,63942.97000000,63939.02000000,63942.97000000,1.42404000,1785271799999999,91055.68311760,471,1.17399000,75067.50117770,0
1785271800000000,63942.97000000,63942.97000000,63914.00000000,63914.00000000,2.44589000,1785271859999999,156373.71658830,1210,0.11486000,7343.65755200,0
1785271860000000,63914.00000000,63918.98000000,63914.00000000,63918.98000000,1.32275000,1785271919999999,84542.42357440,461,1.00614000,64306.60378420,0
1785271920000000,63918.98000000,63924.00000000,63918.97000000,63923.99000000,0.60392000,1785271979999999,38603.58093800,309,0.43119000,27562.14737440,0
1785271980000000,63924.00000000,63934.00000000,63912.99000000,63917.99000000,2.09836000,1785272039999999,134144.31453780,1598,1.04529000,66823.66614730,0
1785272040000000,63918.00000000,63926.00000000,63917.99000000,63926.00000000,1.39501000,1785272099999999,89174.32348650,439,1.26771000,81036.69218360,0
1785272100000000,63926.00000000,63933.88000000,63925.06000000,63932.92000000,2.73778000,1785272159999999,175023.77456460,990,1.47474000,94278.34978700,0
1785272160000000,63932.93000000,63932.93000000,63932.92000000,63932.93000000,0.31749000,1785272219999999,20298.06468070,65,0.19099000,12210.55030070,0
1785272220000000,63932.92000000,63932.93000000,63932.92000000,63932.93000000,0.62614000,1785272279999999,40030.96378340,91,0.52546000,33594.19739780,0
1785272280000000,63932.93000000,63932.93000000,63916.24000000,63916.24000000,3.22136000,1785272339999999,205910.48305610,896,1.44524000,92374.53290160,0
1785272340000000,63916.24000000,63917.56000000,63916.24000000,63917.55000000,1.07829000,1785272399999999,68920.72180310,282,0.77735000,49685.38502190,0
1785272400000000,63917.55000000,63948.00000000,63917.55000000,63948.00000000,2.55331000,1785272459999999,163241.61366170,1295,1.64995000,105478.61236930,0
1785272460000000,63948.00000000,63948.00000000,63934.01000000,63934.01000000,0.77680000,1785272519999999,49671.66798020,806,0.10793000,6901.53793720,0
1785272520000000,63934.00000000,63948.01000000,63914.01000000,63948.00000000,6.19316000,1785272579999999,395936.81805110,2154,4.92897000,315116.42851000,0
1785272580000000,63948.00000000,63960.00000000,63948.00000000,63959.99000000,1.05087000,1785272639999999,67207.19446450,954,0.93463000,59772.71880850,0
1785272640000000,63960.00000000,63976.00000000,63960.00000000,63976.00000000,0.93730000,1785272699999999,59957.44240970,1091,0.82324000,52661.43772240,0
1785272700000000,63976.00000000,63994.29000000,63976.00000000,63985.52000000,3.80050000,1785272759999999,243195.09677230,1300,1.34887000,86310.72849830,0
1785272760000000,63985.52000000,63985.53000000,63944.01000000,63944.01000000,8.49328000,1785272819999999,543245.44907020,2146,0.58442000,37374.20901150,0
1785272820000000,63944.00000000,63944.00000000,63930.01000000,63937.99000000,3.92358000,1785272879999999,250847.91155040,875,2.30371000,147277.04724480,0
1785272880000000,63937.99000000,63938.00000000,63920.49000000,63931.99000000,2.63355000,1785272939999999,168359.42520900,1427,1.19528000,76409.16961200,0
1785272940000000,63932.00000000,63942.00000000,63931.99000000,63942.00000000,0.62902000,1785272999999999,40218.57266150,482,0.47620000,30447.28454560,0
1785273000000000,63941.99000000,63941.99000000,63938.75000000,63938.75000000,0.76829000,1785273059999999,49124.43198690,285,0.07682000,4911.77620960,0
1785273060000000,63938.76000000,63941.49000000,63938.75000000,63941.48000000,0.50483000,1785273119999999,32278.36513620,296,0.29841000,19080.10048790,0
1785273120000000,63941.49000000,63962.87000000,63941.48000000,63962.86000000,2.42952000,1785273179999999,155367.04023850,1425,2.35511000,150608.43622850,0
1785273180000000,63962.87000000,63991.64000000,63938.73000000,63941.41000000,9.64712000,1785273239999999,617034.49487660,2588,4.39719000,281234.65204470,0
1785273240000000,63941.42000000,63941.42000000,63924.00000000,63924.00000000,1.95848000,1785273299999999,125209.42158990,675,0.28483000,18209.76458850,0
1785273300000000,63924.01000000,63924.01000000,63922.00000000,63922.00000000,0.71590000,1785273359999999,45762.91446960,243,0.33639000,21503.20223940,0
1785273360000000,63922.00000000,63922.01000000,63914.13000000,63914.13000000,2.34295000,1785273419999999,149763.22498850,490,0.16098000,10289.56597510,0
1785273420000000,63914.13000000,63914.14000000,63914.13000000,63914.13000000,0.35757000,1785273479999999,22853.77673780,104,0.12737000,8140.74401180,0
1785273480000000,63914.13000000,63924.00000000,63914.13000000,63923.99000000,5.21590000,1785273539999999,333373.00502340,483,4.99637000,319341.59856700,0
1785273540000000,63923.99000000,63928.00000000,63921.58000000,63921.58000000,2.46859000,1785273599999999,157810.13917250,715,0.18475000,11810.15349850,0
1785273600000000,63921.59000000,63921.59000000,63918.37000000,63918.37000000,1.10004000,1785273659999999,70313.92761390,440,0.09159000,5854.43215100,0
1785273660000000,63918.37000000,63918.38000000,63918.37000000,63918.37000000,0.87684000,1785273719999999,56046.18428850,163,0.07377000,4715.25889260,0
1785273720000000,63918.37000000,63918.38000000,63896.00000000,63896.00000000,2.13958000,1785273779999999,136740.57418630,1200,0.08209000,5246.52798370,0
1785273780000000,63896.01000000,63904.00000000,63892.00000000,63903.99000000,2.67417000,1785273839999999,170869.70842980,931,1.88842000,120662.49394640,0
1785273840000000,63904.00000000,63910.00000000,63903.99000000,63909.99000000,0.69597000,1785273899999999,44477.96630670,402,0.41858000,26750.35391660,0
1785273900000000,63909.99000000,63917.10000000,63902.75000000,63917.00000000,5.62313000,1785273959999999,359363.31530180,1070,2.88494000,184365.88484160,0
1785273960000000,63916.99000000,63919.87000000,63908.00000000,63908.00000000,2.26425000,1785274019999999,144722.01397680,874,0.67459000,43117.06400200,0
1785274020000000,63908.01000000,63916.00000000,63908.00000000,63916.00000000,1.68697000,1785274079999999,107816.96824690,587,1.36648000,87334.06224750,0
1785274080000000,63916.00000000,63916.00000000,63915.99000000,63916.00000000,0.58341000,1785274139999999,37289.22998460,158,0.22587000,14436.70692000,0
1785274140000000,63916.00000000,63920.00000000,63915.99000000,63920.00000000,0.51486000,1785274199999999,32908.11226340,264,0.22441000,14343.56432790,0
1785274200000000,63920.00000000,63920.00000000,63910.00000000,63910.01000000,1.83168000,1785274259999999,117077.85477900,497,0.42176000,26957.26236040,0
1785274260000000,63910.01000000,63910.01000000,63907.93000000,63907.93000000,0.65936000,1785274319999999,42139.27014970,188,0.27985000,17885.14523540,0
1785274320000000,63907.94000000,63907.94000000,63907.93000000,63907.93000000,0.46202000,1785274379999999,29526.74323050,122,0.14119000,9023.16204860,0
1785274380000000,63907.94000000,63907.94000000,63907.93000000,63907.94000000,0.17081000,1785274439999999,10916.11426550,75,0.07422000,4743.24730680,0
1785274440000000,63907.94000000,63920.00000000,63904.00000000,63920.00000000,2.51401000,1785274499999999,160672.27086750,843,2.04019000,130390.40771670,0
1785274500000000,63920.00000000,64016.99000000,63919.99000000,64016.99000000,16.67274000,1785274559999999,1066606.82310860,3781,13.99510000,895270.70364310,0
1785274560000000,64016.99000000,64052.00000000,64002.01000000,64006.10000000,16.94663000,1785274619999999,1084921.37837340,3718,13.37650000,856323.66424410,0
1785274620000000,64006.11000000,64012.00000000,63986.00000000,63986.00000000,2.56924000,1785274679999999,164450.05449490,1356,0.28463000,18217.49983870,0
1785274680000000,63986.00000000,63998.69000000,63979.20000000,63993.32000000,3.68986000,1785274739999999,236122.61817790,1215,2.16831000,138751.29161340,0
1785274740000000,63993.32000000,64003.73000000,63989.24000000,64003.72000000,4.17689000,1785274799999999,267289.36595020,1029,1.50949000,96596.49334410,0
1785274800000000,64003.73000000,64009.20000000,64000.00000000,64000.00000000,2.38267000,1785274859999999,152503.55217740,826,0.74363000,47595.16601750,0
1785274860000000,64000.00000000,64031.21000000,64000.00000000,64025.26000000,11.07070000,1785274919999999,708657.91439230,2277,8.67481000,555269.11325290,0
1785274920000000,64025.25000000,64025.26000000,64009.76000000,64022.61000000,10.65890000,1785274979999999,682340.21758350,1395,7.42071000,475023.39383500,0
1785274980000000,64022.62000000,64033.49000000,64004.10000000,64032.56000000,13.42405000,1785275039999999,859405.69851530,3328,9.21447000,589884.51903460,0
1785275040000000,64032.56000000,64042.89000000,64032.55000000,64042.89000000,2.76304000,1785275099999999,176948.42353580,479,2.56728000,164412.04055750,0
1785275100000000,64042.89000000,64073.30000000,64034.01000000,64049.99000000,13.58903000,1785275159999999,870435.55834260,3147,10.22696000,655054.25038650,0
1785275160000000,64050.00000000,64069.32000000,64028.49000000,64036.10000000,5.80299000,1785275219999999,371702.30358530,2157,2.34109000,149926.57705750,0
1785275220000000,64036.10000000,64045.41000000,64018.90000000,64028.17000000,3.18081000,1785275279999999,203675.55131040,1860,0.84798000,54296.41765480,0
1785275280000000,64028.18000000,64035.36000000,64014.85000000,64014.85000000,3.36060000,1785275339999999,215181.83608520,1260,1.14316000,73192.40322060,0
1785275340000000,64014.84000000,64034.00000000,64012.92000000,64030.00000000,1.35639000,1785275399999999,86843.57740590,1172,0.78873000,50496.30029270,0
1785275400000000,64030.01000000,64038.98000000,64018.00000000,64038.98000000,3.94236000,1785275459999999,252406.77831930,1258,2.42834000,155465.60260760,0
1785275460000000,64038.97000000,64038.98000000,64014.07000000,64029.25000000,3.04672000,1785275519999999,195061.56632550,1643,1.40628000,90028.06157340,0
1785275520000000,64029.26000000,64029.26000000,64014.25000000,64014.25000000,2.13276000,1785275579999999,136543.67618660,650,0.15633000,10007.94744500,0
1785275580000000,64014.26000000,64017.34000000,64002.30000000,64017.34000000,4.36844000,1785275639999999,279619.26602470,1285,1.19455000,76464.23964720,0
1785275640000000,64017.33000000,64018.00000000,64000.00000000,64018.00000000,4.31171000,1785275699999999,275984.56765280,1700,2.41427000,154523.12916690,0
1785275700000000,64017.99000000,64018.00000000,64017.99000000,64017.99000000,0.48741000,1785275759999999,31203.01031670,87,0.18108000,11592.37944000,0
1785275760000000,64017.99000000,64018.00000000,64014.00000000,64014.01000000,0.73530000,1785275819999999,47071.23671580,306,0.07964000,5098.21624430,0
1785275820000000,64014.00000000,64014.01000000,64014.00000000,64014.00000000,0.68779000,1785275879999999,44028.19311080,108,0.40508000,25930.79517080,0
1785275880000000,64014.00000000,64032.00000000,64014.00000000,64018.01000000,4.82569000,1785275939999999,308953.34091500,1271,2.67107000,170999.16845350,0
1785275940000000,64018.00000000,64018.00000000,63969.45000000,63972.44000000,9.85829000,1785275999999999,630755.56984540,1773,2.69080000,172140.88337910,0
1785276000000000,63972.44000000,63991.17000000,63920.00000000,63920.01000000,8.39817000,1785276059999999,537121.99568950,3549,3.04827000,194989.13699120,0
1785276060000000,63920.01000000,63939.32000000,63906.50000000,63908.55000000,10.72303000,1785276119999999,685438.09215960,2264,4.63671000,296401.51003580,0
1785276120000000,63908.55000000,63968.46000000,63908.54000000,63968.46000000,8.43961000,1785276179999999,539593.38116760,2804,7.30502000,467052.00050070,0
1785276180000000,63968.46000000,63992.85000000,63956.00000000,63992.00000000,6.26220000,1785276239999999,400652.06764530,2381,2.38258000,152433.61670580,0
1785276240000000,63991.99000000,64006.84000000,63986.00000000,64006.83000000,2.98547000,1785276299999999,191054.07554390,1077,2.29155000,146645.42536140,0
1785276300000000,64006.83000000,64013.81000000,64006.83000000,64013.80000000,1.77053000,1785276359999999,113334.13134380,494,1.22586000,78467.84833710,0
1785276360000000,64013.80000000,64013.80000000,63986.00000000,63996.01000000,8.63702000,1785276419999999,552792.28595710,1937,1.23585000,79085.32055950,0
1785276420000000,63996.00000000,64020.76000000,63996.00000000,64013.60000000,8.32108000,1785276479999999,532669.80031400,1788,2.14561000,137335.17936890,0
1785276480000000,64013.40000000,64016.75000000,64008.00000000,64016.75000000,1.80702000,1785276539999999,115672.13437700,737,1.31208000,83991.40487960,0
1785276540000000,64016.75000000,64016.75000000,63978.61000000,63978.61000000,2.84151000,1785276599999999,181857.50385640,1478,0.30523000,19537.47715510,0
1785276600000000,63978.62000000,63978.62000000,63954.00000000,63954.01000000,2.17832000,1785276659999999,139349.71262980,908,0.87870000,56214.65194050,0
1785276660000000,63954.01000000,64006.58000000,63954.01000000,64006.57000000,7.59694000,1785276719999999,486135.67035760,1997,4.69213000,300219.31860680,0
1785276720000000,64006.57000000,64008.00000000,63994.00000000,64008.00000000,2.69970000,1785276779999999,172790.77619040,1135,1.27218000,81422.29532990,0
1785276780000000,64007.99000000,64008.00000000,63974.99000000,63974.99000000,2.24914000,1785276839999999,143928.58116270,1340,0.36781000,23534.82938270,0
1785276840000000,63974.98000000,63991.18000000,63966.78000000,63991.17000000,3.07000000,1785276899999999,196410.56090570,1626,1.85119000,118435.68226540,0
1785276900000000,63991.18000000,64020.76000000,63991.17000000,64019.58000000,4.53909000,1785276959999999,290559.46335850,2116,3.93868000,252124.52537430,0
1785276960000000,64019.59000000,64020.00000000,64007.25000000,64018.00000000,5.80227000,1785277019999999,371418.74913210,1142,4.18170000,267679.56987840,0
1785277020000000,64018.00000000,64018.00000000,63990.00000000,64000.00000000,5.88581000,1785277079999999,376699.68201780,1927,3.55788000,227697.42029190,0
1785277080000000,64000.00000000,64000.00000000,63962.00000000,63987.23000000,6.53046000,1785277139999999,417819.84464620,3588,3.31502000,212079.45127820,0
1785277140000000,63987.23000000,63992.00000000,63982.00000000,63982.00000000,3.56650000,1785277199999999,228215.68965270,1335,1.03355000,66135.28949890,0
1785277200000000,63982.01000000,63982.01000000,63967.03000000,63972.00000000,1.33084000,1785277259999999,85140.23038880,766,0.45658000,29207.52348920,0
1785277260000000,63972.00000000,63989.99000000,63971.99000000,63989.99000000,1.78395000,1785277319999999,114139.75625500,782,1.48416000,94956.64797480,0
1785277320000000,63989.99000000,63997.57000000,63989.99000000,63990.19000000,2.34878000,1785277379999999,150307.41957410,923,1.38918000,88897.65871140,0
1785277380000000,63990.19000000,63990.20000000,63970.01000000,63976.80000000,2.55014000,1785277439999999,163155.49157580,1467,1.42642000,91258.37350350,0
1785277440000000,63976.80000000,63976.81000000,63950.00000000,63950.97000000,4.57579000,1785277499999999,292674.59415750,1450,1.83604000,117423.78578270,0
1785277500000000,63950.98000000,63953.04000000,63932.01000000,63937.91000000,2.27002000,1785277559999999,145158.67087470,1407,0.84805000,54228.04670600,0
1785277560000000,63937.92000000,63937.92000000,63932.01000000,63936.62000000,1.56660000,1785277619999999,100158.26972690,797,1.34044000,85698.36461860,0
1785277620000000,63936.61000000,63936.62000000,63932.01000000,63932.01000000,1.47143000,1785277679999999,94074.20352960,333,0.67335000,43048.66081100,0
1785277680000000,63932.02000000,63932.02000000,63919.92000000,63919.93000000,2.55632000,1785277739999999,163409.78035760,536,0.11314000,7232.57212610,0
1785277740000000,63919.92000000,63919.93000000,63918.00000000,63918.01000000,0.88121000,1785277799999999,56325.75855770,235,0.09463000,6048.56147830,0
1785277800000000,63918.00000000,63918.00000000,63883.00000000,63883.01000000,18.06675000,1785277859999999,1154476.21111780,1895,1.08694000,69449.26742420,0
1785277860000000,63883.00000000,63913.92000000,63883.00000000,63896.26000000,6.16907000,1785277919999999,394218.17160580,2871,4.17988000,267092.29634090,0
1785277920000000,63896.26000000,63896.90000000,63862.39000000,63882.99000000,8.70397000,1785277979999999,555979.93394800,2074,4.50963000,288043.30173970,0
1785277980000000,63883.00000000,63883.00000000,63864.00000000,63864.01000000,3.91717000,1785278039999999,250192.95951540,879,1.32129000,84387.06888800,0
1785278040000000,63864.01000000,63886.98000000,63864.00000000,63873.54000000,5.54680000,1785278099999999,354288.95182280,1410,3.34536000,213666.62000530,0
1785278100000000,63873.54000000,63873.55000000,63870.95000000,63870.96000000,1.91465000,1785278159999999,122294.74131410,305,0.40907000,26128.61648220,0
1785278160000000,63870.96000000,63899.19000000,63870.95000000,63889.13000000,8.16805000,1785278219999999,521875.38625400,1945,4.00600000,255937.23042660,0
1785278220000000,63889.12000000,63889.12000000,63873.54000000,63883.97000000,2.89614000,1785278279999999,185006.43174570,1413,1.43066000,91386.64745230,0
1785278280000000,63883.97000000,63883.97000000,63866.90000000,63871.99000000,9.83605000,1785278339999999,628236.09030980,1012,8.41734000,537616.16950590,0
1785278340000000,63872.00000000,63876.00000000,63864.47000000,63864.47000000,10.25781000,1785278399999999,655206.19452300,980,3.21269000,205210.27919350,0
1785278400000000,63864.47000000,63888.57000000,63864.47000000,63888.56000000,3.75729000,1785278459999999,240010.90335450,1772,3.38427000,216180.56983160,0
1785278460000000,63888.56000000,63897.66000000,63880.00000000,63897.65000000,6.74477000,1785278519999999,430931.46441850,1529,4.45909000,284899.57233570,0
1785278520000000,63897.65000000,63900.93000000,63897.65000000,63900.92000000,2.09209000,1785278579999999,133683.30288900,439,0.75940000,48524.51863630,0
1785278580000000,63900.92000000,63900.93000000,63887.04000000,63887.04000000,8.49102000,1785278639999999,542497.06455150,822,1.11429000,71193.04111760,0
1785278640000000,63887.05000000,63887.05000000,63873.54000000,63881.99000000,10.47450000,1785278699999999,669102.59592210,794,3.35916000,214564.74781000,0
1785278700000000,63881.99000000,63881.99000000,63860.00000000,63860.00000000,4.52043000,1785278759999999,288723.46538930,893,1.17295000,74907.89175790,0
1785278760000000,63860.01000000,63860.01000000,63841.10000000,63841.10000000,5.58107000,1785278819999999,356373.08655490,1120,1.22253000,78058.69149530,0
1785278820000000,63841.10000000,63841.10000000,63822.00000000,63822.01000000,3.42481000,1785278879999999,218600.24846020,1321,0.89739000,57276.99842450,0
1785278880000000,63822.00000000,63830.44000000,63808.01000000,63821.42000000,5.03807000,1785278939999999,321526.73226760,2223,2.23585000,142688.76003430,0
1785278940000000,63821.42000000,63821.42000000,63812.99000000,63813.74000000,1.55200000,1785278999999999,99042.92926730,830,0.63204000,40333.07891020,0
1785279000000000,63813.73000000,63813.74000000,63804.00000000,63811.98000000,4.33586000,1785279059999999,276658.19981320,1391,2.96785000,189368.76998400,0
1785279060000000,63811.99000000,63811.99000000,63777.83000000,63789.49000000,7.23957000,1785279119999999,461824.98910640,3070,3.07875000,196379.50897510,0
1785279120000000,63789.49000000,63800.00000000,63768.47000000,63799.99000000,19.62582000,1785279179999999,1251716.33831330,3269,13.69258000,873264.21476290,0
1785279180000000,63799.99000000,63801.28000000,63774.00000000,63796.83000000,7.55601000,1785279239999999,482037.11679550,1798,1.56928000,100098.62821840,0
1785279240000000,63796.82000000,63799.33000000,63782.00000000,63796.78000000,9.13008000,1785279299999999,582406.84881620,1486,1.50679000,96115.06574620,0
1785279300000000,63796.78000000,63835.99000000,63796.77000000,63835.98000000,4.40576000,1785279359999999,281144.41094290,1630,3.63745000,232117.61972300,0
1785279360000000,63835.98000000,63854.72000000,63835.98000000,63842.75000000,9.14700000,1785279419999999,583998.37740740,1162,5.79953000,370260.02584990,0
1785279420000000,63842.75000000,63842.76000000,63826.70000000,63826.71000000,1.49437000,1785279479999999,95397.11063350,924,0.10178000,6497.55727250,0
1785279480000000,63826.71000000,63826.71000000,63802.00000000,63802.00000000,2.50190000,1785279539999999,159668.05458750,1316,0.66618000,42515.39119910,0
1785279540000000,63802.00000000,63802.01000000,63783.71000000,63783.71000000,1.44236000,1785279599999999,92013.77342780,844,0.27504000,17545.31507240,0
1785279600000000,63783.72000000,63783.72000000,63751.75000000,63765.99000000,4.67038000,1785279659999999,297792.70423320,1848,1.99870000,127432.78159820,0
1785279660000000,63766.00000000,63790.00000000,63750.00000000,63750.01000000,3.90509000,1785279719999999,249051.10523960,2066,1.39721000,89108.12060920,0
1785279720000000,63750.01000000,63750.01000000,63726.63000000,63726.63000000,3.97015000,1785279779999999,253047.55853510,1437,0.46704000,29765.78698070,0
1785279780000000,63726.64000000,63726.64000000,63709.86000000,63713.99000000,4.54233000,1785279839999999,289415.72401080,1647,0.65084000,41467.37281920,0
1785279840000000,63713.99000000,63716.55000000,63700.00000000,63712.98000000,5.92382000,1785279899999999,377413.82478280,1364,1.50489000,95875.63584970,0
1785279900000000,63712.98000000,63729.44000000,63686.01000000,63686.14000000,6.33621000,1785279959999999,403690.51926040,2621,2.35394000,149986.37402250,0
1785279960000000,63686.15000000,63686.15000000,63656.14000000,63662.50000000,5.15654000,1785280019999999,328359.78829630,2120,0.43586000,27752.52358780,0
1785280020000000,63662.51000000,63665.08000000,63650.00000000,63657.51000000,4.37692000,1785280079999999,278633.51123440,1250,2.24748000,143075.59298290,0
1785280080000000,63657.50000000,63657.51000000,63644.78000000,63648.00000000,7.85895000,1785280139999999,500217.40236760,981,2.02114000,128636.01593720,0
1785280140000000,63647.99000000,63661.07000000,63620.49000000,63620.49000000,5.99752000,1785280199999999,381734.22895470,2583,2.52239000,160553.30369260,0
1785280200000000,63620.49000000,63665.34000000,63616.00000000,63658.00000000,6.87053000,1785280259999999,437212.55832760,2558,3.90913000,248764.91948700,0
1785280260000000,63658.00000000,63658.00000000,63625.90000000,63625.90000000,4.11331000,1785280319999999,261783.82661430,1736,0.11869000,7552.39522910,0
1785280320000000,63625.91000000,63631.61000000,63625.90000000,63631.60000000,2.24104000,1785280379999999,142592.18400090,493,1.67389000,106503.83425410,0
1785280380000000,63631.60000000,63649.06000000,63624.00000000,63624.00000000,7.86345000,1785280439999999,500442.24200970,2002,3.21405000,204540.22859470,0
1785280440000000,63624.00000000,63628.00000000,63602.52000000,63628.00000000,4.36316000,1785280499999999,277561.56208890,1881,1.49647000,95198.05844510,0
1785280500000000,63627.99000000,63654.00000000,63621.63000000,63653.71000000,7.91140000,1785280559999999,503474.38082840,2090,4.80572000,305822.49532650,0
1785280560000000,63653.71000000,63665.38000000,63646.00000000,63648.55000000,4.13004000,1785280619999999,262912.93337650,1781,2.01746000,128424.01241840,0
1785280620000000,63648.56000000,63648.56000000,63646.00000000,63646.00000000,0.64685000,1785280679999999,41170.40060130,311,0.11500000,7319.46692150,0
1785280680000000,63646.00000000,63648.56000000,63636.78000000,63636.79000000,3.27103000,1785280739999999,208179.27153760,1261,0.64061000,40767.84364110,0
1785280740000000,63636.79000000,63638.00000000,63634.01000000,63634.01000000,4.91968000,1785280799999999,313072.37869190,1603,0.82377000,52422.08944970,0
1785280800000000,63634.02000000,63655.99000000,63628.99000000,63634.84000000,8.34097000,1785280859999999,530814.82496890,2635,3.71698000,236521.00565180,0
1785280860000000,63634.84000000,63638.59000000,63634.83000000,63638.59000000,6.06712000,1785280919999999,386101.66782090,476,0.74060000,47129.66371680,0
1785280920000000,63638.58000000,63638.58000000,63638.57000000,63638.58000000,2.30318000,1785280979999999,146571.10126320,296,1.88508000,119963.81438640,0
1785280980000000,63638.58000000,63638.58000000,63580.00000000,63583.89000000,14.76692000,1785281039999999,939269.39076350,3637,5.81654000,369885.01464630,0
1785281040000000,63583.89000000,63593.97000000,63583.89000000,63593.96000000,1.93200000,1785281099999999,122851.69325600,711,1.59265000,101273.23393210,0
1785281100000000,63593.97000000,63593.97000000,63562.00000000,63568.00000000,11.47628000,1785281159999999,729589.25594900,2427,3.31959000,211009.36634240,0
1785281160000000,63568.00000000,63610.15000000,63568.00000000,63610.15000000,3.59319000,1785281219999999,228523.35905910,1689,2.72689000,173418.29271230,0
1785281220000000,63610.16000000,63617.70000000,63598.00000000,63598.00000000,6.37326000,1785281279999999,405414.40898090,1797,0.66305000,42177.36879280,0
1785281280000000,63598.01000000,63622.21000000,63596.00000000,63622.20000000,22.25527000,1785281339999999,1415485.40682220,1477,20.64524000,1313082.05635980,0
1785281340000000,63622.21000000,63638.58000000,63622.20000000,63638.57000000,1.56592000,1785281399999999,99638.14747410,707,1.43396000,91241.98342060,0
1785281400000000,63638.58000000,63714.00000000,63638.58000000,63708.01000000,11.26141000,1785281459999999,717116.12164330,2583,7.64157000,486570.47942380,0
1785281460000000,63708.00000000,63738.59000000,63708.00000000,63738.59000000,4.73639000,1785281519999999,301806.80344880,1800,3.27311000,208567.39270540,0
1785281520000000,63738.58000000,63766.00000000,63734.00000000,63760.00000000,20.16307000,1785281579999999,1285277.47672220,2809,13.91551000,886958.31457070,0
1785281580000000,63760.01000000,63776.24000000,63760.00000000,63766.01000000,8.47748000,1785281639999999,540608.29518640,1410,5.58546000,356176.35538470,0
1785281640000000,63766.00000000,63811.99000000,63764.00000000,63811.99000000,9.55803000,1785281699999999,609659.24353630,1344,9.17348000,585122.76131160,0
1785281700000000,63811.98000000,63816.00000000,63790.00000000,63790.01000000,3.34615000,1785281759999999,213510.32371660,1661,0.53427000,34090.40726580,0
1785281760000000,63790.00000000,63791.42000000,63790.00000000,63790.01000000,0.88235000,1785281819999999,56285.56081000,371,0.40794000,26022.59002800,0
1785281820000000,63790.01000000,63790.01000000,63760.00000000,63762.98000000,3.77932000,1785281879999999,241002.23579360,1351,1.92133000,122505.72424400,0
1785281880000000,63762.99000000,63786.00000000,63762.99000000,63785.99000000,0.90890000,1785281939999999,57967.61310020,1168,0.78019000,49757.89591870,0
1785281940000000,63786.00000000,63822.01000000,63768.47000000,63822.00000000,121.35045000,1785281999999999,7742275.59637590,1776,98.05471000,6255604.39643090,0
1785282000000000,63822.00000000,63822.01000000,63789.15000000,63808.94000000,156.99520000,1785282059999999,10016401.12249040,4504,13.11580000,836776.67428400,0
1785282060000000,63808.94000000,63840.00000000,63798.97000000,63804.34000000,7.21625000,1785282119999999,460459.95367750,2426,5.37163000,342731.13152680,0
1785282120000000,63804.35000000,63804.35000000,63780.00000000,63780.00000000,1.94322000,1785282179999999,123960.37721150,1009,0.48248000,30776.18173760,0
1785282180000000,63780.00000000,63786.98000000,63766.09000000,63786.98000000,4.76704000,1785282239999999,304008.88213990,1836,2.77763000,177136.46396520,0
1785282240000000,63786.97000000,63846.00000000,63786.97000000,63845.95000000,6.11947000,1785282299999999,390591.21477800,2536,4.75213000,303310.09535190,0
1785282300000000,63845.95000000,63887.79000000,63820.21000000,63887.78000000,7.50118000,1785282359999999,478964.33323230,3869,5.18367000,331015.64986920,0
1785282360000000,63887.79000000,63909.99000000,63886.00000000,63895.06000000,4.53887000,1785282419999999,290013.71991860,2612,3.43332000,219374.35490740,0
1785282420000000,63895.06000000,63927.27000000,63895.06000000,63927.26000000,3.96846000,1785282479999999,253647.08467000,1956,2.44541000,156302.39534040,0
1785282480000000,63927.27000000,63946.00000000,63927.27000000,63946.00000000,4.71585000,1785282539999999,301507.05569080,1219,3.56465000,227906.11740800,0
1785282540000000,63945.99000000,63945.99000000,63912.00000000,63912.00000000,8.46456000,1785282599999999,541150.72931330,1786,3.94610000,252268.55821480,0
1785282600000000,63912.01000000,63916.04000000,63904.00000000,63911.99000000,8.16892000,1785282659999999,522091.82020690,1093,6.62149000,423192.36783200,0
1785282660000000,63912.00000000,63916.04000000,63888.00000000,63888.01000000,7.57314000,1785282719999999,483956.39730540,1025,3.48134000,222490.96951740,0
1785282720000000,63888.01000000,63888.01000000,63876.00000000,63881.96000000,9.06154000,1785282779999999,578893.32447440,700,2.71582000,173480.69021090,0
1785282780000000,63881.96000000,63916.04000000,63881.96000000,63900.00000000,3.42130000,1785282839999999,218626.22866990,1520,2.12101000,135528.44510720,0
1785282840000000,63900.00000000,63924.99000000,63880.34000000,63924.99000000,11.12833000,1785282899999999,711087.77467500,2227,7.08831000,452956.72624940,0
1785282900000000,63924.99000000,63924.99000000,63892.00000000,63898.26000000,2.02703000,1785282959999999,129538.55892490,1811,0.90585000,57884.21155870,0
1785282960000000,63898.25000000,63924.00000000,63896.02000000,63918.44000000,6.93587000,1785283019999999,443250.08554070,1683,5.46627000,349329.41391050,0
1785283020000000,63918.43000000,63942.00000000,63910.00000000,63942.00000000,2.81322000,1785283079999999,179826.67543740,1462,1.85085000,118314.72370680,0
1785283080000000,63942.00000000,63956.40000000,63941.99000000,63955.62000000,11.88869000,1785283139999999,760280.59985690,1216,7.89217000,504699.35010670,0
1785283140000000,63955.62000000,63955.62000000,63914.99000000,63915.00000000,137.47718000,1785283199999999,8787873.72644390,1792,62.89802000,4020146.65601930,0
