1785024000000000,64375.01000000,64375.01000000,64362.84000000,64362.84000000,1.88925000,1785024059999999,121607.65650690,877,0.37019000,23827.77449470,0
1785024060000000,64362.84000000,64362.85000000,64356.00000000,64356.01000000,1.39591000,1785024119999999,89839.23292640,792,0.25575000,16459.57078820,0
1785024120000000,64356.00000000,64384.35000000,64350.00000000,64374.24000000,43.99978000,1785024179999999,2831959.13128080,1828,41.66355000,2681610.68202540,0
1785024180000000,64374.25000000,64374.25000000,64374.15000000,64374.15000000,4.68428000,1785024239999999,301546.86452350,227,0.29794000,19179.64642210,0
1785024240000000,64374.16000000,64387.99000000,64374.15000000,64387.98000000,1.48949000,1785024299999999,95890.19111070,397,1.29923000,83641.80423810,0
1785024300000000,64387.99000000,64392.49000000,64387.98000000,64392.49000000,0.65214000,1785024359999999,41990.37963110,224,0.48712000,31365.07377650,0
1785024360000000,64392.49000000,64413.00000000,64392.48000000,64412.99000000,2.87951000,1785024419999999,185434.83258530,833,2.07533000,133651.32730200,0
1785024420000000,64413.00000000,64433.00000000,64412.99000000,64432.99000000,1.94900000,1785024479999999,125564.92042650,874,1.36947000,88229.12443490,0
1785024480000000,64433.00000000,64433.00000000,64432.99000000,64433.00000000,1.08066000,1785024539999999,69630.16456200,98,0.95886000,61782.22638000,0
1785024540000000,64433.00000000,64433.00000000,64422.78000000,64422.79000000,4.10074000,1785024599999999,264207.31883010,1245,0.20633000,13293.36549380,0
1785024600000000,64422.78000000,64422.79000000,64400.00000000,64400.01000000,4.16741000,1785024659999999,268438.24840240,1080,2.97830000,191848.03878780,0
1785024660000000,64400.01000000,64422.99000000,64400.01000000,64422.99000000,1.36356000,1785024719999999,87832.80698520,847,1.21977000,78569.80028230,0
1785024720000000,64422.99000000,64427.66000000,64422.99000000,64427.66000000,0.62135000,1785024779999999,40030.79087390,243,0.35265000,22719.42741710,0
1785024780000000,64427.66000000,64434.00000000,64427.65000000,64434.00000000,3.13903000,1785024839999999,202254.99486650,453,1.01895000,65651.81599870,0
1785024840000000,64433.99000000,64434.00000000,64433.99000000,64433.99000000,0.34201000,1785024899999999,22037.07177810,92,0.28582000,18416.52588000,0
1785024900000000,64433.99000000,64434.00000000,64431.67000000,64432.01000000,1.23640000,1785024959999999,79664.98187240,504,0.19517000,12575.39151660,0
1785024960000000,64432.01000000,64432.17000000,64432.00000000,64432.17000000,0.53760000,1785025019999999,34638.69361930,226,0.32563000,20981.02884810,0
1785025020000000,64432.16000000,64432.17000000,64423.91000000,64423.92000000,5.43599000,1785025079999999,350245.20954750,590,0.29026000,18702.02141440,0
1785025080000000,64423.91000000,64423.92000000,64423.91000000,64423.92000000,1.79024000,1785025139999999,115334.26778730,264,0.71489000,46056.01616880,0
1785025140000000,64423.91000000,64426.40000000,64423.91000000,64423.93000000,1.92116000,1785025199999999,123770.60763560,531,1.25873000,81092.89412860,0
1785025200000000,64423.92000000,64432.28000000,64420.01000000,64432.28000000,0.83685000,1785025259999999,53913.09614430,752,0.51873000,33418.87354090,0
1785025260000000,64432.28000000,64434.00000000,64432.27000000,64433.99000000,2.96757000,1785025319999999,191207.33063180,249,0.66298000,42717.36399890,0
1785025320000000,64434.00000000,64445.99000000,64433.99000000,64445.98000000,2.41204000,1785025379999999,155432.70690850,492,1.96517000,126638.01209040,0
1785025380000000,64445.99000000,64445.99000000,64442.81000000,64442.81000000,1.07348000,1785025439999999,69181.38820300,499,0.28285000,18228.53145310,0
1785025440000000,64442.81000000,64460.00000000,64442.81000000,64460.00000000,1.66327000,1785025499999999,107196.39671210,721,1.52360000,98195.33288320,0
1785025500000000,64459.99000000,64474.97000000,64459.32000000,64459.32000000,81.78477000,1785025559999999,5272742.94204560,2818,68.48199000,4415074.91992600,0
1785025560000000,64459.33000000,64459.33000000,64459.32000000,64459.33000000,0.94102000,1785025619999999,60657.51745490,144,0.81485000,52524.68505050,0
1785025620000000,64459.33000000,64486.00000000,64459.32000000,64485.99000000,3.68851000,1785025679999999,237838.12832590,1072,3.56051000,229584.04639650,0
1785025680000000,64485.99000000,64486.00000000,64478.00000000,64478.00000000,4.09996000,1785025739999999,264377.74212910,1061,0.36318000,23418.37514370,0
1785025740000000,64478.00000000,64478.01000000,64474.86000000,64474.87000000,1.56181000,1785025799999999,100701.37892120,439,0.93018000,59975.72639140,0
1785025800000000,64474.86000000,64474.87000000,64452.00000000,64452.01000000,1.55096000,1785025859999999,99977.04505110,1221,0.39332000,25353.61945520,0
1785025860000000,64452.01000000,64459.75000000,64452.00000000,64459.75000000,1.12366000,1785025919999999,72427.23655620,525,1.00578000,64828.79379290,0
1785025920000000,64459.74000000,64482.00000000,64459.74000000,64482.00000000,2.13002000,1785025979999999,137334.82528020,843,2.01885000,130166.65992210,0
1785025980000000,64481.99000000,64482.00000000,64470.92000000,64470.93000000,1.42573000,1785026039999999,91926.91375500,780,0.30117000,19418.59115390,0
1785026040000000,64470.93000000,64470.93000000,64458.38000000,64458.38000000,4.02368000,1785026099999999,259382.60101820,828,3.40885000,219748.26586050,0
1785026100000000,64458.38000000,64458.38000000,64449.01000000,64449.53000000,4.38330000,1785026159999999,282507.35055430,763,2.66420000,171706.42753820,0
1785026160000000,64449.54000000,64451.52000000,64449.53000000,64451.52000000,0.89371000,1785026219999999,57599.21199250,369,0.63873000,41165.85907190,0
1785026220000000,64451.51000000,64451.52000000,64451.51000000,64451.52000000,0.36789000,1785026279999999,23711.06855120,139,0.25373000,16353.28416960,0
1785026280000000,64451.51000000,64452.00000000,64451.51000000,64452.00000000,2.35187000,1785026339999999,151581.78491570,253,2.19135000,141235.97528410,0
1785026340000000,64452.00000000,64452.00000000,64418.00000000,64419.78000000,8.38538000,1785026399999999,540291.39275900,1460,0.18438000,11882.74454630,0
1785026400000000,64419.77000000,64419.78000000,64419.77000000,64419.77000000,0.73301000,1785026459999999,47220.34162650,183,0.60188000,38772.97718640,0
1785026460000000,64419.77000000,64419.78000000,64416.11000000,64416.11000000,0.77570000,1785026519999999,49969.91058110,255,0.44854000,28894.70080620,0
1785026520000000,64416.12000000,64416.64000000,64414.05000000,64416.63000000,1.50907000,1785026579999999,97206.41907600,516,1.25180000,80634.23552550,0
1785026580000000,64416.63000000,64423.89000000,64416.63000000,64423.89000000,2.69874000,1785026639999999,173853.09081240,269,1.67279000,107760.93129140,0
1785026640000000,64423.88000000,64423.89000000,64423.88000000,64423.89000000,0.62276000,1785026699999999,40120.61803340,178,0.25246000,16264.45526940,0
1785026700000000,64423.88000000,64423.89000000,64406.00000000,64408.58000000,9.14712000,1785026759999999,589238.81857760,962,3.25999000,210002.27177050,0
1785026760000000,64408.59000000,64420.00000000,64408.58000000,64420.00000000,1.27063000,1785026819999999,81843.42996270,593,1.04060000,67026.31896450,0
1785026820000000,64419.99000000,64423.99000000,64419.99000000,64423.98000000,1.28210000,1785026879999999,82597.71503570,218,0.31035000,19993.84745240,0
1785026880000000,64423.99000000,64426.00000000,64423.98000000,64426.00000000,1.50099000,1785026939999999,96699.88950030,430,1.41663000,91265.06756060,0
1785026940000000,64425.99000000,64432.99000000,64425.99000000,64426.45000000,0.65735000,1785026999999999,42353.74018180,665,0.38056000,24519.68449450,0
1785027000000000,64426.46000000,64432.86000000,64426.45000000,64432.86000000,0.48930000,1785027059999999,31525.23777660,307,0.39411000,25392.27286510,0
1785027060000000,64432.86000000,64442.00000000,64432.85000000,64442.00000000,0.64687000,1785027119999999,41681.99945090,721,0.53003000,34153.20223880,0
1785027120000000,64442.00000000,64445.99000000,64442.00000000,64445.98000000,0.50236000,1785027179999999,32374.22148600,399,0.37098000,23907.54884840,0
1785027180000000,64445.98000000,64478.10000000,64445.98000000,64478.10000000,3.07748000,1785027239999999,198378.20517060,1312,2.98462000,192391.91366880,0
1785027240000000,64478.10000000,64478.10000000,64478.09000000,64478.10000000,0.88857000,1785027299999999,57293.29905620,210,0.26249000,16924.85646900,0
1785027300000000,64478.09000000,64478.10000000,64466.90000000,64472.00000000,2.20229000,1785027359999999,141985.31743490,889,1.27061000,81916.55897050,0
1785027360000000,64471.99000000,64478.00000000,64471.99000000,64478.00000000,0.65471000,1785027419999999,42213.09830790,870,0.30393000,19595.78560600,0
1785027420000000,64478.00000000,64500.00000000,64477.99000000,64492.23000000,4.29530000,1785027479999999,277017.42342150,1995,3.05997000,197340.43639080,0
1785027480000000,64492.23000000,64500.00000000,64492.23000000,64499.99000000,2.90172000,1785027539999999,187146.13403170,896,2.14236000,138169.31254690,0
1785027540000000,64500.00000000,64507.00000000,64499.99000000,64506.99000000,8.53952000,1785027599999999,550802.63920360,635,8.11624000,523500.39321190,0
1785027600000000,64506.99000000,64541.66000000,64506.99000000,64533.99000000,8.28126000,1785027659999999,534375.18846190,2098,4.58468000,295840.01729200,0
1785027660000000,64533.99000000,64534.00000000,64513.00000000,64513.01000000,4.50287000,1785027719999999,290545.71579730,1199,0.39621000,25565.79747580,0
1785027720000000,64513.00000000,64513.00000000,64498.22000000,64498.22000000,2.73852000,1785027779999999,176645.89943230,755,0.17318000,11170.03834790,0
1785027780000000,64498.23000000,64498.23000000,64474.38000000,64474.40000000,4.59679000,1785027839999999,296435.02145950,1189,2.13265000,137531.55793750,0
1785027840000000,64474.40000000,64474.40000000,64474.39000000,64474.39000000,0.47461000,1785027899999999,30600.19254470,178,0.23068000,14872.95459200,0
1785027900000000,64474.39000000,64491.02000000,64474.39000000,64491.01000000,2.01403000,1785027959999999,129863.94078900,814,1.79655000,115838.78191900,0
1785027960000000,64491.02000000,64498.00000000,64491.01000000,64493.84000000,1.70094000,1785028019999999,109702.33557310,881,0.90548000,58398.43860820,0
1785028020000000,64493.83000000,64493.84000000,64488.00000000,64488.00000000,1.12499000,1785028079999999,72552.05165380,499,0.32835000,21174.96695380,0
1785028080000000,64488.01000000,64488.01000000,64480.00000000,64480.01000000,1.62523000,1785028139999999,104805.34882530,595,0.17450000,11252.25006500,0
1785028140000000,64480.00000000,64480.01000000,64480.00000000,64480.01000000,2.63732000,1785028199999999,170054.41580440,204,2.22044000,143173.99340440,0
1785028200000000,64480.01000000,64482.00000000,64466.00000000,64471.71000000,10.15431000,1785028259999999,654719.99608240,1426,3.46594000,223451.89301410,0
1785028260000000,64471.72000000,64500.00000000,64471.71000000,64500.00000000,3.59588000,1785028319999999,231870.37462550,1277,3.50106000,225756.50945710,0
1785028320000000,64500.00000000,64500.00000000,64496.56000000,64496.56000000,1.22119000,1785028379999999,78765.70763070,255,0.28071000,18105.49257690,0
1785028380000000,64496.57000000,64496.57000000,64496.56000000,64496.56000000,0.44318000,1785028439999999,28583.58942600,116,0.39652000,25574.17993640,0
1785028440000000,64496.57000000,64500.00000000,64496.56000000,64500.00000000,3.31473000,1785028499999999,213789.62715770,399,3.07297000,198196.33122160,0
1785028500000000,64500.00000000,64502.96000000,64496.56000000,64496.56000000,2.59226000,1785028559999999,167202.25759600,728,1.08065000,69702.09969350,0
1785028560000000,64496.57000000,64496.57000000,64496.00000000,64496.01000000,0.85165000,1785028619999999,54928.16816800,240,0.34780000,22431.72819320,0
1785028620000000,64496.00000000,64496.01000000,64488.10000000,64488.11000000,1.31815000,1785028679999999,85013.04277000,518,0.15695000,10122.40569520,0
1785028680000000,64488.11000000,64488.11000000,64485.44000000,64485.44000000,4.81736000,1785028739999999,310656.29666340,295,0.40612000,26189.19827340,0
1785028740000000,64485.45000000,64494.00000000,64485.44000000,64494.00000000,1.31821000,1785028799999999,85007.77040870,741,1.22776000,79174.53440550,0
1785028800000000,64493.99000000,64494.00000000,64478.92000000,64478.93000000,2.27491000,1785028859999999,146700.99358880,991,0.29515000,19032.53882300,0
1785028860000000,64478.92000000,64483.89000000,64478.92000000,64483.88000000,8.65713000,1785028919999999,558218.41852320,442,8.06278000,519894.56706600,0
1785028920000000,64483.88000000,64483.89000000,64483.88000000,64483.88000000,0.42390000,1785028979999999,27334.71915000,138,0.24180000,15592.20460200,0
1785028980000000,64483.88000000,64483.89000000,64482.28000000,64482.28000000,0.94594000,1785029039999999,60997.04834950,255,0.28688000,18498.68708320,0
1785029040000000,64482.28000000,64482.29000000,64480.14000000,64480.15000000,1.60689000,1785029099999999,103615.07043240,315,0.74679000,48154.06218270,0
1785029100000000,64480.14000000,64480.15000000,64478.03000000,64478.03000000,2.05747000,1785029159999999,132665.71243120,439,1.01893000,65700.72772850,0
1785029160000000,64478.03000000,64478.04000000,64477.33000000,64477.33000000,1.01906000,1785029219999999,65706.76564140,365,0.29027000,18715.97770900,0
1785029220000000,64477.33000000,64477.33000000,64472.16000000,64472.17000000,1.18725000,1785029279999999,76546.69881030,613,0.26334000,16978.16482380,0
1785029280000000,64472.16000000,64474.06000000,64472.16000000,64474.05000000,1.43878000,1785029339999999,92761.92105000,545,1.04486000,67364.73013050,0
1785029340000000,64474.05000000,64474.06000000,64474.05000000,64474.05000000,1.27109000,1785029399999999,81952.32326780,119,0.30533000,19685.86473980,0
1785029400000000,64474.06000000,64490.00000000,64474.06000000,64490.00000000,3.26502000,1785029459999999,210534.38969170,938,2.89489000,186668.15726100,0
1785029460000000,64490.00000000,64495.02000000,64486.94000000,64486.94000000,11.36353000,1785029519999999,732868.42046410,1031,1.39496000,89961.07004790,0
1785029520000000,64486.94000000,64486.96000000,64486.94000000,64486.96000000,4.45170000,1785029579999999,287076.58035070,327,4.17174000,269022.81383830,0
1785029580000000,64486.96000000,64488.00000000,64486.96000000,64488.00000000,0.89213000,1785029639999999,57531.53602880,297,0.48918000,31546.10643230,0
1785029640000000,64488.00000000,64488.00000000,64487.99000000,64488.00000000,1.04657000,1785029699999999,67491.20332380,233,0.76295000,49201.11960000,0
1785029700000000,64487.99000000,64498.60000000,64487.99000000,64498.59000000,3.78618000,1785029759999999,244171.65072120,691,3.59236000,231671.68463200,0
1785029760000000,64498.60000000,64498.62000000,64498.59000000,64498.61000000,1.21228000,1785029819999999,78190.36712560,252,1.02654000,66210.39663560,0
1785029820000000,64498.61000000,64498.62000000,64498.61000000,64498.62000000,1.17539000,1785029879999999,75811.02384200,132,0.26341000,16989.58149420,0
1785029880000000,64498.62000000,64498.62000000,64484.67000000,64484.67000000,2.88611000,1785029939999999,186135.05692690,1169,0.22299000,14380.47985100,0
1785029940000000,64484.67000000,64490.00000000,64484.67000000,64489.99000000,1.22824000,1785029999999999,79204.12515590,476,1.08458000,69939.73427210,0
1785030000000000,64490.00000000,64490.94000000,64490.00000000,64490.93000000,5.30113000,1785030059999999,341874.77711440,295,0.46965000,30288.14119390,0
1785030060000000,64490.93000000,64490.93000000,64470.00000000,64470.00000000,4.86692000,1785030119999999,313843.70612480,1413,0.23629000,15236.16934370,0
1785030120000000,64470.01000000,64470.01000000,64466.76000000,64466.76000000,1.25935000,1785030179999999,81187.89215220,273,0.25224000,16261.16824320,0
1785030180000000,64466.76000000,64466.77000000,64466.76000000,64466.76000000,1.43760000,1785030239999999,92677.41655280,134,0.23768000,15322.46189360,0
1785030240000000,64466.76000000,64480.00000000,64466.76000000,64480.00000000,1.93855000,1785030299999999,124974.57678560,1112,1.29772000,83662.23283940,0
1785030300000000,64480.00000000,64480.00000000,64472.00000000,64472.01000000,1.12682000,1785030359999999,72653.97293370,692,0.23613000,15224.60737640,0
1785030360000000,64472.01000000,64472.01000000,64457.93000000,64462.00000000,7.58344000,1785030419999999,488834.33565400,902,5.08944000,328058.34947830,0
1785030420000000,64461.99000000,64466.00000000,64461.99000000,64466.00000000,4.92575000,1785030479999999,317541.75903370,712,0.65247000,42060.56028650,0
1785030480000000,64466.00000000,64470.00000000,64465.99000000,64469.99000000,0.55733000,1785030539999999,35930.05339540,285,0.47989000,30937.59704980,0
1785030540000000,64469.99000000,64481.01000000,64460.00000000,64481.00000000,37.53106000,1785030599999999,2419539.37324720,1154,34.11237000,2199118.75881800,0
1785030600000000,64481.00000000,64481.01000000,64460.54000000,64465.62000000,36.72408000,1785030659999999,2367402.00724630,1784,1.37451000,88603.29869720,0
1785030660000000,64465.62000000,64466.40000000,64465.61000000,64466.40000000,7.62320000,1785030719999999,491435.01776700,2213,7.60076000,489988.40490430,0
1785030720000000,64466.40000000,64483.99000000,64466.40000000,64472.01000000,3.98078000,1785030779999999,256662.95747680,1204,2.31744000,149413.17026240,0
1785030780000000,64472.01000000,64472.10000000,64472.00000000,64472.10000000,0.77280000,1785030839999999,49823.97570430,246,0.67155000,43296.18468960,0
1785030840000000,64472.10000000,64488.18000000,64472.10000000,64479.98000000,9.74946000,1785030899999999,628697.61823950,1263,1.05459000,67999.62483100,0
1785030900000000,64479.98000000,64487.76000000,64479.98000000,64487.75000000,9.01676000,1785030959999999,581427.97622080,355,7.77195000,501154.26343650,0
1785030960000000,64487.76000000,64487.76000000,64479.00000000,64479.00000000,3.97278000,1785031019999999,256188.68835000,455,0.36220000,23355.10224700,0
1785031020000000,64479.00000000,64479.01000000,64461.27000000,64463.01000000,16.07141000,1785031079999999,1036084.86684110,824,8.39419000,541119.17014380,0
1785031080000000,64463.00000000,64463.01000000,64456.67000000,64456.67000000,6.29782000,1785031139999999,405944.13264470,1400,0.24688000,15913.14528170,0
1785031140000000,64456.68000000,64462.00000000,64456.67000000,64462.00000000,4.93139000,1785031199999999,317862.37796760,871,4.54028000,292652.71891550,0
1785031200000000,64462.00000000,64467.58000000,64461.99000000,64467.57000000,0.89490000,1785031259999999,57691.63864740,251,0.85475000,55103.26889250,0
1785031260000000,64467.58000000,64469.77000000,64467.57000000,64469.76000000,0.53207000,1785031319999999,34301.91772120,322,0.36742000,23687.14497680,0
1785031320000000,64469.77000000,64469.77000000,64469.76000000,64469.77000000,0.29342000,1785031379999999,18916.71847410,119,0.14949000,9637.58591730,0
1785031380000000,64469.77000000,64469.77000000,64456.18000000,64456.19000000,3.07901000,1785031439999999,198484.60021860,864,0.11447000,7378.80352020,0
1785031440000000,64456.18000000,64456.19000000,64456.18000000,64456.19000000,0.36959000,1785031499999999,23822.36145460,128,0.18884000,12171.90691960,0
1785031500000000,64456.19000000,64456.19000000,64427.59000000,64435.99000000,4.45080000,1785031559999999,286813.63081120,1791,1.10834000,71411.95055660,0
1785031560000000,64436.00000000,64436.00000000,64435.99000000,64435.99000000,2.38353000,1785031619999999,153585.13762580,220,2.23811000,144214.85596000,0
1785031620000000,64436.00000000,64436.00000000,64435.25000000,64435.25000000,3.29236000,1785031679999999,212146.28278660,224,0.26860000,17307.43925560,0
1785031680000000,64435.25000000,64435.25000000,64434.43000000,64434.44000000,2.32375000,1785031739999999,149730.83301120,274,0.20576000,13258.03037440,0
1785031740000000,64434.44000000,64434.44000000,64434.43000000,64434.43000000,1.09803000,1785031799999999,70750.94064080,162,0.34679000,22345.21944760,0
1785031800000000,64434.43000000,64452.67000000,64434.43000000,64452.66000000,3.43883000,1785031859999999,221593.33347330,958,3.31917000,213882.12701040,0
1785031860000000,64452.66000000,64452.67000000,64452.66000000,64452.67000000,0.20527000,1785031919999999,13230.19907810,121,0.15599000,10053.97199330,0
1785031920000000,64452.67000000,64462.00000000,64452.66000000,64461.99000000,2.06720000,1785031979999999,133238.88831310,415,1.98204000,127749.45205980,0
1785031980000000,64462.00000000,64473.00000000,64461.99000000,64473.00000000,1.79372000,1785032039999999,115635.79412500,497,1.04546000,67397.41126760,0
1785032040000000,64473.00000000,64475.52000000,64472.02000000,64474.00000000,27.25413000,1785032099999999,1757194.69195190,1345,4.32248000,278684.58982090,0
1785032100000000,64474.00000000,64474.00000000,64473.99000000,64474.00000000,1.53833000,1785032159999999,99182.27480690,120,0.17702000,11413.18748000,0
1785032160000000,64473.99000000,64474.00000000,64473.99000000,64473.99000000,1.01508000,1785032219999999,65446.26753240,96,0.97632000,62947.25568000,0
1785032220000000,64474.00000000,64474.00000000,64473.99000000,64474.00000000,1.35966000,1785032279999999,87662.71856150,121,1.33181000,85867.11794000,0
1785032280000000,64473.99000000,64474.00000000,64473.99000000,64473.99000000,0.38790000,1785032339999999,25009.46363240,105,0.29114000,18770.96036000,0
1785032340000000,64473.99000000,64474.00000000,64468.00000000,64468.01000000,2.70564000,1785032399999999,174434.10137910,643,1.04197000,67174.02069990,0
1785032400000000,64468.01000000,64468.01000000,64455.16000000,64455.16000000,1.59391000,1785032459999999,102747.93702560,797,0.24646000,15887.44074980,0
1785032460000000,64455.16000000,64466.00000000,64455.16000000,64466.00000000,2.12211000,1785032519999999,136785.39268390,690,1.86626000,120294.53815680,0
1785032520000000,64466.00000000,64476.00000000,64465.99000000,64476.00000000,1.54500000,1785032579999999,99605.05909720,353,1.31566000,84818.20921060,0
1785032580000000,64476.00000000,64476.00000000,64456.00000000,64456.00000000,2.26821000,1785032639999999,146230.71745840,1059,0.19251000,12410.37844980,0
1785032640000000,64456.01000000,64456.01000000,64446.00000000,64446.01000000,0.60968000,1785032699999999,39295.03453340,483,0.21094000,13594.87417940,0
1785032700000000,64446.00000000,64446.01000000,64446.00000000,64446.01000000,0.33306000,1785032759999999,21464.38678340,174,0.20234000,13040.00566340,0
1785032760000000,64446.00000000,64446.01000000,64446.00000000,64446.00000000,0.49129000,1785032819999999,31661.67706370,322,0.17237000,11108.55874370,0
1785032820000000,64446.01000000,64473.00000000,64446.00000000,64472.99000000,9.89412000,1785032879999999,637730.11719230,1038,7.64062000,492467.15387570,0
1785032880000000,64473.00000000,64474.00000000,64472.99000000,64473.99000000,1.23790000,1785032939999999,79811.14415350,239,0.45926000,29609.88737990,0
1785032940000000,64474.00000000,64474.00000000,64473.99000000,64474.00000000,0.30444000,1785032999999999,19628.46336590,182,0.18503000,11929.62422000,0
1785033000000000,64474.00000000,64480.00000000,64473.99000000,64480.00000000,3.59374000,1785033059999999,231710.58130280,508,0.73794000,47579.79235990,0
1785033060000000,64479.99000000,64480.00000000,64460.00000000,64460.00000000,2.39062000,1785033119999999,154128.24272920,1270,0.14405000,9287.02812210,0
1785033120000000,64460.01000000,64460.01000000,64446.00000000,64446.00000000,1.79326000,1785033179999999,115585.37940730,693,0.19734000,12717.84683340,0
1785033180000000,64446.01000000,64446.01000000,64434.00000000,64434.01000000,0.98782000,1785033239999999,63657.16139800,750,0.15146000,9760.11450100,0
1785033240000000,64434.00000000,64438.00000000,64434.00000000,64438.00000000,1.31357000,1785033299999999,84639.18549620,382,1.00378000,64677.78331680,0
1785033300000000,64438.00000000,64438.00000000,64433.00000000,64433.01000000,0.81539000,1785033359999999,52539.67419250,350,0.10305000,6639.98757360,0
1785033360000000,64433.00000000,64441.00000000,64432.99000000,64441.00000000,2.47183000,1785033419999999,159268.56308080,560,1.91511000,123397.42356220,0
1785033420000000,64440.00000000,64440.01000000,64439.99000000,64440.00000000,0.54854000,1785033479999999,35347.91635560,230,0.29210000,18822.92454600,0
1785033480000000,64440.01000000,64440.01000000,64440.00000000,64440.01000000,1.83391000,1785033539999999,118177.16205780,145,0.16578000,10682.86485780,0
1785033540000000,64440.01000000,64440.01000000,64440.00000000,64440.01000000,0.45421000,1785033599999999,29269.29620460,93,0.38046000,24516.84620460,0
1785033600000000,64440.00000000,64440.01000000,64440.00000000,64440.01000000,0.15113000,1785033659999999,9738.81831900,63,0.11190000,7210.83711900,0
1785033660000000,64440.00000000,64440.01000000,64440.00000000,64440.00000000,0.35353000,1785033719999999,22781.47553030,93,0.23303000,15016.45553030,0
1785033720000000,64440.01000000,64440.01000000,64440.00000000,64440.01000000,1.21552000,1785033779999999,78328.12014980,112,1.13498000,73138.12254980,0
1785033780000000,64440.00000000,64440.01000000,64440.00000000,64440.01000000,0.32574000,1785033839999999,20990.68731040,85,0.17104000,11021.81931040,0
1785033840000000,64440.01000000,64440.01000000,64440.00000000,64440.00000000,0.40721000,1785033899999999,26240.61598260,113,0.35826000,23086.27798260,0
1785033900000000,64440.00000000,64440.01000000,64440.00000000,64440.00000000,0.17590000,1785033959999999,11334.99733220,76,0.13322000,8584.69813220,0
1785033960000000,64440.00000000,64440.01000000,64440.00000000,64440.00000000,0.49858000,1785034019999999,32128.49917330,159,0.39733000,25603.94917330,0
1785034020000000,64440.01000000,64440.01000000,64440.00000000,64440.01000000,0.50116000,1785034079999999,32294.75499320,189,0.45932000,29598.58539320,0
1785034080000000,64440.01000000,64462.00000000,64440.01000000,64461.99000000,3.13731000,1785034139999999,202194.90547270,802,2.78259000,179331.01992990,0
1785034140000000,64462.00000000,64471.50000000,64461.99000000,64471.50000000,2.66258000,1785034199999999,171646.41185410,595,2.46737000,159062.22312620,0
1785034200000000,64471.50000000,64500.00000000,64471.49000000,64499.99000000,1.84648000,1785034259999999,119064.27048710,1071,1.62194000,104586.33754330,0
1785034260000000,64499.99000000,64506.00000000,64499.99000000,64505.99000000,1.05873000,1785034319999999,68291.72738910,352,0.80749000,52085.39348150,0
1785034320000000,64506.00000000,64512.00000000,64505.99000000,64512.00000000,0.71949000,1785034379999999,46413.45789260,311,0.63551000,40995.93805240,0
1785034380000000,64512.00000000,64512.00000000,64511.99000000,64511.99000000,1.00635000,1785034439999999,64921.64548280,239,0.43463000,28038.85056000,0
1785034440000000,64512.00000000,64520.00000000,64511.99000000,64520.00000000,0.49961000,1785034499999999,32232.29847350,428,0.37733000,24343.26315780,0
1785034500000000,64519.99000000,64520.00000000,64515.99000000,64515.99000000,1.58455000,1785034559999999,102233.98172930,626,0.16408000,10586.31361230,0
1785034560000000,64515.99000000,64527.59000000,64515.99000000,64527.58000000,2.04264000,1785034619999999,131791.29946160,522,2.00473000,129345.36173700,0
1785034620000000,64527.59000000,64527.59000000,64527.58000000,64527.58000000,0.25145000,1785034679999999,16225.46095970,138,0.09687000,6250.78764330,0
1785034680000000,64527.58000000,64527.59000000,64527.58000000,64527.58000000,0.31678000,1785034739999999,20441.04776780,111,0.09754000,6294.02112860,0
1785034740000000,64527.58000000,64527.59000000,64527.56000000,64527.56000000,1.18203000,1785034799999999,76273.53377520,337,0.10371000,6692.15635890,0
1785034800000000,64527.57000000,64546.06000000,64527.56000000,64544.75000000,2.55494000,1785034859999999,164889.59307800,816,2.48956000,160670.65755010,0
1785034860000000,64544.75000000,64544.75000000,64523.00000000,64523.00000000,4.75974000,1785034919999999,307158.56192040,1171,1.77852000,114759.02862360,0
1785034920000000,64523.01000000,64523.01000000,64503.95000000,64503.95000000,4.71392000,1785034979999999,304093.66041970,803,0.14289000,9217.27200390,0
1785034980000000,64503.95000000,64503.96000000,64500.00000000,64500.00000000,2.07033000,1785035039999999,133541.58039290,436,0.31215000,20133.84490670,0
1785035040000000,64500.01000000,64504.03000000,64500.00000000,64500.01000000,6.63262000,1785035099999999,427812.95170540,738,4.59897000,296635.40649110,0
1785035100000000,64500.01000000,64500.01000000,64488.73000000,64488.74000000,6.09836000,1785035159999999,393336.91891940,745,0.23339000,15051.17680300,0
1785035160000000,64488.74000000,64492.97000000,64488.73000000,64492.96000000,0.61838000,1785035219999999,39879.05989950,480,0.57048000,36789.90905580,0
1785035220000000,64492.96000000,64492.97000000,64491.22000000,64491.22000000,0.52890000,1785035279999999,34110.16133840,287,0.24059000,15516.26593390,0
1785035280000000,64491.22000000,64491.23000000,64491.22000000,64491.22000000,0.40351000,1785035339999999,26022.85495600,156,0.27738000,17888.57737740,0
1785035340000000,64491.22000000,64509.57000000,64488.83000000,64509.57000000,35.37459000,1785035399999999,2281578.23065100,2430,34.47437000,2223520.72099050,0
1785035400000000,64509.57000000,64509.57000000,64503.95000000,64503.95000000,6.52708000,1785035459999999,421054.00666230,413,1.25492000,80952.91948320,0
1785035460000000,64503.95000000,64503.96000000,64503.93000000,64503.94000000,1.54314000,1785035519999999,99538.61313380,370,0.33927000,21884.25454110,0
1785035520000000,64503.94000000,64538.78000000,64503.93000000,64538.78000000,5.57234000,1785035579999999,359526.06242000,1351,5.38821000,347645.81745720,0
1785035580000000,64538.77000000,64578.21000000,64538.77000000,64576.01000000,18.03680000,1785035639999999,1164363.92144630,1889,15.96405000,1030524.46214230,0
1785035640000000,64576.01000000,64576.01000000,64570.00000000,64576.00000000,2.33046000,1785035699999999,150487.20964090,685,0.85661000,55314.04081030,0
1785035700000000,64575.99000000,64576.01000000,64537.01000000,64542.01000000,6.35626000,1785035759999999,410358.94284210,1654,1.06471000,68727.46417150,0
1785035760000000,64542.01000000,64546.40000000,64542.00000000,64546.40000000,0.86467000,1785035819999999,55809.75900900,507,0.72847000,47018.65475620,0
1785035820000000,64546.48000000,64548.00000000,64546.48000000,64547.99000000,1.09152000,1785035879999999,70454.53993030,265,0.91873000,59301.29402170,0
1785035880000000,64548.00000000,64548.00000000,64544.10000000,64544.10000000,1.26872000,1785035939999999,81890.84175390,402,0.21411000,13819.86679260,0
1785035940000000,64544.10000000,64544.11000000,64540.00000000,64540.01000000,0.72393000,1785035999999999,46724.03186610,412,0.20000000,12908.36610720,0
1785036000000000,64540.01000000,64562.61000000,64540.00000000,64562.61000000,7.70921000,1785036059999999,497648.70952460,769,7.17769000,463343.22216840,0
1785036060000000,64562.60000000,64562.60000000,64555.31000000,64555.31000000,2.43511000,1785036119999999,157204.35846550,522,0.17017000,10985.51575670,0
1785036120000000,64555.31000000,64561.88000000,64555.31000000,64561.88000000,1.72300000,1785036179999999,111231.92345780,457,1.37846000,88989.71714710,0
1785036180000000,64561.87000000,64561.88000000,64561.87000000,64561.87000000,1.45596000,1785036239999999,93999.50969620,139,0.94510000,61017.43278800,0
1785036240000000,64561.87000000,64561.88000000,64561.87000000,64561.87000000,1.42810000,1785036299999999,92200.80950650,197,0.29595000,19107.08838600,0
1785036300000000,64561.87000000,64561.88000000,64561.87000000,64561.87000000,1.98318000,1785036359999999,128037.81099580,199,0.16492000,10647.54524960,0
1785036360000000,64561.88000000,64561.88000000,64552.57000000,64552.57000000,3.87560000,1785036419999999,250209.17614610,820,0.41973000,27098.38140410,0
1785036420000000,64552.58000000,64552.58000000,64544.87000000,64544.87000000,16.40213000,1785036479999999,1058706.05560280,590,10.43333000,673418.21543500,0
1785036480000000,64544.88000000,64544.88000000,64541.48000000,64541.48000000,1.15310000,1785036539999999,74423.60248490,382,0.23957000,15462.36337740,0
1785036540000000,64541.49000000,64563.01000000,64541.48000000,64563.00000000,12.38959000,1785036599999999,799793.44080620,1791,11.94705000,771229.18404540,0
1785036600000000,64563.01000000,64563.01000000,64545.18000000,64545.19000000,8.14560000,1785036659999999,525788.75767800,879,0.84488000,54534.78393470,0
1785036660000000,64545.20000000,64545.20000000,64545.19000000,64545.19000000,0.24183000,1785036719999999,15608.96527190,107,0.19742000,12742.51338400,0
1785036720000000,64545.19000000,64549.99000000,64545.19000000,64549.98000000,1.42220000,1785036779999999,91798.14380590,517,0.63235000,40815.59053310,0
1785036780000000,64549.99000000,64569.50000000,64549.98000000,64569.49000000,2.34418000,1785036839999999,151336.74805670,1541,1.80169000,116313.75382460,0
1785036840000000,64569.50000000,64569.50000000,64569.47000000,64569.47000000,3.78590000,1785036899999999,244453.66072240,366,3.30442000,213364.74436980,0
1785036900000000,64569.47000000,64572.00000000,64569.47000000,64572.00000000,1.04230000,1785036959999999,67302.84924680,294,0.63847000,41226.74922830,0
1785036960000000,64572.00000000,64572.01000000,64571.99000000,64572.00000000,2.52489000,1785037019999999,163037.19657090,248,0.26633000,17197.46182160,0
1785037020000000,64572.00000000,64577.60000000,64572.00000000,64577.59000000,2.30107000,1785037079999999,148588.56710570,413,2.16007000,139483.22783400,0
1785037080000000,64577.59000000,64580.15000000,64577.59000000,64580.15000000,3.95472000,1785037139999999,255386.90143770,347,3.66619000,236754.21668500,0
1785037140000000,64580.14000000,64582.00000000,64580.14000000,64582.00000000,2.46885000,1785037199999999,159443.01856050,247,0.25784000,16651.73740960,0
1785037200000000,64581.99000000,64582.00000000,64568.69000000,64568.69000000,2.99379000,1785037259999999,193325.70592440,1049,0.46922000,30297.52090750,0
1785037260000000,64568.69000000,64568.70000000,64568.69000000,64568.69000000,2.65248000,1785037319999999,171267.16399990,133,0.51487000,33244.48656900,0
1785037320000000,64568.69000000,64568.70000000,64568.69000000,64568.69000000,0.34405000,1785037379999999,22214.85968020,182,0.18857000,12175.71975900,0
1785037380000000,64568.70000000,64568.70000000,64553.00000000,64553.01000000,3.69775000,1785037439999999,238748.05968360,817,0.20920000,13506.34953430,0
1785037440000000,64553.01000000,64553.01000000,64545.35000000,64545.36000000,14.02699000,1785037499999999,905469.79256280,776,10.79347000,696740.26688830,0
1785037500000000,64545.35000000,64552.00000000,64545.35000000,64552.00000000,5.63205000,1785037559999999,363530.79811140,626,2.96429000,191337.73976840,0
1785037560000000,64552.00000000,64555.65000000,64549.30000000,64549.30000000,1.03205000,1785037619999999,66621.42958740,596,0.38412000,24795.78735730,0
1785037620000000,64549.30000000,64549.31000000,64548.37000000,64548.38000000,4.59863000,1785037679999999,296838.24177440,272,0.16502000,10651.85923570,0
1785037680000000,64548.37000000,64548.38000000,64548.35000000,64548.35000000,0.45751000,1785037739999999,29531.52268420,235,0.19897000,12843.18881940,0
1785037740000000,64548.35000000,64548.36000000,64548.35000000,64548.35000000,0.31721000,1785037799999999,20475.38372050,106,0.16170000,10437.46981200,0
1785037800000000,64548.36000000,64548.36000000,64546.74000000,64546.74000000,0.71857000,1785037859999999,46382.48984850,233,0.25233000,16287.48735680,0
1785037860000000,64546.75000000,64546.75000000,64546.74000000,64546.75000000,1.50234000,1785037919999999,96971.15600200,121,0.66304000,42797.07712000,0
1785037920000000,64546.74000000,64547.28000000,64546.74000000,64547.27000000,7.31357000,1785037979999999,472067.21213280,280,6.64303000,428786.01536170,0
1785037980000000,64547.28000000,64547.28000000,64547.27000000,64547.27000000,1.82828000,1785038039999999,118010.49973940,195,1.69438000,109367.62028640,0
1785038040000000,64547.28000000,64547.28000000,64547.27000000,64547.28000000,0.72096000,1785038099999999,46536.00296820,83,0.31890000,20584.12759200,0
1785038100000000,64547.27000000,64547.28000000,64547.27000000,64547.28000000,0.23598000,1785038159999999,15231.86576800,114,0.09934000,6412.12679520,0
1785038160000000,64547.28000000,64547.28000000,64530.15000000,64530.15000000,10.64134000,1785038219999999,686775.15118460,887,2.01288000,129906.22693110,0
1785038220000000,64530.16000000,64533.93000000,64530.15000000,64533.92000000,1.13551000,1785038279999999,73277.81038740,401,0.65434000,42226.33838250,0
1785038280000000,64533.92000000,64540.06000000,64533.92000000,64540.06000000,6.04892000,1785038339999999,390368.06181570,339,5.78567000,373379.49873240,0
1785038340000000,64540.05000000,64557.01000000,64540.00000000,64557.00000000,52.20848000,1785038399999999,3369911.34645150,803,37.27580000,2405978.13908820,0
1785038400000000,64557.00000000,64557.01000000,64548.00000000,64548.01000000,3.18335000,1785038459999999,205500.56557750,601,0.36956000,23856.25724930,0
1785038460000000,64548.00000000,64548.00000000,64529.99000000,64538.01000000,43.45662000,1785038519999999,2804584.48489410,1661,8.71602000,562464.14515710,0
1785038520000000,64538.00000000,64538.01000000,64530.36000000,64530.37000000,2.40463000,1785038579999999,155183.42486850,461,0.84253000,54373.35426770,0
1785038580000000,64530.36000000,64530.37000000,64530.36000000,64530.37000000,1.62192000,1785038639999999,104663.09186900,182,1.03778000,66968.32737860,0
1785038640000000,64530.37000000,64536.92000000,64530.00000000,64536.92000000,15.48359000,1785038699999999,999197.54116470,1001,5.47183000,353105.13298290,0
1785038700000000,64536.91000000,64548.00000000,64536.91000000,64548.00000000,3.54346000,1785038759999999,228692.78736020,728,2.81773000,181853.23651890,0
1785038760000000,64547.99000000,64548.00000000,64529.99000000,64530.00000000,4.80217000,1785038819999999,309933.79335320,1188,0.60556000,39080.13494460,0
1785038820000000,64530.00000000,64530.00000000,64525.03000000,64525.03000000,1.06288000,1785038879999999,68586.26096880,519,0.28456000,18362.15405180,0
1785038880000000,64525.03000000,64525.03000000,64509.99000000,64510.24000000,14.56581000,1785038939999999,939666.84951300,949,6.30935000,407017.48462150,0
1785038940000000,64510.24000000,64511.76000000,64510.23000000,64511.75000000,0.91020000,1785038999999999,58718.04801950,319,0.68076000,43916.47228190,0
1785039000000000,64511.76000000,64511.76000000,64511.75000000,64511.76000000,4.43307000,1785039059999999,285985.12580020,245,2.22277000,143394.80477520,0
1785039060000000,64511.76000000,64511.76000000,64511.75000000,64511.76000000,0.26872000,1785039119999999,17335.59960590,99,0.21459000,13843.57857840,0
1785039120000000,64511.76000000,64511.76000000,64511.75000000,64511.75000000,0.32407000,1785039179999999,20906.32517800,162,0.23555000,15195.74506800,0
1785039180000000,64511.75000000,64514.00000000,64505.59000000,64514.00000000,4.21584000,1785039239999999,271961.11040780,846,2.15946000,139305.93981980,0
1785039240000000,64513.99000000,64514.00000000,64505.28000000,64505.29000000,2.63544000,1785039299999999,170014.26407420,550,0.13438000,8668.48125080,0
1785039300000000,64505.28000000,64505.29000000,64492.00000000,64492.01000000,4.49813000,1785039359999999,290124.88982400,499,0.12535000,8085.08902990,0
1785039360000000,64492.01000000,64492.01000000,64491.73000000,64491.73000000,0.41566000,1785039419999999,26806.71366540,197,0.14479000,9337.77377120,0
1785039420000000,64491.74000000,64496.58000000,64491.73000000,64496.57000000,2.42771000,1785039479999999,156568.44328140,402,2.24546000,144814.80360910,0
1785039480000000,64496.58000000,64496.58000000,64496.57000000,64496.57000000,0.29517000,1785039539999999,19037.45493320,204,0.23663000,15261.82572540,0
1785039540000000,64496.58000000,64501.92000000,64496.57000000,64501.92000000,1.13223000,1785039599999999,73028.53166360,435,0.94975000,61258.23965760,0
1785039600000000,64501.91000000,64501.92000000,64501.91000000,64501.91000000,0.87848000,1785039659999999,56663.64518590,98,0.72891000,47016.09450720,0
1785039660000000,64501.91000000,64501.92000000,64501.91000000,64501.92000000,0.27889000,1785039719999999,17988.93912320,97,0.14433000,9309.56211360,0
1785039720000000,64501.92000000,64501.92000000,64501.91000000,64501.91000000,0.56743000,1785039779999999,36600.32367890,159,0.48876000,31525.95841920,0
1785039780000000,64501.92000000,64529.35000000,64501.92000000,64529.34000000,6.95751000,1785039839999999,448851.15461160,905,6.63407000,427983.54606070,0
1785039840000000,64529.35000000,64536.00000000,64529.34000000,64536.00000000,1.55711000,1785039899999999,100482.92974380,564,1.10419000,71254.73547460,0
1785039900000000,64536.00000000,64537.76000000,64535.99000000,64537.75000000,4.67743000,1785039959999999,301863.24363710,277,2.40678000,155324.15938680,0
1785039960000000,64537.76000000,64544.64000000,64537.75000000,64544.64000000,1.27284000,1785040019999999,82148.74677110,462,0.93601000,60410.43563940,0
1785040020000000,64544.64000000,64544.65000000,64544.63000000,64544.64000000,0.56569000,1785040079999999,36512.25789190,172,0.47430000,30613.52382750,0
1785040080000000,64544.64000000,64546.00000000,64544.64000000,64546.00000000,0.74361000,1785040139999999,47996.33981270,394,0.65150000,42051.05579060,0
1785040140000000,64545.99000000,64549.22000000,64545.99000000,64549.22000000,0.58219000,1785040199999999,37578.34689680,388,0.53187000,34330.34063300,0
1785040200000000,64549.22000000,64549.99000000,64549.21000000,64549.99000000,0.31586000,1785040259999999,20388.74190290,281,0.22960000,14820.66273790,0
1785040260000000,64549.98000000,64549.99000000,64538.00000000,64538.01000000,4.80568000,1785040319999999,310187.51404470,920,1.17232000,75659.90890030,0
1785040320000000,64538.01000000,64538.01000000,64538.00000000,64538.01000000,1.21436000,1785040379999999,78372.36712660,187,0.14466000,9336.06852660,0
1785040380000000,64538.01000000,64538.01000000,64538.00000000,64538.01000000,0.17682000,1785040439999999,11411.61018130,125,0.10213000,6591.26696130,0
1785040440000000,64538.00000000,64538.02000000,64538.00000000,64538.01000000,4.37007000,1785040499999999,282035.62044070,265,4.24471000,273945.13660280,0
1785040500000000,64538.02000000,64545.25000000,64538.01000000,64545.24000000,0.47675000,1785040559999999,30769.64090270,322,0.44609000,28790.74777330,0
1785040560000000,64545.25000000,64545.25000000,64534.85000000,64534.86000000,1.51186000,1785040619999999,97579.15706450,508,0.16900000,10908.04231100,0
1785040620000000,64534.86000000,64544.39000000,64534.85000000,64544.38000000,1.08737000,1785040679999999,70174.66377510,406,1.03546000,66824.54601130,0
1785040680000000,64544.39000000,64550.01000000,64544.38000000,64550.00000000,1.50444000,1785040739999999,97106.40014570,506,1.41792000,91521.64985580,0
1785040740000000,64550.01000000,64551.06000000,64550.00000000,64551.06000000,0.34357000,1785040799999999,22177.46345440,136,0.21469000,13858.25699740,0
1785040800000000,64551.05000000,64551.06000000,64551.05000000,64551.06000000,0.33110000,1785040859999999,21372.85548000,92,0.28250000,18235.67445000,0
1785040860000000,64551.06000000,64568.17000000,64551.06000000,64568.17000000,2.36476000,1785040919999999,152676.77309350,772,2.15543000,139161.69017200,0
1785040920000000,64568.16000000,64568.17000000,64568.16000000,64568.17000000,0.40329000,1785040979999999,26039.69486560,92,0.16192000,10454.87808640,0
1785040980000000,64568.17000000,64568.17000000,64562.61000000,64562.62000000,2.32303000,1785041039999999,149988.73388890,596,0.07984000,5154.80768550,0
1785041040000000,64562.62000000,64579.98000000,64562.61000000,64579.98000000,1.99465000,1785041099999999,128789.21299960,666,1.77145000,114377.68669230,0
1785041100000000,64579.98000000,64599.95000000,64579.97000000,64588.01000000,7.82463000,1785041159999999,505394.59107710,2161,4.50383000,290881.23858610,0
1785041160000000,64588.00000000,64588.01000000,64564.00000000,64564.00000000,3.57201000,1785041219999999,230679.95480400,1094,0.80631000,52073.19738290,0
1785041220000000,64564.01000000,64564.01000000,64557.63000000,64557.64000000,1.68661000,1785041279999999,108888.38994900,387,0.29321000,18928.95481900,0
1785041280000000,64557.63000000,64566.01000000,64557.63000000,64566.01000000,2.29136000,1785041339999999,147929.61865960,620,2.05674000,132781.33095950,0
1785041340000000,64566.01000000,64566.01000000,64566.00000000,64566.01000000,0.18421000,1785041399999999,11893.70415440,93,0.12944000,8357.42433440,0
1785041400000000,64566.00000000,64566.01000000,64566.00000000,64566.00000000,0.70995000,1785041459999999,45838.63383800,145,0.21380000,13804.21293800,0
1785041460000000,64566.00000000,64566.00000000,64556.00000000,64556.00000000,3.92007000,1785041519999999,253091.97430890,935,1.07295000,69272.28915890,0
1785041520000000,64556.01000000,64556.01000000,64556.00000000,64556.01000000,0.36359000,1785041579999999,23471.91886190,166,0.28219000,18217.06046190,0
1785041580000000,64556.01000000,64563.50000000,64543.00000000,64543.00000000,3.24634000,1785041639999999,209572.87829950,1160,1.55803000,100584.58377560,0
1785041640000000,64543.01000000,64552.00000000,64543.00000000,64551.99000000,2.21736000,1785041699999999,143121.08873100,521,1.95155000,125963.26499270,0
1785041700000000,64552.00000000,64552.00000000,64538.00000000,64538.00000000,2.14270000,1785041759999999,138305.34842700,1069,0.16186000,10447.36213490,0
1785041760000000,64538.00000000,64538.01000000,64534.01000000,64534.01000000,1.22354000,1785041819999999,78961.58792090,334,0.33879000,21863.56290960,0
1785041820000000,64534.02000000,64534.02000000,64534.01000000,64534.02000000,1.80802000,1785041879999999,116678.78198910,213,0.12289000,7930.58571780,0
1785041880000000,64534.01000000,64534.02000000,64532.05000000,64532.05000000,2.13705000,1785041939999999,137911.69173410,399,0.26958000,17397.00154200,0
1785041940000000,64532.05000000,64562.01000000,64508.01000000,64530.06000000,238.85163000,1785041999999999,15418015.76151240,4169,76.23000000,4920081.85220270,0
1785042000000000,64530.06000000,64530.07000000,64511.94000000,64511.95000000,3.00589000,1785042059999999,193948.64835170,718,0.44961000,29006.19994290,0
1785042060000000,64511.94000000,64511.95000000,64503.96000000,64503.97000000,2.26105000,1785042119999999,145857.76728310,495,0.52105000,33613.60082650,0
1785042120000000,64503.97000000,64503.97000000,64495.47000000,64495.47000000,2.25256000,1785042179999999,145294.25259660,756,0.38159000,24611.99716200,0
1785042180000000,64495.48000000,64507.97000000,64495.47000000,64507.96000000,8.29281000,1785042239999999,534861.06105910,951,7.34358000,473638.60122160,0
1785042240000000,64507.96000000,64507.97000000,64507.96000000,64507.96000000,0.65102000,1785042299999999,41995.97489700,166,0.27778000,17919.02390660,0
1785042300000000,64507.97000000,64507.97000000,64507.96000000,64507.97000000,1.46012000,1785042359999999,94189.36503430,186,0.24791000,15992.17084270,0
1785042360000000,64507.96000000,64507.97000000,64507.96000000,64507.96000000,1.22751000,1785042419999999,79184.17283830,146,0.68587000,44244.08138390,0
1785042420000000,64507.96000000,64507.97000000,64503.95000000,64503.97000000,3.33816000,1785042479999999,215329.63044950,595,0.29639000,19118.34818290,0
1785042480000000,64503.97000000,64503.97000000,64503.96000000,64503.96000000,1.09400000,1785042539999999,70567.34190360,147,0.96636000,62334.05644920,0
1785042540000000,64503.96000000,64503.97000000,64503.96000000,64503.97000000,0.77913000,1785042599999999,50256.97175100,104,0.13962000,9006.04429140,0
1785042600000000,64503.96000000,64503.97000000,64503.96000000,64503.96000000,0.31030000,1785042659999999,20015.58049680,134,0.17088000,11022.43839360,0
1785042660000000,64503.96000000,64518.41000000,64503.96000000,64515.19000000,5.83298000,1785042719999999,376270.26774970,687,4.90763000,316580.97888500,0
1785042720000000,64515.20000000,64520.00000000,64515.19000000,64520.00000000,0.87648000,1785042779999999,56547.84709550,364,0.70856000,45713.86829500,0
1785042780000000,64520.00000000,64520.00000000,64519.99000000,64520.00000000,0.82904000,1785042839999999,53489.65457350,103,0.20639000,13316.28280000,0
1785042840000000,64520.00000000,64520.00000000,64519.99000000,64520.00000000,0.69910000,1785042899999999,45105.93016560,138,0.51566000,33270.38320000,0
1785042900000000,64520.00000000,64520.00000000,64519.99000000,64519.99000000,0.73387000,1785042959999999,47349.28670060,146,0.16393000,10576.76360000,0
1785042960000000,64520.00000000,64520.00000000,64512.08000000,64512.09000000,2.75460000,1785043019999999,177720.85573280,737,0.26515000,17105.64375010,0
1785043020000000,64512.08000000,64512.09000000,64512.07000000,64512.07000000,1.29830000,1785043079999999,83756.03229070,269,0.26611000,17167.31056370,0
1785043080000000,64512.07000000,64512.08000000,64505.99000000,64506.00000000,1.24895000,1785043139999999,80567.40212860,522,0.32371000,20881.45286950,0
1785043140000000,64506.00000000,64506.00000000,64505.99000000,64506.00000000,1.82533000,1785043199999999,117744.72142020,120,0.26935000,17374.69110000,0
1785043200000000,64506.00000000,64506.00000000,64505.99000000,64506.00000000,0.30526000,1785043259999999,19691.10103080,127,0.25234000,16277.44404000,0
1785043260000000,64506.00000000,64506.00000000,64505.99000000,64505.99000000,0.85519000,1785043319999999,55164.87942680,88,0.18387000,11860.71822000,0
1785043320000000,64505.99000000,64506.00000000,64505.98000000,64505.99000000,0.46519000,1785043379999999,30007.54320530,243,0.24563000,15844.60849970,0
1785043380000000,64505.99000000,64505.99000000,64505.98000000,64505.99000000,1.11900000,1785043439999999,72182.19461470,143,0.29947000,19317.60882530,0
1785043440000000,64505.99000000,64505.99000000,64505.98000000,64505.99000000,0.62577000,1785043499999999,40365.91054010,140,0.34355000,22161.03286450,0
1785043500000000,64505.99000000,64505.99000000,64505.98000000,64505.99000000,0.85115000,1785043559999999,54904.26613250,131,0.12555000,8098.72704450,0
1785043560000000,64505.98000000,64505.99000000,64503.95000000,64503.96000000,4.69689000,1785043619999999,302970.55051300,523,2.83714000,183006.76897200,0
1785043620000000,64503.95000000,64503.96000000,64500.00000000,64500.00000000,1.66383000,1785043679999999,107321.74670420,532,0.33690000,21730.70532030,0
1785043680000000,64500.01000000,64500.01000000,64500.00000000,64500.00000000,0.77814000,1785043739999999,50190.03384500,354,0.38450000,24800.25384500,0
1785043740000000,64500.00000000,64500.00000000,64493.00000000,64493.00000000,1.37585000,1785043799999999,88736.71433680,641,0.09858000,6357.78808580,0
1785043800000000,64493.01000000,64493.01000000,64487.58000000,64487.59000000,1.83588000,1785043859999999,118394.71413740,405,0.89516000,57727.03073600,0
1785043860000000,64487.59000000,64487.59000000,64470.00000000,64470.00000000,3.66718000,1785043919999999,236447.86119070,1032,0.13404000,8642.00491410,0
1785043920000000,64470.01000000,64470.01000000,64403.95000000,64434.00000000,16.71087000,1785043979999999,1076621.10032410,2984,7.00909000,451511.46345030,0
1785043980000000,64434.00000000,64444.00000000,64432.00000000,64432.00000000,2.78558000,1785044039999999,179498.79680610,926,1.03759000,66859.54370180,0
1785044040000000,64432.01000000,64470.00000000,64432.00000000,64467.40000000,5.64764000,1785044099999999,363995.05693620,1311,4.72510000,304519.82316320,0
1785044100000000,64467.39000000,64470.00000000,64467.39000000,64469.99000000,1.21879000,1785044159999999,78572.71945200,227,0.65120000,41981.60135990,0
1785044160000000,64469.99000000,64470.00000000,64468.64000000,64468.64000000,2.58169000,1785044219999999,166441.47509030,402,1.60784000,103657.44274800,0
1785044220000000,64468.64000000,64468.65000000,64468.64000000,64468.65000000,0.75912000,1785044279999999,48939.43566050,179,0.16637000,10725.64930050,0
1785044280000000,64468.65000000,64468.65000000,64468.64000000,64468.65000000,0.38169000,1785044339999999,24607.03672350,140,0.15219000,9811.48384350,0
1785044340000000,64468.65000000,64473.00000000,64468.64000000,64472.99000000,3.74040000,1785044399999999,241142.29472170,524,3.22154000,207691.93204640,0
1785044400000000,64473.00000000,64473.00000000,64472.99000000,64473.00000000,0.29876000,1785044459999999,19261.95313390,107,0.26415000,17030.54295000,0
1785044460000000,64473.00000000,64473.00000000,64469.06000000,64469.06000000,2.45893000,1785044519999999,158534.34957960,675,0.09833000,6339.62097240,0
1785044520000000,64469.06000000,64473.01000000,64464.23000000,64473.01000000,1.74544000,1785044579999999,112522.35989290,781,1.40297000,90444.52731550,0
1785044580000000,64473.00000000,64473.85000000,64473.00000000,64473.85000000,1.20981000,1785044639999999,78000.15512940,307,0.22454000,14476.79637950,0
1785044640000000,64473.85000000,64475.68000000,64473.84000000,64475.68000000,1.18538000,1785044699999999,76426.24244840,473,0.70101000,45196.96666500,0
1785044700000000,64475.67000000,64475.68000000,64466.45000000,64466.46000000,4.03249000,1785044759999999,259979.38662650,966,0.54070000,34858.49878880,0
1785044760000000,64466.45000000,64466.46000000,64466.45000000,64466.45000000,0.74225000,1785044819999999,47850.22396110,225,0.14486000,9338.61139560,0
1785044820000000,64466.46000000,64466.46000000,64466.45000000,64466.46000000,0.38223000,1785044879999999,24641.01283510,226,0.16516000,10647.28053360,0
1785044880000000,64466.46000000,64466.46000000,64466.45000000,64466.45000000,0.45124000,1785044939999999,29089.84307910,192,0.21811000,14060.77959060,0
1785044940000000,64466.45000000,64466.46000000,64464.73000000,64464.74000000,1.47620000,1785044999999999,95164.39913370,608,0.22726000,14650.27272240,0
1785045000000000,64464.73000000,64464.74000000,64464.00000000,64464.73000000,1.18188000,1785045059999999,76189.20503100,441,0.57194000,36869.69087320,0
1785045060000000,64464.74000000,64464.74000000,64460.00000000,64460.00000000,1.97168000,1785045119999999,127100.72452840,694,0.14829000,9559.00645250,0
1785045120000000,64460.01000000,64460.01000000,64450.00000000,64450.00000000,2.08942000,1785045179999999,134672.63933470,1074,0.44233000,28511.47289020,0
1785045180000000,64450.00000000,64450.01000000,64448.58000000,64448.58000000,0.57588000,1785045239999999,37115.14441940,317,0.18548000,11954.05563860,0
1785045240000000,64448.58000000,64448.59000000,64442.85000000,64442.86000000,1.60978000,1785045299999999,103745.52727170,1001,0.18650000,12019.07431030,0
1785045300000000,64442.85000000,64442.86000000,64435.63000000,64435.64000000,3.69153000,1785045359999999,237868.39807130,696,2.82803000,182225.99916050,0
1785045360000000,64435.64000000,64435.64000000,64430.00000000,64430.00000000,1.15667000,1785045419999999,74526.98436240,743,0.40253000,25935.99931420,0
1785045420000000,64430.00000000,64430.01000000,64427.99000000,64428.01000000,1.39914000,1785045479999999,90144.16497870,405,0.14129000,9103.10857290,0
1785045480000000,64428.00000000,64428.01000000,64428.00000000,64428.00000000,6.63840000,1785045539999999,427698.86630900,644,3.11090000,200429.09630900,0
1785045540000000,64428.00000000,64428.01000000,64417.68000000,64417.69000000,4.01166000,1785045599999999,258451.69467640,962,0.52658000,33922.14048570,0
1785045600000000,64417.68000000,64420.00000000,64417.68000000,64420.00000000,0.96696000,1785045659999999,62290.23259770,311,0.74807000,48189.34228020,0
1785045660000000,64419.99000000,64420.00000000,64418.00000000,64418.01000000,1.84415000,1785045719999999,118797.88699760,324,0.38618000,24876.98901120,0
1785045720000000,64418.00000000,64418.01000000,64418.00000000,64418.01000000,0.71221000,1785045779999999,45879.14652080,181,0.27408000,17655.68818080,0
1785045780000000,64418.01000000,64422.17000000,64418.00000000,64422.17000000,2.58085000,1785045839999999,166255.74312050,510,2.24794000,144809.87580850,0
1785045840000000,64422.17000000,64437.88000000,64401.99000000,64401.99000000,114.45903000,1785045899999999,7372659.28807580,1777,57.74486000,3719136.93444360,0
1785045900000000,64401.98000000,64401.99000000,64389.99000000,64392.58000000,14.95648000,1785045959999999,963131.88411600,655,1.32172000,85106.76276840,0
1785045960000000,64392.58000000,64392.58000000,64374.23000000,64380.01000000,16.27030000,1785046019999999,1047623.25731000,748,1.81147000,116628.99423430,0
1785046020000000,64380.01000000,64380.02000000,64379.64000000,64379.64000000,1.11763000,1785046079999999,71952.70738780,273,0.43202000,27813.29752150,0
1785046080000000,64379.64000000,64379.65000000,64373.42000000,64375.21000000,2.59198000,1785046139999999,166865.11507530,493,0.84356000,54303.81381930,0
1785046140000000,64375.20000000,64376.64000000,64375.20000000,64376.64000000,0.46261000,1785046199999999,29781.21052760,178,0.32037000,20624.29921120,0
1785046200000000,64376.63000000,64376.64000000,64376.63000000,64376.63000000,0.83099000,1785046259999999,53496.34004350,148,0.42798000,27551.91438720,0
1785046260000000,64376.64000000,64376.64000000,64355.32000000,64355.33000000,3.87819000,1785046319999999,249620.38642390,702,0.58089000,37384.86352490,0
1785046320000000,64355.32000000,64355.33000000,64350.00000000,64350.00000000,1.54518000,1785046379999999,99436.97723850,369,0.23413000,15067.30622410,0
1785046380000000,64350.00000000,64350.01000000,64350.00000000,64350.01000000,1.55742000,1785046439999999,100219.98120010,149,0.42001000,27027.64770010,0
1785046440000000,64350.01000000,64350.01000000,64350.00000000,64350.00000000,1.12241000,1785046499999999,72227.08623190,172,0.27319000,17579.77923190,0
1785046500000000,64350.00000000,64350.01000000,64350.00000000,64350.00000000,1.07972000,1785046559999999,69479.98342290,165,0.14229000,9156.36292290,0
1785046560000000,64350.00000000,64353.95000000,64350.00000000,64353.94000000,2.08414000,1785046619999999,134120.98316860,302,0.48103000,30955.21288280,0
1785046620000000,64353.94000000,64353.95000000,64353.94000000,64353.94000000,1.28521000,1785046679999999,82708.32876950,135,0.15421000,9924.02262950,0
1785046680000000,64353.94000000,64357.42000000,64353.94000000,64357.42000000,1.84468000,1785046739999999,118713.09839420,312,1.11933000,72033.92917580,0
1785046740000000,64357.41000000,64357.42000000,64333.00000000,64333.01000000,16.75190000,1785046799999999,1077969.35829930,1826,0.34778000,22378.26206950,0
1785046800000000,64333.01000000,64333.01000000,64318.47000000,64318.47000000,3.26248000,1785046859999999,209860.08166750,1067,0.88288000,56792.47604880,0
1785046860000000,64318.47000000,64318.48000000,64300.11000000,64312.64000000,20.49344000,1785046919999999,1317872.87062340,1684,8.14695000,523883.29854420,0
1785046920000000,64312.63000000,64312.64000000,64299.80000000,64299.80000000,3.33388000,1785046979999999,214384.86571510,675,0.28833000,18540.89229170,0
1785046980000000,64299.80000000,64299.81000000,64296.24000000,64296.24000000,2.08443000,1785047039999999,134022.53644200,443,0.21038000,13526.69032260,0
1785047040000000,64296.25000000,64296.25000000,64293.81000000,64293.82000000,1.77435000,1785047099999999,114081.25328650,363,0.50858000,32698.62637850,0
1785047100000000,64293.82000000,64304.38000000,64293.81000000,64304.38000000,4.57473000,1785047159999999,294135.07903840,545,2.73448000,175815.85590130,0
1785047160000000,64304.37000000,64304.38000000,64304.37000000,64304.37000000,0.54778000,1785047219999999,35224.65074070,126,0.29421000,18918.99163980,0
1785047220000000,64304.37000000,64304.38000000,64293.81000000,64301.77000000,5.78043000,1785047279999999,371689.21469820,836,1.38826000,89259.45922870,0
1785047280000000,64301.76000000,64301.77000000,64301.76000000,64301.76000000,0.75482000,1785047339999999,48536.25721100,247,0.27278000,17540.23682060,0
1785047340000000,64301.77000000,64301.77000000,64301.76000000,64301.76000000,1.92838000,1785047399999999,123998.23329850,236,0.53497000,34399.51789690,0
1785047400000000,64301.76000000,64301.77000000,64301.76000000,64301.77000000,1.02653000,1785047459999999,66007.69513040,166,0.94376000,60685.43845520,0
1785047460000000,64301.77000000,64301.99000000,64301.76000000,64301.99000000,1.27058000,1785047519999999,81700.57603400,279,0.52136000,33524.40322940,0
1785047520000000,64301.99000000,64311.05000000,64301.99000000,64310.99000000,1.31008000,1785047579999999,84246.97479250,519,0.92698000,59609.77759220,0
1785047580000000,64311.00000000,64322.90000000,64310.99000000,64322.90000000,2.64650000,1785047639999999,170208.55544190,729,2.05261000,132013.53966420,0
1785047640000000,64322.90000000,64337.75000000,64322.89000000,64337.74000000,2.07730000,1785047699999999,133627.88878040,1038,1.87933000,120893.38725370,0
1785047700000000,64337.74000000,64351.78000000,64337.74000000,64351.78000000,5.37424000,1785047759999999,345824.16633530,751,3.88386000,249921.61206710,0
1785047760000000,64351.77000000,64351.78000000,64351.77000000,64351.78000000,1.37865000,1785047819999999,88718.58071420,247,1.30037000,83681.12415860,0
1785047820000000,64351.77000000,64353.00000000,64351.77000000,64353.00000000,0.75264000,1785047879999999,48434.35732320,316,0.34895000,22455.77256530,0
1785047880000000,64353.00000000,64366.01000000,64352.99000000,64366.00000000,2.30586000,1785047939999999,148407.42812570,611,2.09416000,134781.20438590,0
1785047940000000,64366.00000000,64400.01000000,64360.40000000,64384.46000000,118.05981000,1785047999999999,7601745.48931030,2051,46.28235000,2979826.25447010,0
1785048000000000,64384.46000000,64384.47000000,64372.00000000,64372.01000000,3.66896000,1785048059999999,236194.51414300,796,0.45182000,29085.77290590,0
1785048060000000,64372.01000000,64373.00000000,64372.00000000,64372.99000000,0.56159000,1785048119999999,36150.74160580,251,0.43208000,27813.90379870,0
1785048120000000,64373.00000000,64373.00000000,64372.99000000,64373.00000000,0.52850000,1785048179999999,34021.12864790,157,0.34329000,22098.60717000,0
1785048180000000,64372.99000000,64373.70000000,64372.99000000,64373.70000000,0.65880000,1785048239999999,42409.07530570,212,0.41861000,26947.19122660,0
1785048240000000,64373.70000000,64374.00000000,64373.69000000,64374.00000000,0.83741000,1785048299999999,53907.29149720,336,0.55355000,35634.12674730,0
1785048300000000,64373.99000000,64381.86000000,64373.99000000,64381.85000000,0.76934000,1785048359999999,49528.17003530,695,0.62775000,40412.72897080,0
1785048360000000,64381.85000000,64384.91000000,64381.85000000,64384.91000000,0.79227000,1785048419999999,51008.26738950,564,0.73580000,47372.56641660,0
1785048420000000,64384.91000000,64400.01000000,64384.90000000,64400.01000000,1.47052000,1785048479999999,94697.29567420,684,0.76228000,49086.77306640,0
1785048480000000,64400.01000000,64403.35000000,64400.00000000,64403.35000000,1.78266000,1785048539999999,114804.58955820,363,0.98639000,63524.29708470,0
1785048540000000,64403.36000000,64403.36000000,64403.35000000,64403.36000000,4.17201000,1785048599999999,268691.45009940,256,2.98659000,192346.43094240,0
1785048600000000,64403.36000000,64403.36000000,64398.99000000,64398.99000000,6.07541000,1785048659999999,391268.22672780,526,0.78491000,50549.89796800,0
1785048660000000,64399.00000000,64405.45000000,64398.99000000,64405.45000000,1.31922000,1785048719999999,84958.74950790,540,0.82859000,53362.48506470,0
1785048720000000,64405.46000000,64420.03000000,64405.45000000,64419.99000000,2.72307000,1785048779999999,175406.99545440,1304,2.41959000,155858.26250490,0
1785048780000000,64419.99000000,64421.60000000,64419.99000000,64421.59000000,0.83736000,1785048839999999,53942.87806910,213,0.69289000,44636.09860980,0
1785048840000000,64421.59000000,64430.79000000,64421.59000000,64430.78000000,0.66419000,1785048899999999,42789.81046300,602,0.39369000,25363.43749560,0
1785048900000000,64430.79000000,64449.54000000,64430.78000000,64444.38000000,2.23640000,1785048959999999,144124.23618390,1218,1.05249000,67823.62083160,0
1785048960000000,64444.37000000,64444.38000000,64425.60000000,64436.00000000,3.50985000,1785049019999999,226146.10606920,1113,1.74313000,112307.43687920,0
1785049020000000,64435.99000000,64457.55000000,64435.99000000,64438.01000000,6.17719000,1785049079999999,398122.48835250,2167,1.57419000,101451.02032600,0
1785049080000000,64438.01000000,64438.01000000,64438.00000000,64438.00000000,0.47804000,1785049139999999,30803.94565760,132,0.41376000,26661.87101760,0
1785049140000000,64438.00000000,64438.01000000,64438.00000000,64438.00000000,0.29407000,1785049199999999,18949.28483000,159,0.21700000,13983.04817000,0
1785049200000000,64438.01000000,64438.01000000,64438.00000000,64438.01000000,1.07250000,1785049259999999,69109.75733230,206,0.23323000,15028.87707230,0
1785049260000000,64438.01000000,64457.93000000,64438.00000000,64457.92000000,2.35902000,1785049319999999,152032.72298690,687,2.11322000,136189.65093960,0
1785049320000000,64457.93000000,64460.00000000,64457.92000000,64460.00000000,4.18868000,1785049379999999,270001.26438870,438,3.62516000,233677.45647330,0
1785049380000000,64460.00000000,64460.00000000,64446.01000000,64446.02000000,2.16760000,1785049439999999,139711.29714020,583,0.22974000,14806.34089260,0
1785049440000000,64446.01000000,64446.02000000,64434.99000000,64435.00000000,12.27842000,1785049499999999,791217.71572790,475,0.33624000,21668.33388740,0
1785049500000000,64435.00000000,64435.00000000,64427.47000000,64427.47000000,1.81314000,1785049559999999,116823.47853420,379,0.29877000,19249.16273720,0
1785049560000000,64427.48000000,64427.48000000,64427.47000000,64427.48000000,2.21460000,1785049619999999,142681.07731720,198,0.22552000,14529.68528960,0
1785049620000000,64427.48000000,64427.48000000,64424.45000000,64424.45000000,0.94751000,1785049679999999,61043.62463530,273,0.36544000,23543.31606660,0
1785049680000000,64424.46000000,64435.52000000,64424.46000000,64435.52000000,1.55497000,1785049739999999,100181.26605060,692,1.40000000,90196.85364670,0
1785049740000000,64435.51000000,64435.52000000,64423.00000000,64423.01000000,1.76590000,1785049799999999,113776.07681770,697,0.34364000,22139.51563950,0
1785049800000000,64423.00000000,64423.01000000,64398.88000000,64398.88000000,3.02157000,1785049859999999,194631.60752610,1376,0.17366000,11185.56960390,0
1785049860000000,64398.89000000,64398.89000000,64398.28000000,64398.29000000,2.53252000,1785049919999999,163091.13612050,394,0.31199000,20091.62767580,0
1785049920000000,64398.28000000,64404.00000000,64398.28000000,64404.00000000,1.08471000,1785049979999999,69856.87729770,435,0.88981000,57304.56380000,0
1785049980000000,64404.00000000,64411.14000000,64403.99000000,64411.13000000,0.81197000,1785050039999999,52296.92336220,445,0.66557000,42867.97430980,0
1785050040000000,64411.13000000,64428.02000000,64411.13000000,64428.01000000,14.78752000,1785050099999999,952671.45621230,738,14.54260000,936893.50832840,0
1785050100000000,64428.01000000,64438.16000000,64428.01000000,64437.68000000,2.73891000,1785050159999999,176472.53077600,557,2.18141000,140553.77609300,0
1785050160000000,64437.69000000,64437.69000000,64437.68000000,64437.68000000,0.47134000,1785050219999999,30372.05914290,204,0.30517000,19664.44985730,0
1785050220000000,64437.68000000,64437.69000000,64430.00000000,64430.01000000,1.67859000,1785050279999999,108162.71483010,568,0.19638000,12654.16489020,0
1785050280000000,64430.01000000,64430.01000000,64428.26000000,64428.27000000,2.83006000,1785050339999999,182336.53483760,407,1.72253000,110979.70566630,0
1785050340000000,64428.27000000,64428.27000000,64404.00000000,64404.01000000,3.40823000,1785050399999999,219546.34505610,1628,0.30344000,19545.49876180,0
1785050400000000,64404.01000000,64404.01000000,64388.61000000,64388.62000000,5.44388000,1785050459999999,350569.98157320,856,0.21869000,14083.75931230,0
1785050460000000,64388.62000000,64388.62000000,64368.00000000,64374.02000000,3.94946000,1785050519999999,254255.95544850,1459,0.89337000,57506.73516970,0
1785050520000000,64374.02000000,64376.20000000,64374.02000000,64376.20000000,0.60756000,1785050579999999,39111.15637640,349,0.35874000,23093.59890580,0
1785050580000000,64376.19000000,64376.20000000,64376.19000000,64376.20000000,0.84202000,1785050639999999,54206.04213480,307,0.26310000,16937.37822000,0
1785050640000000,64376.20000000,64376.20000000,64370.83000000,64370.83000000,0.87770000,1785050699999999,56501.48186320,471,0.17202000,11073.76419440,0
1785050700000000,64370.84000000,64370.84000000,64357.84000000,64365.99000000,9.95510000,1785050759999999,640745.05940200,876,1.18226000,76094.18072820,0
1785050760000000,64366.00000000,64366.00000000,64365.99000000,64366.00000000,1.31770000,1785050819999999,84815.06955160,184,0.45286000,29148.78676000,0
1785050820000000,64365.99000000,64367.39000000,64365.99000000,64367.38000000,0.70401000,1785050879999999,45315.10363100,246,0.44169000,28430.26297610,0
1785050880000000,64367.39000000,64367.99000000,64367.38000000,64367.98000000,0.59505000,1785050939999999,38301.86375440,234,0.52826000,34002.75126420,0
1785050940000000,64367.99000000,64367.99000000,64367.98000000,64367.98000000,0.24819000,1785050999999999,15975.49076870,137,0.18125000,11666.69818750,0
1785051000000000,64367.98000000,64367.99000000,64367.98000000,64367.99000000,0.79245000,1785051059999999,51008.40828820,156,0.25372000,16331.44642280,0
1785051060000000,64367.98000000,64367.99000000,64367.98000000,64367.99000000,1.26517000,1785051119999999,81436.43980900,204,0.25524000,16429.28576760,0
1785051120000000,64367.99000000,64367.99000000,64361.19000000,64361.22000000,3.99808000,1785051179999999,257332.62679240,653,1.09124000,70233.56641410,0
1785051180000000,64361.22000000,64362.43000000,64361.22000000,64362.43000000,1.87463000,1785051239999999,120653.96570840,209,1.05910000,68165.29086700,0
1785051240000000,64362.42000000,64362.44000000,64362.42000000,64362.44000000,0.40801000,1785051299999999,26260.51391000,200,0.21469000,13817.97053550,0
1785051300000000,64362.43000000,64363.62000000,64362.43000000,64362.45000000,3.40900000,1785051359999999,219414.91204630,194,0.36602000,23557.94239950,0
1785051360000000,64362.46000000,64362.49000000,64362.45000000,64362.49000000,2.51744000,1785051419999999,162028.63024870,164,2.40710000,154926.87751570,0
1785051420000000,64362.50000000,64362.50000000,64362.49000000,64362.49000000,11.40268000,1785051479999999,733904.97918050,202,10.17073000,654613.60962500,0
1785051480000000,64362.49000000,64362.50000000,64354.00000000,64354.00000000,2.21278000,1785051539999999,142413.61493230,457,0.18697000,12032.32604780,0
1785051540000000,64354.01000000,64354.01000000,64354.00000000,64354.01000000,0.54795000,1785051599999999,35262.77538450,163,0.10845000,6979.19238450,0
1785051600000000,64354.00000000,64357.42000000,64349.17000000,64357.42000000,2.97002000,1785051659999999,191129.41483730,460,1.96279000,126311.22792100,0
1785051660000000,64357.42000000,64362.49000000,64357.41000000,64362.48000000,1.26452000,1785051719999999,81386.12433950,253,0.53446000,34397.69804290,0
1785051720000000,64362.49000000,64362.49000000,64362.48000000,64362.49000000,0.68780000,1785051779999999,44268.51609860,196,0.23546000,15154.79189540,0
1785051780000000,64362.48000000,64375.72000000,64362.48000000,64375.71000000,67.05566000,1785051839999999,4315943.60294050,834,66.26593000,4265112.97017950,0
1785051840000000,64375.71000000,64375.72000000,64341.99000000,64342.00000000,32.32913000,1785051899999999,2080530.50761120,1243,1.28397000,82623.99476690,0
1785051900000000,64341.99000000,64350.15000000,64341.99000000,64350.15000000,3.08942000,1785051959999999,198791.83272140,822,2.44578000,157375.57932910,0
1785051960000000,64350.16000000,64361.06000000,64350.16000000,64361.06000000,1.75748000,1785052019999999,113104.63492290,516,1.57043000,101066.30549770,0
1785052020000000,64361.06000000,64366.20000000,64361.05000000,64366.19000000,1.57554000,1785052079999999,101405.11789570,370,1.37749000,88658.34138720,0
1785052080000000,64366.20000000,64367.65000000,64366.20000000,64367.65000000,0.52751000,1785052139999999,33954.56536620,201,0.28883000,18591.29705100,0
1785052140000000,64367.64000000,64375.74000000,64367.64000000,64375.74000000,1.26804000,1785052199999999,81626.97597580,535,1.10325000,71018.87065100,0
1785052200000000,64375.73000000,64375.74000000,64375.73000000,64375.74000000,1.63170000,1785052259999999,105041.88586540,166,0.72244000,46507.60960560,0
1785052260000000,64375.74000000,64375.74000000,64366.00000000,64366.01000000,2.97899000,1785052319999999,191769.56471680,502,0.17590000,11322.71275770,0
1785052320000000,64366.00000000,64366.01000000,64366.00000000,64366.01000000,4.86002000,1785052379999999,312820.09019930,259,4.28793000,275996.94525930,0
1785052380000000,64366.00000000,64372.01000000,64366.00000000,64372.01000000,6.70219000,1785052439999999,431404.18180480,982,6.02441000,387777.10189550,0
1785052440000000,64372.00000000,64372.01000000,64367.99000000,64368.00000000,7.81484000,1785052499999999,503054.39420360,522,0.22465000,14461.11309950,0
1785052500000000,64368.00000000,64368.00000000,64367.99000000,64367.99000000,1.30619000,1785052559999999,84076.82735560,279,0.24975000,16075.90800000,0
1785052560000000,64368.00000000,64368.00000000,64360.01000000,64360.02000000,9.04540000,1785052619999999,582221.71366270,673,2.11524000,136152.32384180,0
1785052620000000,64360.01000000,64360.02000000,64359.99000000,64360.00000000,1.41856000,1785052679999999,91298.52575140,350,0.27402000,17635.92907210,0
1785052680000000,64359.99000000,64360.00000000,64359.99000000,64359.99000000,1.16603000,1785052739999999,75045.68702490,305,0.78852000,50749.14720000,0
1785052740000000,64360.00000000,64370.00000000,64359.99000000,64370.00000000,7.35169000,1785052799999999,473201.56306900,1493,6.78106000,436472.27100530,0
1785052800000000,64370.00000000,64374.00000000,64360.65000000,64360.66000000,61.24438000,1785052859999999,3942139.79444860,2769,5.30829000,341663.82978730,0
1785052860000000,64360.65000000,64363.60000000,64360.65000000,64363.60000000,6.94788000,1785052919999999,447176.70390180,940,6.40261000,412081.76001180,0
1785052920000000,64363.59000000,64365.32000000,64354.00000000,64354.01000000,3.46866000,1785052979999999,223256.76853460,997,0.91942000,59177.18085890,0
1785052980000000,64354.01000000,64354.01000000,64353.00000000,64353.00000000,1.84647000,1785053039999999,118826.48988780,414,0.90786000,58423.72957860,0
1785053040000000,64353.00000000,64353.01000000,64353.00000000,64353.01000000,1.48242000,1785053099999999,95398.17793040,140,0.36704000,23620.12879040,0
1785053100000000,64353.01000000,64353.01000000,64353.00000000,64353.00000000,0.54360000,1785053159999999,34982.29464080,120,0.38408000,24716.70408080,0
1785053160000000,64353.01000000,64355.87000000,64353.00000000,64355.87000000,1.68047000,1785053219999999,108144.62933150,424,1.22378000,78755.09482240,0
1785053220000000,64355.87000000,64366.05000000,64355.86000000,64366.05000000,5.74933000,1785053279999999,370029.70060500,589,5.59369000,360012.77086140,0
1785053280000000,64366.05000000,64373.00000000,64366.04000000,64373.00000000,2.06485000,1785053339999999,132906.88862180,362,0.80834000,52030.12047430,0
1785053340000000,64373.00000000,64377.92000000,64372.99000000,64377.91000000,2.50017000,1785053399999999,160950.75620510,400,1.95114000,125607.04441460,0
1785053400000000,64377.92000000,64377.93000000,64377.91000000,64377.93000000,1.35183000,1785053459999999,87027.99750040,291,0.48908000,31485.95546560,0
1785053460000000,64377.93000000,64382.05000000,64377.92000000,64382.04000000,3.47347000,1785053519999999,223625.03272160,905,3.23342000,208170.73535080,0
1785053520000000,64382.05000000,64383.95000000,64382.05000000,64383.94000000,0.66837000,1785053579999999,43031.97863730,257,0.58918000,37933.41442870,0
1785053580000000,64383.94000000,64390.35000000,64383.94000000,64390.35000000,3.72131000,1785053639999999,239607.40264320,772,3.53062000,227329.84640060,0
1785053640000000,64390.34000000,64392.73000000,64390.34000000,64392.73000000,2.88477000,1785053699999999,185754.71447860,398,1.72950000,111363.90249440,0
1785053700000000,64392.72000000,64398.81000000,64392.72000000,64398.80000000,0.81242000,1785053759999999,52315.13460170,430,0.66267000,42672.14797530,0
1785053760000000,64398.80000000,64398.81000000,64398.80000000,64398.81000000,0.73555000,1785053819999999,47368.54238520,182,0.50452000,32490.48762120,0
1785053820000000,64398.81000000,64412.99000000,64398.80000000,64412.99000000,2.24019000,1785053879999999,144275.75437660,833,1.96097000,126293.29376020,0
1785053880000000,64412.98000000,64412.99000000,64402.87000000,64402.88000000,4.87112000,1785053939999999,313745.77855470,1305,0.27002000,17390.86548450,0
1785053940000000,64402.87000000,64402.88000000,64402.87000000,64402.87000000,0.78420000,1785053999999999,50504.73355420,193,0.29002000,18678.12325760,0
1785054000000000,64402.87000000,64402.88000000,64402.87000000,64402.88000000,0.35388000,1785054059999999,22790.88994740,123,0.23118000,14888.65779840,0
1785054060000000,64402.87000000,64402.88000000,64402.87000000,64402.88000000,0.83686000,1785054119999999,53896.18784770,201,0.20595000,13263.77313600,0
1785054120000000,64402.88000000,64402.88000000,64400.28000000,64400.28000000,1.11707000,1785054179999999,71941.22783730,431,0.15902000,10241.05498970,0
1785054180000000,64400.29000000,64400.29000000,64398.00000000,64398.00000000,3.58201000,1785054239999999,230679.38014260,539,0.23482000,15122.04928540,0
1785054240000000,64398.00000000,64398.00000000,64389.15000000,64389.16000000,1.92361000,1785054299999999,123865.03574530,571,0.22163000,14270.61075580,0
1785054300000000,64389.15000000,64389.16000000,64387.99000000,64388.00000000,0.81432000,1785054359999999,52433.25936450,404,0.16221000,10444.56071610,0
1785054360000000,64388.00000000,64388.00000000,64374.40000000,64374.40000000,1.65079000,1785054419999999,106279.12920710,610,0.23060000,14845.40327170,0
1785054420000000,64374.40000000,64389.16000000,64374.40000000,64389.16000000,2.88346000,1785054479999999,185634.92476580,760,2.56629000,165216.34687480,0
1785054480000000,64389.16000000,64394.00000000,64389.15000000,64394.00000000,1.60918000,1785054539999999,103614.72645210,385,1.44745000,93200.91671420,0
1785054540000000,64394.00000000,64394.00000000,64393.99000000,64394.00000000,0.47462000,1785054599999999,30562.67889630,207,0.33625000,21652.48250000,0
1785054600000000,64394.00000000,64394.00000000,64393.99000000,64393.99000000,0.55000000,1785054659999999,35416.69702790,246,0.25279000,16278.15926000,0
1785054660000000,64393.99000000,64394.00000000,64393.99000000,64393.99000000,0.30634000,1785054719999999,19726.45670970,221,0.18131000,11675.27614000,0
1785054720000000,64394.00000000,64394.00000000,64393.99000000,64394.00000000,0.36210000,1785054779999999,23317.06582010,221,0.20411000,13143.45934000,0
1785054780000000,64394.00000000,64394.00000000,64393.99000000,64394.00000000,1.97610000,1785054839999999,127248.96556090,227,0.19219000,12375.88286000,0
1785054840000000,64394.00000000,64397.68000000,64393.99000000,64397.68000000,0.59789000,1785054899999999,38501.25455380,383,0.43654000,28111.02909610,0
1785054900000000,64397.68000000,64399.98000000,64397.67000000,64399.98000000,2.22958000,1785054959999999,143579.78663820,379,2.09117000,134666.50513350,0
1785054960000000,64399.98000000,64399.99000000,64399.98000000,64399.99000000,1.52020000,1785055019999999,97900.85831180,264,0.87158000,56129.74328420,0
1785055020000000,64399.98000000,64399.99000000,64399.98000000,64399.98000000,0.58928000,1785055079999999,37949.62290920,270,0.26948000,17354.50930520,0
1785055080000000,64399.99000000,64399.99000000,64399.98000000,64399.99000000,0.99181000,1785055139999999,63872.54794370,238,0.37799000,24342.55222010,0
1785055140000000,64399.98000000,64399.99000000,64399.98000000,64399.99000000,1.22606000,1785055199999999,78958.25055270,115,1.10739000,71315.90492610,0
1785055200000000,64399.98000000,64402.88000000,64399.98000000,64402.88000000,0.94710000,1785055259999999,60993.50915420,269,0.78896000,50809.24860140,0
1785055260000000,64402.88000000,64419.53000000,64402.88000000,64419.53000000,4.53603000,1785055319999999,292185.22275810,1142,4.35161000,280306.66108800,0
1785055320000000,64419.53000000,64423.81000000,64419.52000000,64423.80000000,1.98610000,1785055379999999,127948.28419910,473,1.65368000,106532.61224140,0
1785055380000000,64423.81000000,64431.96000000,64423.80000000,64431.95000000,0.99094000,1785055439999999,63845.58309740,515,0.90680000,58424.60245130,0
1785055440000000,64431.96000000,64442.20000000,64431.95000000,64442.19000000,1.02527000,1785055499999999,66065.54335420,529,0.75589000,48707.38882660,0
1785055500000000,64442.19000000,64444.87000000,64442.19000000,64444.87000000,5.26136000,1785055559999999,339056.03243740,551,5.20268000,335274.55568450,0
1785055560000000,64444.87000000,64449.99000000,64444.86000000,64449.99000000,5.20485000,1785055619999999,335428.99151730,506,4.94557000,318719.48940310,0
1785055620000000,64449.99000000,64453.00000000,64449.99000000,64453.00000000,9.95986000,1785055679999999,641919.72580940,633,1.97599000,127353.75366880,0
1785055680000000,64452.99000000,64473.00000000,64452.99000000,64473.00000000,5.71325000,1785055739999999,368289.22769640,1547,5.31561000,342657.38299910,0
1785055740000000,64472.99000000,64474.18000000,64467.25000000,64467.26000000,5.26947000,1785055799999999,339730.63730680,1382,1.44854000,93391.42486780,0
1785055800000000,64467.26000000,64467.26000000,64467.25000000,64467.26000000,0.66348000,1785055859999999,42772.73346490,253,0.24349000,15697.13313740,0
1785055860000000,64467.26000000,64487.37000000,64467.25000000,64487.37000000,6.49421000,1785055919999999,418719.23825020,1437,6.20282000,399933.22421830,0
1785055920000000,64487.37000000,64493.99000000,64487.36000000,64491.39000000,7.62490000,1785055979999999,491743.42326030,1003,5.39492000,347924.07297650,0
1785055980000000,64491.39000000,64491.40000000,64491.39000000,64491.40000000,1.38922000,1785056039999999,89592.73919410,223,1.03783000,66931.10966200,0
1785056040000000,64491.40000000,64491.40000000,64491.39000000,64491.40000000,0.78487000,1785056099999999,50617.36152290,152,0.42536000,27432.06190400,0
1785056100000000,64491.40000000,64491.40000000,64491.39000000,64491.39000000,0.43307000,1785056159999999,27929.28884770,126,0.25804000,16641.36085600,0
1785056160000000,64491.40000000,64491.40000000,64491.39000000,64491.40000000,1.42189000,1785056219999999,91699.67032620,294,0.77991000,50297.48777400,0
1785056220000000,64491.40000000,64491.40000000,64491.39000000,64491.40000000,0.45282000,1785056279999999,29202.99505240,173,0.38326000,24716.97396400,0
1785056280000000,64491.40000000,64491.40000000,64491.39000000,64491.40000000,0.30319000,1785056339999999,19553.14677290,207,0.22388000,14438.33463200,0
1785056340000000,64491.40000000,64491.40000000,64480.00000000,64480.01000000,9.02141000,1785056399999999,581735.90258730,1428,4.12354000,265886.60554210,0
1785056400000000,64480.02000000,64483.97000000,64480.01000000,64483.96000000,0.70267000,1785056459999999,45310.45111000,330,0.57827000,37288.68191030,0
1785056460000000,64483.97000000,64503.01000000,64483.96000000,64500.42000000,13.56256000,1785056519999999,874794.24193260,1335,5.40989000,348924.26371610,0
1785056520000000,64500.42000000,64500.42000000,64500.41000000,64500.41000000,1.19903000,1785056579999999,77337.93769970,197,1.10974000,71578.69609080,0
1785056580000000,64500.41000000,64500.42000000,64500.41000000,64500.41000000,0.54784000,1785056639999999,35335.90948690,117,0.48725000,31427.82964500,0
1785056640000000,64500.42000000,64509.55000000,64500.41000000,64509.54000000,4.64150000,1785056699999999,299393.96669870,380,4.55394000,293746.10637840,0
1785056700000000,64509.54000000,64510.01000000,64503.95000000,64503.96000000,5.31364000,1785056759999999,342769.22353320,670,2.81922000,181857.88912590,0
1785056760000000,64503.95000000,64503.96000000,64478.38000000,64478.38000000,5.81822000,1785056819999999,375233.15073340,1474,1.32041000,85166.16418830,0
1785056820000000,64478.39000000,64478.39000000,64478.38000000,64478.39000000,0.49440000,1785056879999999,31878.11384880,119,0.27768000,17904.35933520,0
1785056880000000,64478.38000000,64484.75000000,64478.38000000,64484.75000000,4.41665000,1785056939999999,284782.95131120,573,4.12289000,265841.40948250,0
1785056940000000,64484.74000000,64496.86000000,64484.74000000,64496.86000000,2.75823000,1785056999999999,177889.62284880,668,2.38948000,154106.66221670,0
1785057000000000,64496.85000000,64500.00000000,64496.85000000,64500.00000000,1.17222000,1785057059999999,75607.43154880,251,0.94657000,61053.17965270,0
1785057060000000,64500.00000000,64500.00000000,64499.99000000,64499.99000000,1.16529000,1785057119999999,75161.19895230,182,0.56052000,36153.54000000,0
1785057120000000,64500.00000000,64500.00000000,64499.98000000,64499.98000000,2.17738000,1785057179999999,140440.98642280,570,0.47416000,30583.31773280,0
1785057180000000,64499.98000000,64499.99000000,64499.98000000,64499.99000000,1.02237000,1785057239999999,65942.85410470,115,0.95521000,61611.03544790,0
1785057240000000,64499.99000000,64499.99000000,64499.98000000,64499.98000000,4.81438000,1785057299999999,310527.45987190,151,4.61595000,297728.72884050,0
1785057300000000,64499.98000000,64499.99000000,64499.98000000,64499.99000000,1.40951000,1785057359999999,90913.36820310,113,0.13933000,8986.78360670,0
1785057360000000,64499.98000000,64500.00000000,64499.98000000,64499.99000000,6.73504000,1785057419999999,434409.98993510,189,4.35225000,280720.08234240,0
1785057420000000,64500.00000000,64545.36000000,64499.99000000,64545.36000000,9.69892000,1785057479999999,625700.96964690,1980,5.46801000,352779.62034130,0
1785057480000000,64545.36000000,64545.36000000,64543.58000000,64543.58000000,8.23469000,1785057539999999,531506.19368920,769,2.33724000,150855.40801710,0
1785057540000000,64543.59000000,64543.59000000,64542.34000000,64542.34000000,1.46471000,1785057599999999,94536.72753220,477,0.50725000,32739.33669290,0
1785057600000000,64542.35000000,64542.35000000,64542.34000000,64542.35000000,0.87666000,1785057659999999,56581.69064470,356,0.28603000,18461.04837050,0
1785057660000000,64542.34000000,64545.36000000,64542.34000000,64545.35000000,1.16405000,1785057719999999,75131.53533540,500,0.74242000,47918.23800960,0
1785057720000000,64545.36000000,64545.36000000,64545.35000000,64545.35000000,1.72120000,1785057779999999,111095.46954590,525,1.31259000,84721.59408240,0
1785057780000000,64545.35000000,64545.36000000,64545.35000000,64545.35000000,0.44232000,1785057839999999,28549.70236930,146,0.31573000,20378.90651280,0
1785057840000000,64545.35000000,64545.36000000,64545.35000000,64545.35000000,1.54918000,1785057899999999,99992.37026660,344,0.49536000,31973.18952960,0
1785057900000000,64545.35000000,64545.36000000,64545.35000000,64545.35000000,2.62897000,1785057959999999,169687.80154890,369,1.27594000,82356.00663840,0
1785057960000000,64545.36000000,64545.36000000,64539.99000000,64539.99000000,8.55976000,1785058019999999,552490.10537230,889,3.46971000,223953.44059600,0
1785058020000000,64539.99000000,64540.00000000,64538.00000000,64538.00000000,3.35660000,1785058079999999,216631.41710590,607,1.68726000,108892.63027570,0
1785058080000000,64538.01000000,64538.01000000,64529.55000000,64529.65000000,3.88468000,1785058139999999,250684.56656920,657,2.96293000,191202.55716030,0
1785058140000000,64529.65000000,64530.01000000,64529.65000000,64530.01000000,1.46273000,1785058199999999,94389.55433520,218,0.78035000,50355.74953470,0
1785058200000000,64530.01000000,64530.01000000,64521.96000000,64522.00000000,3.26955000,1785058259999999,210972.66431810,1470,0.64023000,41312.57516080,0
1785058260000000,64522.00000000,64522.98000000,64513.00000000,64522.97000000,3.53941000,1785058319999999,228342.40607110,777,2.13829000,137949.08856340,0
1785058320000000,64522.97000000,64522.98000000,64519.99000000,64520.00000000,6.53819000,1785058379999999,421860.97229040,502,0.54805000,35360.66223380,0
1785058380000000,64519.99000000,64520.00000000,64519.99000000,64520.00000000,4.75211000,1785058439999999,306606.09414870,181,0.44698000,28839.14960000,0
1785058440000000,64520.00000000,64520.00000000,64519.99000000,64520.00000000,1.92001000,1785058499999999,123879.03940190,194,1.34020000,86469.70400000,0
1785058500000000,64519.99000000,64520.00000000,64519.99000000,64519.99000000,2.96202000,1785058559999999,191109.52660960,249,2.58298000,166653.86960000,0
1785058560000000,64520.00000000,64520.00000000,64519.99000000,64519.99000000,1.55350000,1785058619999999,100231.80972740,155,0.52624000,33953.00480000,0
1785058620000000,64519.99000000,64528.00000000,64519.99000000,64528.00000000,2.29589000,1785058679999999,148136.80258050,557,1.99890000,128974.31995040,0
1785058680000000,64528.00000000,64536.34000000,64527.99000000,64536.34000000,2.64232000,1785058739999999,170510.52602190,755,2.50205000,161458.85887480,0
1785058740000000,64536.34000000,64541.05000000,64536.33000000,64541.05000000,2.30384000,1785058799999999,148687.76021150,487,2.08097000,134304.45492560,0
1785058800000000,64541.05000000,64543.01000000,64541.04000000,64543.00000000,5.20841000,1785058859999999,336160.83944730,686,5.14303000,331941.05050130,0
1785058860000000,64543.01000000,64543.06000000,64543.00000000,64543.06000000,0.83189000,1785058919999999,53692.71893860,258,0.69051000,44567.62308160,0
1785058920000000,64543.06000000,64543.06000000,64543.05000000,64543.05000000,0.74856000,1785058979999999,48314.35151670,168,0.60087000,38781.98846220,0
1785058980000000,64543.06000000,64543.06000000,64543.05000000,64543.05000000,0.66095000,1785059039999999,42659.73203430,122,0.31368000,20245.86706080,0
1785059040000000,64543.06000000,64543.10000000,64543.05000000,64543.10000000,2.47148000,1785059099999999,159516.88857680,221,2.36052000,152355.19100560,0
1785059100000000,64543.09000000,64543.10000000,64543.09000000,64543.09000000,0.79441000,1785059159999999,51273.68313330,159,0.70064000,45221.47758400,0
1785059160000000,64543.10000000,64543.10000000,64543.09000000,64543.10000000,0.66468000,1785059219999999,42900.50681140,205,0.57502000,37113.57336200,0
1785059220000000,64543.09000000,64549.02000000,64543.09000000,64549.01000000,1.33427000,1785059279999999,86120.86205150,398,1.20050000,77486.45286960,0
1785059280000000,64549.02000000,64549.02000000,64549.01000000,64549.01000000,0.53413000,1785059339999999,34477.56684950,128,0.41382000,26711.67545640,0
1785059340000000,64549.01000000,64549.02000000,64549.01000000,64549.01000000,0.66786000,1785059399999999,43109.70457510,158,0.27565000,17792.93736300,0
1785059400000000,64549.01000000,64549.02000000,64549.01000000,64549.01000000,0.57704000,1785059459999999,37247.36246280,138,0.17324000,11182.47222480,0
1785059460000000,64549.02000000,64549.02000000,64549.01000000,64549.01000000,0.34845000,1785059519999999,22492.10404720,148,0.15127000,9764.33025540,0
1785059520000000,64549.01000000,64549.02000000,64542.58000000,64542.59000000,8.38506000,1785059579999999,541242.51928760,864,1.12109000,72364.81973380,0
1785059580000000,64542.58000000,64542.59000000,64540.32000000,64540.32000000,1.75975000,1785059639999999,113577.43605840,380,0.32551000,21008.59458510,0
1785059640000000,64540.32000000,64540.33000000,64540.32000000,64540.32000000,0.49123000,1785059699999999,31704.14442010,108,0.30265000,19533.13087450,0
1785059700000000,64540.32000000,64540.33000000,64540.32000000,64540.32000000,0.43470000,1785059759999999,28055.67855750,136,0.14535000,9380.93696550,0
1785059760000000,64540.33000000,64540.33000000,64538.00000000,64538.00000000,2.62331000,1785059819999999,169308.84534210,774,0.17566000,11337.02099340,0
1785059820000000,64538.00000000,64538.01000000,64538.00000000,64538.01000000,0.41610000,1785059879999999,26854.26336370,174,0.15637000,10091.80862370,0
1785059880000000,64538.01000000,64538.01000000,64538.00000000,64538.00000000,0.31788000,1785059939999999,20515.34127040,376,0.18304000,11813.03735040,0
1785059940000000,64538.00000000,64538.01000000,64538.00000000,64538.00000000,0.78246000,1785059999999999,50498.40562690,187,0.21469000,13855.66536690,0
1785060000000000,64538.01000000,64538.01000000,64514.24000000,64514.25000000,4.82305000,1785060059999999,311238.32850770,1412,0.61039000,39387.19512870,0
1785060060000000,64514.25000000,64514.25000000,64514.24000000,64514.24000000,1.78175000,1785060119999999,114948.25117550,298,0.40555000,26163.75408750,0
1785060120000000,64514.25000000,64514.25000000,64514.24000000,64514.25000000,0.64315000,1785060179999999,41492.33611140,216,0.26554000,17131.11394500,0
1785060180000000,64514.24000000,64514.25000000,64511.88000000,64511.88000000,1.60219000,1785060239999999,103362.98473230,487,0.23777000,15339.11886450,0
1785060240000000,64511.88000000,64511.89000000,64511.88000000,64511.88000000,6.16772000,1785060299999999,397891.26047930,254,4.79657000,309435.79621730,0
1785060300000000,64511.88000000,64511.89000000,64511.87000000,64511.88000000,0.89843000,1785060359999999,57959.40760710,332,0.30634000,19762.56975120,0
1785060360000000,64511.87000000,64511.88000000,64511.87000000,64511.88000000,1.70858000,1785060419999999,110223.69466400,207,0.38194000,24639.66744720,0
1785060420000000,64511.88000000,64511.89000000,64511.87000000,64511.89000000,1.56505000,1785060479999999,100964.31846090,229,1.29352000,83447.41011250,0
1785060480000000,64511.89000000,64511.89000000,64511.88000000,64511.88000000,0.60986000,1785060539999999,39343.21990230,166,0.47655000,30743.14117950,0
1785060540000000,64511.88000000,64511.89000000,64511.88000000,64511.89000000,0.59674000,1785060599999999,38496.82038380,168,0.11126000,7177.59288140,0
1785060600000000,64511.88000000,64511.89000000,64509.50000000,64509.50000000,1.85761000,1785060659999999,119837.43304270,761,0.28882000,18632.31493060,0
1785060660000000,64509.50000000,64509.51000000,64503.95000000,64503.96000000,2.06002000,1785060719999999,132888.00124380,343,0.13842000,8928.69442020,0
1785060720000000,64503.95000000,64503.96000000,64503.95000000,64503.96000000,0.53145000,1785060779999999,34280.62689950,104,0.26720000,17235.45811200,0
1785060780000000,64503.96000000,64509.97000000,64503.95000000,64509.96000000,4.22365000,1785060839999999,272445.07447840,545,3.90965000,252190.36199780,0
1785060840000000,64509.96000000,64509.97000000,64509.96000000,64509.96000000,0.37331000,1785060899999999,24082.21475090,213,0.15833000,10213.86355010,0
1785060900000000,64509.97000000,64509.97000000,64503.96000000,64503.96000000,1.44602000,1785060959999999,93280.66656620,937,0.19800000,12772.64997960,0
1785060960000000,64503.97000000,64503.97000000,64497.62000000,64497.64000000,5.24378000,1785061019999999,338221.98843120,518,1.32140000,85227.17180550,0
1785061020000000,64497.63000000,64497.66000000,64497.63000000,64497.66000000,1.26808000,1785061079999999,81788.18161530,267,0.85772000,55320.92602430,0
1785061080000000,64497.66000000,64497.66000000,64497.65000000,64497.66000000,0.69489000,1785061139999999,44818.77766290,192,0.56544000,36469.55687040,0
1785061140000000,64497.65000000,64497.66000000,64497.65000000,64497.65000000,0.29575000,1785061199999999,19075.18242610,144,0.24386000,15728.39936760,0
1785061200000000,64497.66000000,64500.79000000,64497.65000000,64500.78000000,0.82935000,1785061259999999,53492.64867540,346,0.55261000,35642.91960200,0
1785061260000000,64500.78000000,64500.80000000,64500.78000000,64500.79000000,1.30520000,1785061319999999,84186.43262890,204,1.08026000,69677.62508850,0
1785061320000000,64500.80000000,64514.25000000,64500.79000000,64514.25000000,23.12405000,1785061379999999,1491628.86186660,744,22.60861000,1458379.52757720,0
1785061380000000,64514.25000000,64526.00000000,64514.24000000,64526.00000000,3.01887000,1785061439999999,194777.02050710,750,2.24879000,145087.52526740,0
1785061440000000,64525.99000000,64540.00000000,64525.99000000,64532.98000000,12.51043000,1785061499999999,807394.36809850,1253,2.51047000,162009.90462690,0
1785061500000000,64532.98000000,64532.99000000,64532.98000000,64532.98000000,0.43054000,1785061559999999,27784.03093540,155,0.17262000,11139.68473380,0
1785061560000000,64532.98000000,64532.99000000,64530.65000000,64530.66000000,3.42644000,1785061619999999,221116.76787770,992,1.37473000,88714.54770270,0
1785061620000000,64530.65000000,64530.65000000,64526.49000000,64526.50000000,1.76010000,1785061679999999,113576.53735220,602,0.51324000,33118.52068080,0
1785061680000000,64526.50000000,64526.50000000,64518.29000000,64518.30000000,1.62220000,1785061739999999,104669.24691440,467,0.14133000,9119.36648240,0
1785061740000000,64518.29000000,64518.30000000,64518.29000000,64518.30000000,1.40921000,1785061799999999,90919.82685870,109,0.74078000,47793.86627400,0
1785061800000000,64518.29000000,64524.99000000,64518.29000000,64524.98000000,4.00201000,1785061859999999,258205.57582610,480,3.49025000,225186.69731440,0
1785061860000000,64524.98000000,64524.99000000,64524.98000000,64524.99000000,0.31590000,1785061919999999,20383.44213330,86,0.09513000,6138.26229870,0
1785061920000000,64524.99000000,64524.99000000,64524.98000000,64524.98000000,0.96513000,1785061979999999,62274.99892870,151,0.49813000,32141.83326870,0
1785061980000000,64524.98000000,64524.99000000,64524.98000000,64524.99000000,0.36988000,1785062039999999,23866.50255540,133,0.29530000,19054.22954700,0
1785062040000000,64524.98000000,64527.52000000,64524.98000000,64527.51000000,0.64338000,1785062099999999,41514.68853030,211,0.52336000,33770.15841090,0
1785062100000000,64527.51000000,64541.96000000,64527.51000000,64541.95000000,1.72783000,1785062159999999,111507.12096200,519,1.10686000,71428.56172010,0
1785062160000000,64541.96000000,64548.00000000,64541.95000000,64547.99000000,1.59364000,1785062219999999,102860.11738130,495,1.51215000,97600.41394420,0
1785062220000000,64547.99000000,64548.00000000,64547.99000000,64548.00000000,0.37670000,1785062279999999,24315.23066260,99,0.28296000,18264.50208000,0
1785062280000000,64548.00000000,64548.00000000,64547.99000000,64547.99000000,1.78028000,1785062339999999,114913.51217110,148,1.65339000,106723.01772000,0
1785062340000000,64547.99000000,64548.00000000,64547.99000000,64548.00000000,1.16782000,1785062399999999,75380.44443450,127,1.07527000,69406.52796000,0
1785062400000000,64547.99000000,64548.00000000,64547.99000000,64547.99000000,0.71238000,1785062459999999,45982.70202950,159,0.49133000,31714.36884000,0
1785062460000000,64548.00000000,64549.99000000,64547.99000000,64549.99000000,1.07047000,1785062519999999,69098.42319650,234,0.88500000,57126.39338960,0
1785062520000000,64549.98000000,64549.99000000,64549.98000000,64549.99000000,0.66457000,1785062579999999,42897.98468860,148,0.44800000,28918.39552000,0
1785062580000000,64549.99000000,64549.99000000,64549.98000000,64549.98000000,0.27952000,1785062639999999,18043.01225760,115,0.18480000,11928.83815200,0
1785062640000000,64549.99000000,64549.99000000,64549.98000000,64549.99000000,1.60521000,1785062699999999,103616.28722060,252,1.38248000,89239.07017520,0
1785062700000000,64549.98000000,64573.73000000,64549.98000000,64571.61000000,11.37012000,1785062759999999,734062.43356580,2162,9.99387000,645196.80444120,0
1785062760000000,64571.60000000,64571.61000000,64570.00000000,64570.00000000,3.11782000,1785062819999999,201320.93905230,1043,0.26091000,16847.25486110,0
1785062820000000,64570.01000000,64570.01000000,64549.06000000,64549.06000000,4.22739000,1785062879999999,272923.18813040,1986,0.13246000,8551.16719260,0
1785062880000000,64549.07000000,64549.07000000,64534.01000000,64534.02000000,2.56812000,1785062939999999,165749.59715100,1103,0.12614000,8140.61722240,0
1785062940000000,64534.01000000,64534.02000000,64522.23000000,64522.23000000,2.43647000,1785062999999999,157226.63234270,720,0.17966000,11594.10630340,0
1785063000000000,64522.24000000,64522.24000000,64518.00000000,64518.01000000,0.67526000,1785063059999999,43568.96259160,488,0.14254000,9196.98878640,0
1785063060000000,64518.00000000,64518.01000000,64517.98000000,64517.98000000,0.56755000,1785063119999999,36617.18326170,345,0.13532000,8730.57567080,0
1785063120000000,64517.99000000,64517.99000000,64517.13000000,64517.17000000,1.90038000,1785063179999999,122607.25953870,520,1.31675000,84952.98368370,0
1785063180000000,64517.17000000,64525.99000000,64517.17000000,64524.60000000,1.71256000,1785063239999999,110493.16303240,467,1.55061000,100044.55524890,0
1785063240000000,64524.59000000,64524.60000000,64524.59000000,64524.60000000,0.37815000,1785063299999999,24399.97598060,166,0.22721000,14660.63436600,0
1785063300000000,64524.60000000,64524.60000000,64524.59000000,64524.60000000,0.40007000,1785063359999999,25814.35467220,76,0.19509000,12588.10421400,0
1785063360000000,64524.60000000,64524.60000000,64518.00000000,64518.00000000,1.17182000,1785063419999999,75610.77847710,962,0.11292000,7286.11499830,0
1785063420000000,64518.00000000,64518.00000000,64515.39000000,64515.39000000,0.50199000,1785063479999999,32386.38309270,240,0.23006000,14842.41293700,0
1785063480000000,64515.39000000,64515.40000000,64515.39000000,64515.40000000,0.23132000,1785063539999999,14923.70130540,129,0.12906000,8326.35752400,0
1785063540000000,64515.40000000,64515.40000000,64515.39000000,64515.40000000,0.68619000,1785063599999999,44269.82031640,125,0.48523000,31304.80754200,0
1785063600000000,64515.39000000,64515.40000000,64515.39000000,64515.40000000,0.92548000,1785063659999999,59707.71124400,160,0.81068000,52301.34447200,0
1785063660000000,64515.39000000,64515.40000000,64515.39000000,64515.40000000,0.14989000,1785063719999999,9670.21289150,113,0.10844000,6996.04997600,0
1785063720000000,64515.40000000,64515.40000000,64509.99000000,64512.80000000,3.41677000,1785063779999999,220423.49756060,975,1.87847000,121181.43031360,0
1785063780000000,64512.81000000,64520.00000000,64512.80000000,64520.00000000,2.13134000,1785063839999999,137503.85746060,504,1.99536000,128730.80615560,0
1785063840000000,64520.00000000,64524.00000000,64519.99000000,64524.00000000,1.64590000,1785063899999999,106195.40575690,352,1.50717000,97244.14222420,0
1785063900000000,64524.00000000,64526.00000000,64523.99000000,64526.00000000,0.71929000,1785063959999999,46411.87882640,239,0.58013000,37432.56889800,0
1785063960000000,64526.00000000,64534.02000000,64525.99000000,64534.01000000,5.92100000,1785064019999999,382084.64731990,931,5.83540000,376560.78701560,0
1785064020000000,64534.02000000,64535.99000000,64531.40000000,64531.40000000,6.06887000,1785064079999999,391651.24213890,1700,4.21635000,272100.31581380,0
1785064080000000,64531.41000000,64531.41000000,64520.00000000,64520.00000000,9.40939000,1785064139999999,607118.83727190,1050,0.26740000,17254.14331190,0
1785064140000000,64520.01000000,64520.01000000,64520.00000000,64520.00000000,9.51418000,1785064199999999,613854.93025860,194,3.66586000,236521.32385860,0
1785064200000000,64520.00000000,64520.01000000,64510.17000000,64510.17000000,10.50585000,1785064259999999,677825.01223660,680,0.33088000,21345.54642830,0
1785064260000000,64510.18000000,64510.18000000,64510.17000000,64510.18000000,0.45983000,1785064319999999,29663.71501780,132,0.35467000,22879.82554060,0
1785064320000000,64510.18000000,64510.18000000,64510.17000000,64510.18000000,1.37949000,1785064379999999,88991.13633360,132,0.19203000,12387.88986540,0
1785064380000000,64510.17000000,64510.18000000,64510.17000000,64510.17000000,1.29316000,1785064439999999,83421.97821980,153,0.67826000,43754.67468680,0
1785064440000000,64510.18000000,64510.18000000,64510.17000000,64510.17000000,0.72234000,1785064499999999,46598.28281290,121,0.66151000,42674.12917180,0
1785064500000000,64510.18000000,64510.18000000,64510.17000000,64510.18000000,0.33406000,1785064559999999,21550.26914050,93,0.17503000,11291.21680540,0
1785064560000000,64510.18000000,64510.18000000,64510.17000000,64510.17000000,7.27645000,1785064619999999,469405.09381230,167,6.73158000,434255.43748440,0
1785064620000000,64510.18000000,64513.96000000,64510.17000000,64513.95000000,3.00643000,1785064679999999,193947.37473390,308,2.90614000,187477.41670980,0
1785064680000000,64513.96000000,64518.00000000,64513.95000000,64518.00000000,5.73132000,1785064739999999,369754.00304350,611,5.38979000,347720.05696880,0
1785064740000000,64518.00000000,64522.00000000,64517.99000000,64521.99000000,5.03931000,1785064799999999,325134.01501730,375,4.48705000,289501.32461990,0
1785064800000000,64521.99000000,64522.00000000,64517.60000000,64517.60000000,3.50268000,1785064859999999,225998.63545590,1346,0.25634000,16539.04415660,0
1785064860000000,64517.61000000,64517.61000000,64517.60000000,64517.60000000,0.52862000,1785064919999999,34105.29564130,466,0.19293000,12447.38249730,0
1785064920000000,64517.61000000,64517.61000000,64517.60000000,64517.61000000,0.43751000,1785064979999999,28227.09695240,161,0.17764000,11460.90824040,0
1785064980000000,64517.60000000,64517.61000000,64517.60000000,64517.61000000,0.81121000,1785065039999999,52337.32466400,346,0.23680000,15277.77004800,0
1785065040000000,64517.61000000,64517.61000000,64517.60000000,64517.60000000,1.69231000,1785065099999999,109183.78082760,238,0.11716000,7558.88318760,0
1785065100000000,64517.60000000,64517.61000000,64515.52000000,64515.52000000,1.41539000,1785065159999999,91316.53071730,1292,0.43397000,27997.89457650,0
1785065160000000,64515.52000000,64515.53000000,64510.84000000,64510.84000000,1.41526000,1785065219999999,91305.57491420,1557,0.45262000,29201.01369870,0
1785065220000000,64510.84000000,64510.85000000,64510.15000000,64510.15000000,1.15375000,1785065279999999,74429.04283060,540,0.12880000,8308.94636090,0
1785065280000000,64510.15000000,64510.16000000,64510.15000000,64510.16000000,0.44216000,1785065339999999,28523.81094340,111,0.30194000,19478.19771040,0
1785065340000000,64510.16000000,64510.16000000,64503.95000000,64503.95000000,11.73285000,1785065399999999,756881.52176870,670,0.26482000,17083.33634720,0
1785065400000000,64503.96000000,64503.96000000,64503.94000000,64503.95000000,1.52283000,1785065459999999,98228.55086830,273,0.43878000,28303.04443900,0
1785065460000000,64503.94000000,64503.95000000,64500.79000000,64500.80000000,1.98973000,1785065519999999,128342.27455950,1005,0.94003000,60632.91876950,0
1785065520000000,64500.79000000,64500.80000000,64500.79000000,64500.80000000,1.45173000,1785065579999999,93637.73373000,118,0.18633000,12018.43406400,0
1785065580000000,64500.80000000,64500.80000000,64500.79000000,64500.79000000,5.07772000,1785065639999999,327517.00114200,170,4.97432000,320847.61945600,0
1785065640000000,64500.80000000,64500.80000000,64500.79000000,64500.79000000,0.97818000,1785065699999999,63093.38535600,146,0.25938000,16730.21750400,0
1785065700000000,64500.80000000,64500.80000000,64500.79000000,64500.80000000,0.44513000,1785065759999999,28711.23895970,127,0.23070000,14880.33456000,0
1785065760000000,64500.79000000,64500.80000000,64500.79000000,64500.79000000,1.21591000,1785065819999999,78427.15864010,133,0.30712000,19809.48569600,0
1785065820000000,64500.80000000,64500.80000000,64500.79000000,64500.79000000,0.92448000,1785065879999999,59629.69372780,204,0.33886000,21856.74108800,0
1785065880000000,64500.80000000,64500.80000000,64495.17000000,64495.17000000,11.13429000,1785065939999999,718160.75558430,889,0.48545000,31309.74752440,0
1785065940000000,64495.18000000,64495.18000000,64495.17000000,64495.18000000,0.58883000,1785065999999999,37976.69312040,140,0.21693000,13990.93939740,0
1785066000000000,64495.18000000,64495.18000000,64495.17000000,64495.18000000,0.68584000,1785066059999999,44233.36934400,169,0.19512000,12584.29952160,0
1785066060000000,64495.17000000,64495.18000000,64495.17000000,64495.17000000,1.02963000,1785066119999999,66406.16331620,238,0.14291000,9217.00617380,0
1785066120000000,64495.17000000,64495.18000000,64495.17000000,64495.17000000,0.59185000,1785066179999999,38171.46853100,210,0.21665000,13972.88074700,0
1785066180000000,64495.17000000,64495.18000000,64495.17000000,64495.17000000,0.75445000,1785066239999999,48658.38642700,174,0.54205000,34959.61231900,0
1785066240000000,64495.17000000,64495.18000000,64495.17000000,64495.17000000,2.13803000,1785066299999999,137892.62610670,133,1.77916000,114747.24444880,0
1785066300000000,64495.18000000,64499.20000000,64495.17000000,64499.20000000,3.63883000,1785066359999999,234690.76140160,418,3.37007000,217356.78062440,0
1785066360000000,64499.19000000,64501.01000000,64499.19000000,64501.01000000,5.92139000,1785066419999999,381926.93654990,367,5.44188000,350998.26361960,0
1785066420000000,64501.00000000,64508.01000000,64501.00000000,64508.01000000,5.50648000,1785066479999999,355182.93827100,645,5.21681000,336498.61782560,0
1785066480000000,64508.01000000,64515.22000000,64508.00000000,64515.22000000,4.78131000,1785066539999999,308443.70997310,406,3.63724000,234634.28854710,0
1785066540000000,64515.21000000,64515.22000000,64515.20000000,64515.20000000,11.10296000,1785066599999999,716309.78566890,946,4.89876000,316044.53026600,0
1785066600000000,64515.20000000,64515.21000000,64515.20000000,64515.21000000,0.49957000,1785066659999999,32229.86025940,193,0.17954000,11583.06080340,0
1785066660000000,64515.21000000,64515.21000000,64515.20000000,64515.21000000,0.59448000,1785066719999999,38353.00064010,135,0.45441000,29316.35657610,0
1785066720000000,64515.20000000,64515.21000000,64515.20000000,64515.20000000,0.57081000,1785066779999999,36825.92505420,154,0.37422000,24142.88188620,0
1785066780000000,64515.21000000,64515.21000000,64515.20000000,64515.20000000,1.59510000,1785066839999999,102908.20016760,273,0.46476000,29984.08899960,0
1785066840000000,64515.21000000,64515.21000000,64512.00000000,64512.01000000,2.46547000,1785066899999999,159059.31137030,1348,0.12530000,8083.39548380,0
1785066900000000,64512.01000000,64512.01000000,64512.00000000,64512.01000000,1.37508000,1785066959999999,88709.16954910,418,0.85891000,55410.01050910,0
1785066960000000,64512.01000000,64512.01000000,64503.95000000,64503.95000000,1.32580000,1785067019999999,85526.57863200,972,0.17613000,11361.74931890,0
1785067020000000,64503.95000000,64503.96000000,64503.95000000,64503.96000000,1.15670000,1785067079999999,74611.72149510,139,0.25301000,16320.14691960,0
1785067080000000,64503.95000000,64503.96000000,64503.95000000,64503.95000000,0.58574000,1785067139999999,37782.54590510,171,0.22321000,14397.92891160,0
1785067140000000,64503.96000000,64507.36000000,64503.95000000,64507.35000000,4.41355000,1785067199999999,284692.23663590,397,4.31853000,278562.92953370,0
1785067200000000,64507.36000000,64510.00000000,64507.35000000,64509.99000000,4.95632000,1785067259999999,319721.94903260,464,4.25267000,274329.51494990,0
1785067260000000,64510.00000000,64510.00000000,64509.99000000,64510.00000000,1.60829000,1785067319999999,103750.77643460,194,0.46175000,29787.49250000,0
1785067320000000,64510.00000000,64540.00000000,64509.99000000,64540.00000000,17.14786000,1785067379999999,1106412.18504570,1472,16.79608000,1083710.69789370,0
1785067380000000,64540.00000000,64549.39000000,64539.99000000,64549.39000000,5.26235000,1785067439999999,339646.26711480,659,5.09965000,329145.59763800,0
1785067440000000,64549.39000000,64556.00000000,64549.38000000,64556.00000000,7.12089000,1785067499999999,459654.66631780,621,7.01253000,452659.54598330,0
1785067500000000,64556.00000000,64563.01000000,64555.99000000,64563.00000000,6.87944000,1785067559999999,444136.41274040,719,6.76791000,436936.02456470,0
1785067560000000,64563.00000000,64652.00000000,64563.00000000,64625.25000000,52.89706000,1785067619999999,3418494.02845590,5806,39.25527000,2536625.86427460,0
1785067620000000,64625.25000000,64662.99000000,64625.24000000,64649.99000000,13.14831000,1785067679999999,849964.55324130,2655,10.56353000,682835.85403090,0
1785067680000000,64649.99000000,64650.00000000,64620.00000000,64637.11000000,8.96526000,1785067739999999,579393.39326990,1685,5.26758000,340400.92987420,0
1785067740000000,64637.11000000,64637.12000000,64596.01000000,64596.01000000,17.34906000,1785067799999999,1121038.82145620,1803,10.52297000,679990.83156610,0
1785067800000000,64596.01000000,64596.01000000,64582.45000000,64593.59000000,7.28677000,1785067859999999,470615.61718120,814,5.12341000,330890.37099950,0
1785067860000000,64593.60000000,64593.60000000,64582.00000000,64582.00000000,4.71145000,1785067919999999,304306.51221730,695,2.94751000,190375.58510170,0
1785067920000000,64582.01000000,64588.00000000,64582.00000000,64587.99000000,4.30105000,1785067979999999,277778.50208010,537,4.18567000,270326.62797280,0
1785067980000000,64588.00000000,64613.00000000,64587.99000000,64613.00000000,6.60220000,1785068039999999,426514.38848670,1194,6.47662000,418400.91632830,0
1785068040000000,64613.00000000,64613.00000000,64609.01000000,64609.01000000,2.65828000,1785068099999999,171754.36652960,717,0.36982000,23894.93635770,0
1785068100000000,64609.02000000,64609.02000000,64609.01000000,64609.02000000,1.51543000,1785068159999999,97910.44141450,171,0.93902000,60669.16196040,0
1785068160000000,64609.01000000,64620.22000000,64609.01000000,64609.02000000,6.76884000,1785068219999999,437382.44414730,1259,5.13945000,332095.57301890,0
1785068220000000,64609.02000000,64609.03000000,64586.00000000,64586.01000000,4.27699000,1785068279999999,276297.38046650,1349,0.19945000,12883.34489140,0
1785068280000000,64586.00000000,64586.01000000,64570.68000000,64570.68000000,1.89557000,1785068339999999,122416.97392060,1093,0.61970000,40021.36030730,0
1785068340000000,64570.69000000,64570.69000000,64546.00000000,64546.01000000,4.76379000,1785068399999999,307562.72638240,1502,0.29336000,18940.24363700,0
1785068400000000,64546.01000000,64546.01000000,64516.00000000,64529.61000000,14.78333000,1785068459999999,953851.45133040,1870,8.99122000,580097.94207140,0
1785068460000000,64529.62000000,64551.07000000,64529.61000000,64551.07000000,8.05663000,1785068519999999,519932.69569190,727,7.75516000,500478.76832960,0
1785068520000000,64551.06000000,64564.00000000,64551.06000000,64564.00000000,3.61168000,1785068579999999,233164.72774920,758,3.52575000,227617.21494350,0
1785068580000000,64563.99000000,64564.00000000,64563.99000000,64564.00000000,1.65969000,1785068639999999,107156.22318700,143,1.46239000,94417.74796000,0
1785068640000000,64564.00000000,64570.00000000,64563.99000000,64570.00000000,2.61451000,1785068699999999,168809.40873290,461,2.51868000,162621.86051120,0
1785068700000000,64570.00000000,64570.00000000,64569.99000000,64569.99000000,1.42210000,1785068759999999,91824.98944670,123,0.66677000,43053.33890000,0
1785068760000000,64570.00000000,64572.00000000,64569.99000000,64572.00000000,9.01635000,1785068819999999,582198.00009700,418,4.20876000,271762.45131290,0
1785068820000000,64571.99000000,64578.00000000,64571.99000000,64578.00000000,7.41336000,1785068879999999,478702.66600870,410,7.15993000,462337.17666300,0
1785068880000000,64578.00000000,64578.00000000,64572.81000000,64572.82000000,4.11187000,1785068939999999,265532.63426500,1160,0.39154000,25283.08478120,0
1785068940000000,64572.82000000,64572.82000000,64572.81000000,64572.82000000,0.88312000,1785068999999999,57025.54749500,149,0.75278000,48609.12743960,0
1785069000000000,64572.81000000,64572.82000000,64568.97000000,64568.97000000,1.81402000,1785069059999999,117136.09274270,836,0.58904000,38035.97306590,0
1785069060000000,64568.97000000,64568.98000000,64556.48000000,64556.49000000,3.20617000,1785069119999999,206987.44404910,971,2.33451000,150708.84540460,0
1785069120000000,64556.48000000,64556.49000000,64556.48000000,64556.49000000,3.55682000,1785069179999999,229615.81366980,211,3.44762000,222566.24605380,0
1785069180000000,64556.49000000,64556.49000000,64556.48000000,64556.48000000,0.29305000,1785069239999999,18918.27843450,133,0.19705000,12720.85635450,0
1785069240000000,64556.48000000,64556.49000000,64556.48000000,64556.48000000,0.39971000,1785069299999999,25803.87222760,253,0.16068000,10372.93681320,0
1785069300000000,64556.48000000,64556.49000000,64556.48000000,64556.49000000,0.51950000,1785069359999999,33537.09485660,213,0.34966000,22572.82229340,0
1785069360000000,64556.48000000,64556.49000000,64556.48000000,64556.48000000,1.24525000,1785069419999999,80388.96646740,200,0.97474000,62925.79306260,0
1785069420000000,64556.48000000,64556.49000000,64556.48000000,64556.49000000,0.22508000,1785069479999999,14530.37355120,95,0.10328000,6667.39428720,0
1785069480000000,64556.48000000,64556.49000000,64556.48000000,64556.48000000,0.18372000,1785069539999999,11860.31776090,104,0.12553000,8103.77618970,0
1785069540000000,64556.49000000,64556.49000000,64538.00000000,64538.00000000,4.99061000,1785069599999999,322141.57131620,2213,0.16978000,10958.60606470,0
1785069600000000,64538.00000000,64538.00000000,64515.47000000,64515.48000000,4.25694000,1785069659999999,274684.65184250,3079,0.46175000,29794.58719780,0
1785069660000000,64515.48000000,64515.48000000,64506.00000000,64506.00000000,4.17963000,1785069719999999,269615.68914470,1119,0.32045000,20671.35586190,0
1785069720000000,64506.01000000,64506.01000000,64503.95000000,64503.96000000,2.91442000,1785069779999999,187995.46449420,467,0.37758000,24356.12378280,0
1785069780000000,64503.96000000,64503.96000000,64503.95000000,64503.96000000,1.00119000,1785069839999999,64580.71153350,164,0.18330000,11823.57586800,0
1785069840000000,64503.96000000,64503.96000000,64503.95000000,64503.95000000,0.54091000,1785069899999999,34890.83325090,227,0.16564000,10684.43593440,0
1785069900000000,64503.96000000,64503.96000000,64476.00000000,64476.01000000,12.03547000,1785069959999999,776237.20490220,1938,0.43100000,27796.72667460,0
1785069960000000,64476.00000000,64476.01000000,64467.57000000,64467.57000000,1.04296000,1785070019999999,67239.43425430,495,0.32958000,21247.60752530,0
1785070020000000,64467.57000000,64470.81000000,64447.21000000,64470.80000000,10.90651000,1785070079999999,702975.98440270,2119,8.01016000,516273.63289260,0
1785070080000000,64470.80000000,64480.01000000,64470.80000000,64479.65000000,6.03918000,1785070139999999,389396.22222600,564,1.73569000,111907.29621230,0
1785070140000000,64479.65000000,64479.66000000,64464.12000000,64464.12000000,2.19752000,1785070199999999,141683.75946130,924,0.16906000,10898.80810760,0
1785070200000000,64464.13000000,64464.13000000,64434.00000000,64446.89000000,9.41016000,1785070259999999,606421.02006090,1486,5.29624000,341293.43549420,0
1785070260000000,64446.88000000,64466.67000000,64446.88000000,64466.66000000,3.02211000,1785070319999999,194804.58687470,787,2.01535000,129902.82267050,0
1785070320000000,64466.67000000,64469.85000000,64466.66000000,64469.84000000,1.39889000,1785070379999999,90184.40025230,441,1.03397000,66658.23360290,0
1785070380000000,64469.85000000,64478.00000000,64469.84000000,64477.99000000,1.51970000,1785070439999999,97983.60766270,698,1.18719000,76544.05343730,0
1785070440000000,64478.00000000,64478.00000000,64477.99000000,64478.00000000,0.33464000,1785070499999999,21576.91659750,210,0.20239000,13049.70242000,0
1785070500000000,64477.99000000,64478.00000000,64477.99000000,64477.99000000,0.43348000,1785070559999999,27949.92198800,150,0.28828000,18587.71784000,0
1785070560000000,64478.00000000,64478.00000000,64477.99000000,64478.00000000,0.38579000,1785070619999999,24874.96638990,155,0.26278000,16943.52884000,0
1785070620000000,64478.00000000,64478.00000000,64475.39000000,64475.40000000,3.54212000,1785070679999999,228385.68703610,846,0.86474000,55754.49015490,0
1785070680000000,64475.39000000,64475.40000000,64472.00000000,64472.01000000,2.24293000,1785070739999999,144613.14307550,537,1.59272000,102690.88601850,0
1785070740000000,64472.00000000,64472.01000000,64466.67000000,64466.67000000,1.76696000,1785070799999999,113914.60623020,450,0.33975000,21903.67649500,0
1785070800000000,64466.68000000,64466.68000000,64466.67000000,64466.67000000,1.23451000,1785070859999999,79584.75962920,177,1.08475000,69930.23113000,0
1785070860000000,64466.68000000,64468.59000000,64466.67000000,64468.58000000,1.82387000,1785070919999999,117580.89626950,481,0.79756000,51416.48773780,0
1785070920000000,64468.59000000,64468.59000000,64442.00000000,64442.01000000,2.08104000,1785070979999999,134139.45009250,1382,0.14439000,9307.23657110,0
1785070980000000,64442.00000000,64442.01000000,64433.00000000,64433.01000000,1.80895000,1785071039999999,116565.20690290,610,0.12350000,7957.89239840,0
1785071040000000,64433.00000000,64433.01000000,64426.00000000,64426.00000000,0.76530000,1785071099999999,49308.42280300,727,0.17288000,11138.61449290,0
1785071100000000,64425.99000000,64425.99000000,64424.63000000,64424.64000000,0.54079000,1785071159999999,34840.24095380,323,0.24410000,15726.06123900,0
1785071160000000,64424.64000000,64424.64000000,64424.63000000,64424.64000000,0.78876000,1785071219999999,50815.57269760,197,0.15388000,9913.66360320,0
1785071220000000,64424.64000000,64435.42000000,64418.72000000,64435.41000000,7.27351000,1785071279999999,468572.14344730,1130,6.13585000,395283.31123340,0
1785071280000000,64435.41000000,64435.42000000,64424.63000000,64424.64000000,2.23522000,1785071339999999,144015.16810520,572,0.12568000,8097.31754430,0
1785071340000000,64424.63000000,64424.64000000,64420.00000000,64420.01000000,0.91128000,1785071399999999,58705.79665320,412,0.14135000,9105.87163350,0
1785071400000000,64420.00000000,64420.01000000,64414.00000000,64415.00000000,1.76544000,1785071459999999,113722.32032550,664,0.70602000,45477.95706710,0
1785071460000000,64415.01000000,64426.19000000,64415.00000000,64426.18000000,4.14417000,1785071519999999,266953.24147170,391,3.98069000,256422.48341050,0
1785071520000000,64426.18000000,64426.19000000,64426.18000000,64426.19000000,2.08293000,1785071579999999,134195.24320000,261,2.00926000,129448.96651940,0
1785071580000000,64426.19000000,64426.19000000,64423.60000000,64423.61000000,0.99206000,1785071639999999,63914.44310920,401,0.23217000,14957.69264370,0
1785071640000000,64423.60000000,64423.61000000,64423.60000000,64423.61000000,1.64794000,1785071699999999,106166.23049960,197,0.31156000,20071.81993160,0
1785071700000000,64423.61000000,64440.41000000,64423.60000000,64440.41000000,4.07822000,1785071759999999,262763.13611020,981,3.99158000,257180.74523530,0
1785071760000000,64440.41000000,64459.49000000,64440.40000000,64459.49000000,5.58208000,1785071819999999,359779.47792590,1507,4.11407000,265155.61859240,0
1785071820000000,64459.48000000,64466.00000000,64459.48000000,64465.99000000,1.13946000,1785071879999999,73453.53201520,432,0.92809000,59827.36417190,0
1785071880000000,64465.99000000,64466.00000000,64465.99000000,64466.00000000,0.18593000,1785071939999999,11986.16309220,161,0.15715000,10130.83190000,0
1785071940000000,64466.00000000,64473.00000000,64465.99000000,64472.99000000,2.41962000,1785071999999999,155983.72059230,485,2.32012000,149569.32532400,0
1785072000000000,64473.00000000,64512.99000000,64472.99000000,64512.99000000,7.00769000,1785072059999999,451939.06087130,1786,6.95894000,448795.26196600,0
1785072060000000,64512.99000000,64514.00000000,64512.99000000,64514.00000000,0.86116000,1785072119999999,55556.78363830,239,0.67206000,43357.19587930,0
1785072120000000,64514.00000000,64514.00000000,64507.05000000,64507.05000000,2.02271000,1785072179999999,130485.50808530,522,0.15047000,9706.80302040,0
1785072180000000,64507.05000000,64507.06000000,64507.05000000,64507.05000000,0.81883000,1785072239999999,52820.31157780,244,0.38263000,24682.33636780,0
1785072240000000,64507.05000000,64507.06000000,64504.11000000,64504.11000000,0.91215000,1785072299999999,58838.93793090,344,0.14886000,9602.35398900,0
1785072300000000,64504.11000000,64504.12000000,64494.28000000,64494.28000000,1.92192000,1785072359999999,123965.61893760,472,0.44498000,28699.23360280,0
1785072360000000,64494.29000000,64500.39000000,64494.28000000,64496.00000000,2.63270000,1785072419999999,169799.75353030,771,1.79760000,115936.57354400,0
1785072420000000,64496.00000000,64496.01000000,64474.00000000,64474.00000000,3.15051000,1785072479999999,203170.62005230,862,0.33660000,21705.07530470,0
1785072480000000,64474.01000000,64484.56000000,64470.00000000,64470.00000000,3.83543000,1785072539999999,247305.25795560,1041,1.07537000,69335.72733130,0
1785072540000000,64470.00000000,64470.02000000,64470.00000000,64470.02000000,0.91375000,1785072599999999,58909.46887450,271,0.44175000,28479.62702370,0
1785072600000000,64470.01000000,64472.01000000,64466.00000000,64466.01000000,4.72597000,1785072659999999,304675.49992290,724,2.85145000,183826.41233770,0
1785072660000000,64466.01000000,64466.01000000,64454.80000000,64454.80000000,2.75572000,1785072719999999,177633.01496500,601,0.45788000,29514.91665960,0
1785072720000000,64454.81000000,64472.95000000,64454.80000000,64472.95000000,8.52477000,1785072779999999,549536.26605040,900,8.03646000,518058.24474500,0
1785072780000000,64472.94000000,64489.54000000,64471.27000000,64471.28000000,16.48398000,1785072839999999,1062918.16690230,1600,7.45840000,480908.94657630,0
1785072840000000,64471.28000000,64471.28000000,64471.27000000,64471.28000000,5.93864000,1785072899999999,382871.68563590,264,2.27631000,146756.61937680,0
1785072900000000,64471.28000000,64471.28000000,64471.27000000,64471.28000000,4.14850000,1785072959999999,267459.08666030,238,2.30653000,148704.94145840,0
1785072960000000,64471.27000000,64489.94000000,64471.27000000,64489.93000000,7.04671000,1785073019999999,454402.49532800,795,4.44035000,286325.66123970,0
1785073020000000,64489.94000000,64500.17000000,64489.93000000,64496.01000000,7.64944000,1785073079999999,493340.90264880,883,3.84475000,247956.74445020,0
1785073080000000,64496.00000000,64496.01000000,64489.92000000,64489.92000000,7.03183000,1785073139999999,453501.75753240,807,3.74914000,241792.63974780,0
1785073140000000,64489.93000000,64489.93000000,64483.51000000,64483.51000000,6.09886000,1785073199999999,393299.93463240,854,3.11942000,201163.57890770,0
1785073200000000,64483.51000000,64510.00000000,64483.51000000,64509.99000000,13.60969000,1785073259999999,877712.51792360,1972,11.23433000,724507.11690280,0
1785073260000000,64509.99000000,64542.00000000,64509.99000000,64542.00000000,17.27465000,1785073319999999,1114663.95780250,1778,13.37547000,863043.94747310,0
1785073320000000,64541.99000000,64546.00000000,64541.99000000,64545.99000000,7.31399000,1785073379999999,472082.57712440,1009,5.82289000,375839.73166510,0
1785073380000000,64545.99000000,64546.00000000,64545.99000000,64545.99000000,3.48528000,1785073439999999,224960.85794690,299,0.99197000,64027.69562000,0
1785073440000000,64546.00000000,64556.00000000,64545.99000000,64555.99000000,5.93438000,1785073499999999,383060.89821720,976,4.77356000,308130.80298540,0
1785073500000000,64556.00000000,64571.42000000,64556.00000000,64566.63000000,14.63836000,1785073559999999,945111.39059820,1554,5.13831000,331748.49613080,0
1785073560000000,64566.62000000,64566.63000000,64546.06000000,64546.07000000,8.81401000,1785073619999999,569029.66740760,1150,2.22544000,143676.21570560,0
1785073620000000,64546.07000000,64546.07000000,64546.06000000,64546.06000000,5.04894000,1785073679999999,325889.21071660,309,2.65402000,171306.56070140,0
1785073680000000,64546.07000000,64546.07000000,64543.00000000,64543.00000000,4.65403000,1785073739999999,300394.33052270,439,2.31632000,149506.41931150,0
1785073740000000,64543.00000000,64543.01000000,64539.33000000,64539.34000000,2.96915000,1785073799999999,191631.03032390,437,0.88913000,57385.40197940,0
1785073800000000,64539.33000000,64539.34000000,64538.00000000,64538.00000000,3.18241000,1785073859999999,205386.51556430,348,1.55876000,100599.30578740,0
1785073860000000,64538.01000000,64538.01000000,64524.40000000,64527.01000000,6.18536000,1785073919999999,399137.88157290,1129,4.12681000,266295.52936190,0
1785073920000000,64527.00000000,64527.01000000,64527.00000000,64527.01000000,4.33921000,1785073979999999,279996.22069750,286,1.70275000,109873.36627750,0
1785073980000000,64527.01000000,64527.63000000,64527.00000000,64527.63000000,3.70146000,1785074039999999,238844.48976730,434,2.18422000,140941.34851610,0
1785074040000000,64527.62000000,64527.63000000,64521.99000000,64522.00000000,4.71382000,1785074099999999,304153.28843420,707,1.70666000,110119.70246050,0
1785074100000000,64522.00000000,64522.00000000,64517.14000000,64517.15000000,3.99104000,1785074159999999,257501.98130140,499,1.77089000,114257.98078280,0
1785074160000000,64517.15000000,64517.15000000,64517.14000000,64517.14000000,3.26574000,1785074219999999,210696.21979970,236,1.50161000,96879.59761150,0
1785074220000000,64517.14000000,64517.15000000,64503.18000000,64506.81000000,40.90215000,1785074279999999,2638673.94204580,1349,7.18827000,463703.08594160,0
1785074280000000,64506.81000000,64511.99000000,64506.81000000,64511.98000000,15.26975000,1785074339999999,985014.85654230,694,5.26178000,339427.39668170,0
1785074340000000,64511.99000000,64518.00000000,64511.98000000,64518.00000000,11.87833000,1785074399999999,766341.58490740,822,8.33136000,537502.15635870,0
1785074400000000,64517.99000000,64526.00000000,64517.99000000,64525.99000000,9.23444000,1785074459999999,595820.91079430,1053,6.13061000,395554.96914070,0
1785074460000000,64525.99000000,64532.00000000,64525.99000000,64532.00000000,8.77121000,1785074519999999,565987.65952790,891,6.88853000,444504.34875470,0
1785074520000000,64532.00000000,64551.65000000,64531.99000000,64551.65000000,10.11515000,1785074579999999,652821.28188720,1360,7.08892000,457511.86637290,0
1785074580000000,64551.65000000,64562.20000000,64551.64000000,64559.47000000,13.25541000,1785074639999999,855782.38566140,1103,4.64095000,299620.18169960,0
1785074640000000,64559.46000000,64616.00000000,64559.46000000,64616.00000000,21.18892000,1785074699999999,1368597.64783120,2901,18.23684000,1177925.38966820,0
1785074700000000,64616.00000000,64731.66000000,64609.02000000,64671.06000000,57.88259000,1785074759999999,3743891.70489570,7088,34.60655000,2238287.60647120,0
1785074760000000,64671.07000000,64690.71000000,64633.00000000,64633.00000000,12.57574000,1785074819999999,813327.58203180,3024,3.56283000,230433.85921850,0
1785074820000000,64633.01000000,64768.23000000,64633.00000000,64746.01000000,39.05208000,1785074879999999,2526768.53440190,6848,29.02572000,1877924.66324580,0
1785074880000000,64746.00000000,64764.00000000,64714.09000000,64714.10000000,19.31879000,1785074939999999,1250670.58002770,4443,9.03179000,584643.73285720,0
1785074940000000,64714.11000000,64728.00000000,64686.58000000,64686.58000000,16.60597000,1785074999999999,1074547.44107970,2848,4.21527000,272787.35951040,0
1785075000000000,64686.59000000,64706.00000000,64686.58000000,64706.00000000,4.27140000,1785075059999999,276329.30467610,1067,3.93488000,254559.14507080,0
1785075060000000,64705.99000000,64706.00000000,64650.46000000,64655.65000000,9.11543000,1785075119999999,589507.86329370,2333,2.61484000,169085.04891580,0
1785075120000000,64655.65000000,64684.00000000,64655.64000000,64684.00000000,8.82100000,1785075179999999,570451.49571640,1201,6.60400000,427055.12198230,0
1785075180000000,64683.99000000,64698.00000000,64683.38000000,64683.39000000,7.40006000,1785075239999999,478720.83494440,1360,4.99776000,323308.43475630,0
1785075240000000,64683.38000000,64712.57000000,64681.34000000,64709.96000000,9.62667000,1785075299999999,622875.28766270,1913,5.78054000,373998.80103900,0
1785075300000000,64709.96000000,64709.97000000,64672.00000000,64674.00000000,6.16968000,1785075359999999,399104.05365960,2164,1.10304000,71340.26171120,0
1785075360000000,64674.01000000,64674.01000000,64672.00000000,64672.00000000,5.69519000,1785075419999999,368329.90281570,306,0.50694000,32785.30472940,0
1785075420000000,64672.00000000,64672.00000000,64664.00000000,64668.00000000,2.79554000,1785075479999999,180779.55028380,1037,1.63524000,105744.50927020,0
1785075480000000,64668.00000000,64682.00000000,64667.99000000,64682.00000000,7.77500000,1785075539999999,502827.75768080,786,7.61847000,492704.56916900,0
1785075540000000,64681.99000000,64682.00000000,64663.01000000,64663.48000000,7.82392000,1785075599999999,505959.82724470,1455,5.02846000,325165.85157990,0
1785075600000000,64663.47000000,64663.48000000,64658.73000000,64658.74000000,4.10476000,1785075659999999,265422.08746930,1552,1.66768000,107835.50464440,0
1785075660000000,64658.73000000,64665.19000000,64654.96000000,64665.18000000,9.01807000,1785075719999999,583088.62539040,1094,8.63826000,558531.51843410,0
1785075720000000,64665.18000000,64665.19000000,64656.00000000,64664.01000000,5.72346000,1785075779999999,370078.89476520,1629,4.07056000,263201.48911550,0
1785075780000000,64664.00000000,64664.23000000,64664.00000000,64664.23000000,1.52652000,1785075839999999,98710.94712230,369,1.38264000,89407.08950870,0
1785075840000000,64664.22000000,64664.23000000,64648.51000000,64648.51000000,4.05837000,1785075899999999,262410.23485700,1177,1.46963000,95029.83629900,0
1785075900000000,64648.51000000,64654.11000000,64648.51000000,64654.11000000,4.86500000,1785075959999999,314520.70062220,641,4.60913000,297978.75218910,0
1785075960000000,64654.10000000,64654.11000000,64653.67000000,64653.68000000,2.66375000,1785076019999999,172221.37564490,632,1.91858000,124043.35483080,0
1785076020000000,64653.67000000,64653.68000000,64633.00000000,64639.99000000,9.46264000,1785076079999999,611742.01626900,1909,3.13071000,202390.48518090,0
1785076080000000,64639.99000000,64640.00000000,64639.99000000,64640.00000000,0.78602000,1785076139999999,50808.33152570,263,0.65859000,42571.25760000,0
1785076140000000,64639.99000000,64640.00000000,64624.28000000,64630.31000000,4.56207000,1785076199999999,294848.18104020,1378,3.02127000,195257.03805480,0
1785076200000000,64630.31000000,64638.94000000,64624.28000000,64638.93000000,10.27641000,1785076259999999,664148.71595630,1386,8.23756000,532376.66920690,0
1785076260000000,64638.94000000,64671.56000000,64638.93000000,64671.55000000,11.18326000,1785076319999999,723069.02497850,2306,10.40963000,673041.00054380,0
1785076320000000,64671.54000000,64694.65000000,64671.54000000,64684.01000000,7.19122000,1785076379999999,465130.23420000,1646,5.13513000,332121.85417130,0
1785076380000000,64684.00000000,64684.01000000,64670.00000000,64670.01000000,2.32204000,1785076439999999,150187.48485870,939,0.22948000,14842.60159730,0
1785076440000000,64670.00000000,64670.00000000,64656.88000000,64656.88000000,2.46801000,1785076499999999,159587.26047400,969,0.27844000,18003.73346780,0
1785076500000000,64656.88000000,64659.06000000,64649.46000000,64649.47000000,2.45994000,1785076559999999,159048.55672000,647,0.86858000,56158.73886820,0
1785076560000000,64649.47000000,64652.06000000,64649.47000000,64652.04000000,2.91463000,1785076619999999,188434.96837950,452,2.21341000,143099.65987610,0
1785076620000000,64652.05000000,64660.00000000,64652.04000000,64660.00000000,4.75901000,1785076679999999,307697.81737330,881,4.56814000,295356.80147770,0
1785076680000000,64660.00000000,64686.01000000,64659.99000000,64686.00000000,3.99798000,1785076739999999,258560.39633970,1184,3.68201000,238121.95378960,0
1785076740000000,64686.00000000,64686.01000000,64663.00000000,64663.01000000,5.78162000,1785076799999999,373946.42858270,856,2.32066000,150102.41414720,0
1785076800000000,64663.00000000,64663.01000000,64662.00000000,64662.00000000,2.07953000,1785076859999999,134467.85812930,357,0.36701000,23731.74368550,0
1785076860000000,64662.00000000,64713.27000000,64662.00000000,64711.41000000,15.20044000,1785076919999999,983412.05659110,1914,11.63288000,752566.46193820,0
1785076920000000,64711.41000000,64724.00000000,64701.11000000,64701.12000000,9.58255000,1785076979999999,620164.71277050,1876,2.15609000,139536.68773050,0
1785076980000000,64701.11000000,64701.12000000,64692.99000000,64692.99000000,3.20827000,1785077039999999,207557.13948090,747,1.14581000,74126.05591800,0
1785077040000000,64693.00000000,64693.00000000,64692.99000000,64693.00000000,1.20242000,1785077099999999,77788.15164930,221,0.66135000,42784.71555000,0
1785077100000000,64692.99000000,64736.82000000,64692.99000000,64714.10000000,11.21684000,1785077159999999,725937.09716350,2562,5.96043000,385695.86994540,0
1785077160000000,64714.10000000,64747.70000000,64713.00000000,64747.70000000,8.81598000,1785077219999999,570586.84400020,1956,7.19397000,465613.68030570,0
1785077220000000,64747.71000000,64758.86000000,64740.00000000,64740.01000000,19.08442000,1785077279999999,1235695.80965830,2128,14.73434000,954017.71998450,0
1785077280000000,64740.01000000,64755.10000000,64738.01000000,64738.01000000,14.86180000,1785077339999999,962277.63381780,1298,1.24881000,80855.98408280,0
1785077340000000,64738.01000000,64738.01000000,64695.22000000,64695.22000000,5.11805000,1785077399999999,331241.91868050,1478,0.53184000,34423.16043770,0
1785077400000000,64695.22000000,64700.36000000,64693.87000000,64693.87000000,6.50740000,1785077459999999,420999.95118010,574,5.13446000,332174.96798860,0
1785077460000000,64693.87000000,64698.92000000,64693.87000000,64698.91000000,5.91596000,1785077519999999,382733.58789130,627,5.54333000,358625.17412360,0
1785077520000000,64698.92000000,64707.99000000,64698.91000000,64707.99000000,2.42589000,1785077579999999,156953.66773640,536,2.14277000,138635.84540710,0
1785077580000000,64707.99000000,64707.99000000,64703.55000000,64703.56000000,1.45281000,1785077639999999,94003.83925610,393,0.82352000,53284.76539440,0
1785077640000000,64703.55000000,64703.56000000,64703.55000000,64703.56000000,0.89673000,1785077699999999,58021.62220150,168,0.78100000,50533.48036000,0
1785077700000000,64703.55000000,64703.56000000,64703.55000000,64703.55000000,1.60978000,1785077759999999,104158.48322400,271,0.25050000,16208.24178000,0
1785077760000000,64703.55000000,64703.56000000,64703.55000000,64703.56000000,1.64496000,1785077819999999,106434.75701140,254,0.54034000,34961.92161040,0
1785077820000000,64703.56000000,64703.56000000,64694.00000000,64694.00000000,4.49178000,1785077879999999,290624.14148270,594,0.25505000,16501.68572170,0
1785077880000000,64694.01000000,64712.00000000,64683.00000000,64710.00000000,10.08421000,1785077939999999,652395.73965260,1496,7.66324000,495779.09855560,0
1785077940000000,64709.99000000,64713.00000000,64709.99000000,64712.99000000,1.22336000,1785077999999999,79165.75092500,295,0.86947000,56264.49807390,0
1785078000000000,64713.00000000,64720.00000000,64698.58000000,64701.17000000,6.77880000,1785078059999999,438686.97340360,1350,1.68062000,108757.33089400,0
1785078060000000,64701.17000000,64719.84000000,64701.17000000,64719.83000000,2.50176000,1785078119999999,161890.13266440,894,2.25322000,145805.88580900,0
1785078120000000,64719.84000000,64774.27000000,64711.12000000,64711.12000000,20.05533000,1785078179999999,1298544.60861980,3224,9.25757000,599389.34197210,0
1785078180000000,64711.12000000,64711.13000000,64701.88000000,64701.89000000,4.20627000,1785078239999999,272169.82541420,795,0.43406000,28085.39905240,0
1785078240000000,64701.88000000,64719.69000000,64701.88000000,64719.68000000,5.79108000,1785078299999999,374765.94477690,888,2.99325000,193694.11693490,0
1785078300000000,64719.69000000,64719.69000000,64696.00000000,64696.01000000,9.21711000,1785078359999999,596449.61394040,996,1.19225000,77154.52023290,0
1785078360000000,64696.00000000,64753.00000000,64676.53000000,64716.96000000,18.14172000,1785078419999999,1174005.18939400,3953,10.15834000,657230.67216500,0
1785078420000000,64716.97000000,64724.70000000,64716.96000000,64722.72000000,1.77327000,1785078479999999,114771.22800380,536,1.32433000,85713.92413290,0
1785078480000000,64722.73000000,64722.73000000,64690.00000000,64690.00000000,4.42468000,1785078539999999,286311.69339980,1257,0.46673000,30197.89334230,0
1785078540000000,64690.00000000,64690.00000000,64686.00000000,64686.00000000,1.02215000,1785078599999999,66119.95338770,295,0.30212000,19543.15496840,0
1785078600000000,64686.01000000,64689.88000000,64686.01000000,64689.88000000,2.29122000,1785078659999999,148213.58191320,470,1.71812000,111139.81741620,0
1785078660000000,64689.88000000,64689.88000000,64676.00000000,64676.95000000,3.06912000,1785078719999999,198520.36676790,838,2.10769000,136330.96286040,0
1785078720000000,64676.95000000,64687.57000000,64676.94000000,64684.01000000,1.72439000,1785078779999999,111539.67095910,639,1.03262000,66791.85004820,0
1785078780000000,64684.00000000,64684.01000000,64673.42000000,64673.43000000,2.31299000,1785078839999999,149595.29718940,505,0.21918000,14175.46942210,0
1785078840000000,64673.42000000,64673.43000000,64673.42000000,64673.42000000,0.31105000,1785078899999999,20116.66930320,136,0.20122000,13013.58758460,0
1785078900000000,64673.42000000,64722.73000000,64673.42000000,64722.72000000,12.02243000,1785078959999999,777782.12019220,2160,10.79896000,698646.43665910,0
1785078960000000,64722.73000000,64760.68000000,64722.72000000,64760.67000000,3.88185000,1785079019999999,251300.00217100,1558,3.60649000,233472.97643300,0
1785079020000000,64760.67000000,64762.63000000,64749.23000000,64759.99000000,12.02180000,1785079079999999,778469.20422400,1308,6.54020000,423484.51480590,0
1785079080000000,64759.99000000,64762.63000000,64754.20000000,64754.21000000,2.76947000,1785079139999999,179346.22993070,713,0.68253000,44199.02074600,0
1785079140000000,64754.21000000,64783.00000000,64754.20000000,64757.99000000,16.07694000,1785079199999999,1041302.21384160,2345,11.78581000,763344.79883630,0
1785079200000000,64757.99000000,64779.99000000,64756.00000000,64772.29000000,8.46673000,1785079259999999,548403.34600900,1736,3.30511000,214070.08768980,0
1785079260000000,64772.29000000,64772.61000000,64764.00000000,64769.61000000,3.23556000,1785079319999999,209567.62996430,733,1.35799000,87957.17430840,0
1785079320000000,64769.60000000,64774.00000000,64769.60000000,64773.99000000,1.53542000,1785079379999999,99452.95113100,519,1.13263000,73362.65821960,0
1785079380000000,64773.99000000,64774.00000000,64763.34000000,64763.34000000,7.10605000,1785079439999999,460272.17260400,957,4.45962000,288864.96529970,0
1785079440000000,64763.35000000,64763.35000000,64760.00000000,64760.01000000,1.95861000,1785079499999999,126841.30617420,528,0.99590000,64495.51494060,0
1785079500000000,64760.00000000,64760.01000000,64760.00000000,64760.00000000,0.67974000,1785079559999999,44019.96501150,218,0.26115000,16912.07661150,0
1785079560000000,64760.01000000,64760.01000000,64756.00000000,64756.96000000,2.73853000,1785079619999999,177342.16131360,740,1.17020000,75778.12221460,0
1785079620000000,64756.96000000,64763.76000000,64756.96000000,64763.75000000,2.20251000,1785079679999999,142637.01665250,626,1.84360000,119393.94911170,0
1785079680000000,64763.75000000,64763.76000000,64750.11000000,64750.11000000,3.75582000,1785079739999999,243228.00195470,852,1.90118000,123118.09688550,0
1785079740000000,64750.12000000,64757.56000000,64750.11000000,64757.56000000,1.44109000,1785079799999999,93315.95696010,639,1.15538000,74814.80593730,0
1785079800000000,64757.56000000,64771.32000000,64746.01000000,64746.02000000,4.49689000,1785079859999999,291221.25889730,1282,2.05353000,132983.30740480,0
1785079860000000,64746.02000000,64746.02000000,64746.01000000,64746.02000000,0.57501000,1785079919999999,37229.60656600,154,0.33559000,21728.11685180,0
1785079920000000,64746.01000000,64746.02000000,64746.01000000,64746.02000000,0.26760000,1785079979999999,17326.03421150,153,0.19355000,12531.59217100,0
1785079980000000,64746.02000000,64747.48000000,64734.00000000,64734.01000000,2.69100000,1785080039999999,174226.04360970,823,0.98721000,63915.20468200,0
1785080040000000,64734.01000000,64747.67000000,64734.00000000,64741.99000000,6.01708000,1785080099999999,389551.48270460,1214,4.30339000,278604.66175810,0
1785080100000000,64742.00000000,64769.99000000,64741.99000000,64769.99000000,3.18352000,1785080159999999,206146.02022450,1584,3.02402000,195817.74145070,0
1785080160000000,64770.00000000,64827.00000000,64770.00000000,64815.66000000,33.48752000,1785080219999999,2170243.86253710,4671,25.88650000,1677613.09950630,0
1785080220000000,64815.66000000,64824.78000000,64815.66000000,64819.17000000,4.76716000,1785080279999999,309007.60952480,1085,3.77040000,244397.53898630,0
1785080280000000,64819.17000000,64819.17000000,64801.45000000,64811.15000000,9.97687000,1785080339999999,646595.69164560,1000,5.15673000,334191.69163300,0
1785080340000000,64811.15000000,64811.16000000,64798.00000000,64798.01000000,5.77504000,1785080399999999,374273.48626740,698,1.61392000,104593.53490430,0
1785080400000000,64798.01000000,64808.00000000,64798.01000000,64802.01000000,5.22031000,1785080459999999,338292.44899860,1232,2.63897000,171010.13661610,0
1785080460000000,64802.01000000,64810.08000000,64796.00000000,64796.00000000,5.66944000,1785080519999999,367403.20821560,1385,3.16739000,205260.94047710,0
1785080520000000,64796.00000000,64796.00000000,64784.30000000,64793.99000000,2.09694000,1785080579999999,135858.98896130,673,1.29654000,84001.57701590,0
1785080580000000,64793.98000000,64793.99000000,64793.98000000,64793.98000000,0.49693000,1785080639999999,32198.07556890,153,0.30875000,20005.14441250,0
1785080640000000,64793.99000000,64800.84000000,64793.98000000,64800.84000000,3.47767000,1785080699999999,225344.16413440,746,2.95180000,191269.53107140,0
1785080700000000,64800.83000000,64800.84000000,64778.88000000,64778.89000000,13.31347000,1785080759999999,862562.10649850,1331,2.38434000,154474.57673570,0
1785080760000000,64778.89000000,64799.77000000,64778.89000000,64780.00000000,6.17324000,1785080819999999,399959.40295980,2358,4.54984000,294780.49044650,0
1785080820000000,64780.00000000,64780.01000000,64777.53000000,64777.54000000,1.42910000,1785080879999999,92573.93749870,464,0.28287000,18323.67519700,0
1785080880000000,64777.53000000,64777.54000000,64768.00000000,64768.01000000,5.74058000,1785080939999999,371835.72298270,580,0.46906000,30380.13401950,0
1785080940000000,64768.00000000,64770.61000000,64764.83000000,64766.07000000,4.53850000,1785080999999999,293943.82171090,715,1.09465000,70896.64154880,0
1785081000000000,64766.07000000,64781.53000000,64766.06000000,64781.52000000,2.65778000,1785081059999999,172154.80733840,821,1.99917000,129491.28912470,0
1785081060000000,64781.52000000,64781.53000000,64764.82000000,64764.83000000,3.07159000,1785081119999999,198965.56777010,1297,1.13232000,73348.29796240,0
1785081120000000,64764.83000000,64764.84000000,64764.83000000,64764.84000000,0.87730000,1785081179999999,56818.18974370,134,0.43847000,28397.43939480,0
1785081180000000,64764.84000000,64764.84000000,64746.50000000,64746.61000000,4.59905000,1785081239999999,297809.99245880,1145,1.91564000,124051.38257700,0
1785081240000000,64746.62000000,64762.00000000,64743.00000000,64762.00000000,3.40690000,1785081299999999,220587.64399660,1927,2.43339000,157557.60261910,0
1785081300000000,64762.00000000,64778.63000000,64761.99000000,64778.62000000,3.11357000,1785081359999999,201687.16490010,842,2.91827000,189036.04745970,0
1785081360000000,64778.62000000,64784.55000000,64770.74000000,64770.74000000,4.27839000,1785081419999999,277147.17501670,791,1.74522000,113050.71918540,0
1785081420000000,64770.75000000,64784.00000000,64770.74000000,64770.82000000,4.29432000,1785081479999999,278169.23171770,972,2.20381000,142749.34544210,0
1785081480000000,64770.82000000,64776.00000000,64762.01000000,64775.99000000,2.85183000,1785081539999999,184715.69238930,962,1.25869000,81524.14082930,0
1785081540000000,64776.00000000,64776.00000000,64768.00000000,64768.00000000,1.81086000,1785081599999999,117291.34017010,435,1.07002000,69304.01236970,0
1785081600000000,64768.00000000,64786.00000000,64768.00000000,64780.01000000,8.51047000,1785081659999999,551294.94688700,1477,6.66640000,431835.94755040,0
1785081660000000,64780.01000000,64793.24000000,64780.00000000,64793.00000000,6.86939000,1785081719999999,445043.60921380,885,6.29432000,407787.63775720,0
1785081720000000,64793.00000000,64798.39000000,64785.18000000,64785.18000000,4.77637000,1785081779999999,309490.10715720,1188,1.26088000,81698.24211880,0
1785081780000000,64785.18000000,64785.19000000,64743.00000000,64743.00000000,7.77567000,1785081839999999,503542.20083330,1605,1.64311000,106385.39323000,0
1785081840000000,64743.01000000,64743.01000000,64740.78000000,64740.79000000,1.00555000,1785081899999999,65100.71726470,343,0.33958000,21984.82434340,0
1785081900000000,64740.78000000,64740.79000000,64724.00000000,64724.00000000,2.96871000,1785081959999999,192178.86713400,946,0.52529000,34004.45960450,0
1785081960000000,64724.01000000,64724.01000000,64723.00000000,64723.00000000,3.49527000,1785082019999999,226225.11965670,383,0.50330000,32575.19691680,0
1785082020000000,64723.01000000,64723.01000000,64712.00000000,64717.25000000,6.67790000,1785082079999999,432172.50264750,831,3.75806000,243209.82589910,0
1785082080000000,64717.26000000,64718.78000000,64717.25000000,64718.78000000,3.08953000,1785082139999999,199946.69921510,823,2.85786000,184953.35733720,0
1785082140000000,64718.78000000,64718.78000000,64703.23000000,64703.24000000,4.74010000,1785082199999999,306753.57521230,1019,1.08770000,70392.39615230,0
1785082200000000,64703.23000000,64718.72000000,64703.23000000,64705.80000000,15.70717000,1785082259999999,1016474.83910370,1755,3.19354000,206651.46216720,0
1785082260000000,64705.80000000,64729.24000000,64705.79000000,64710.76000000,18.49045000,1785082319999999,1196733.96493030,1685,5.14542000,333002.33603170,0
1785082320000000,64710.75000000,64720.00000000,64710.75000000,64717.98000000,2.53637000,1785082379999999,164136.79048320,653,2.25760000,146095.26919480,0
1785082380000000,64717.98000000,64717.99000000,64710.14000000,64710.15000000,5.22105000,1785082439999999,337862.22335580,710,3.93305000,254511.41041620,0
1785082440000000,64710.14000000,64718.97000000,64710.14000000,64718.97000000,0.94853000,1785082499999999,61383.96302440,603,0.81349000,52644.65975700,0
1785082500000000,64718.96000000,64736.00000000,64718.96000000,64735.99000000,2.38542000,1785082559999999,154401.65314750,1213,2.21917000,143641.34521720,0
1785082560000000,64735.99000000,64766.71000000,64735.99000000,64766.71000000,3.75046000,1785082619999999,242854.35696720,1559,3.65651000,236771.48149590,0
1785082620000000,64766.71000000,64790.74000000,64766.71000000,64788.14000000,5.90605000,1785082679999999,382626.75645940,1079,5.41409000,350753.16959660,0
1785082680000000,64788.14000000,64788.15000000,64781.67000000,64781.68000000,4.91433000,1785082739999999,318379.95605030,816,3.66203000,237249.43388860,0
1785082740000000,64781.68000000,64781.68000000,64748.00000000,64748.00000000,4.09058000,1785082799999999,264913.67259100,1592,0.19878000,12873.55187830,0
1785082800000000,64748.00000000,64752.17000000,64748.00000000,64752.16000000,1.42919000,1785082859999999,92540.86272620,539,0.89327000,57839.21998060,0
1785082860000000,64752.16000000,64753.26000000,64752.16000000,64753.26000000,1.25643000,1785082919999999,81357.48328720,316,0.79296000,51346.41421350,0
1785082920000000,64753.25000000,64776.86000000,64753.25000000,64776.86000000,3.39859000,1785082979999999,220130.36337440,1273,3.10575000,201162.83142910,0
1785082980000000,64776.85000000,64776.86000000,64758.00000000,64758.01000000,2.03676000,1785083039999999,131928.97468610,803,1.02956000,66690.53085800,0
1785083040000000,64758.01000000,64758.01000000,64753.00000000,64754.57000000,0.90341000,1785083099999999,58499.76940800,625,0.28390000,18383.75502920,0
1785083100000000,64754.57000000,64756.00000000,64754.57000000,64756.00000000,1.16798000,1785083159999999,75632.70974220,423,0.97962000,63435.37258660,0
1785083160000000,64756.00000000,64771.42000000,64755.99000000,64771.42000000,1.43860000,1785083219999999,93174.16194510,1067,1.28669000,83334.96384700,0
1785083220000000,64771.42000000,64780.56000000,64771.41000000,64780.56000000,1.38030000,1785083279999999,89405.63841710,566,1.09826000,71137.49941430,0
1785083280000000,64780.55000000,64814.17000000,64778.00000000,64790.00000000,12.90932000,1785083339999999,836429.03082890,2500,5.14061000,333081.26089510,0
1785083340000000,64790.01000000,64801.26000000,64778.00000000,64801.26000000,9.69741000,1785083399999999,628264.17653580,1629,6.35931000,411991.33707630,0
1785083400000000,64801.25000000,64813.00000000,64801.25000000,64810.01000000,4.12718000,1785083459999999,267474.10881570,1058,3.48214000,225668.18810650,0
1785083460000000,64810.01000000,64882.39000000,64806.77000000,64859.26000000,36.93741000,1785083519999999,2395454.19029350,3495,26.11405000,1693485.50861630,0
1785083520000000,64859.26000000,64924.24000000,64853.00000000,64920.00000000,33.69446000,1785083579999999,2186641.58908900,4307,20.24019000,1313468.99704880,0
1785083580000000,64920.00000000,64940.51000000,64876.38000000,64876.38000000,26.50293000,1785083639999999,1720264.78325920,2950,19.05206000,1236594.66897010,0
1785083640000000,64876.39000000,64876.40000000,64858.61000000,64858.62000000,21.83992000,1785083699999999,1416735.37394260,1130,8.24954000,535134.07584730,0
1785083700000000,64858.62000000,64886.00000000,64858.61000000,64868.00000000,19.10643000,1785083759999999,1239653.32483570,1596,16.13329000,1046754.06852830,0
1785083760000000,64868.01000000,64868.93000000,64844.00000000,64844.00000000,7.03265000,1785083819999999,456145.68908990,1461,2.66303000,172732.38005640,0
1785083820000000,64844.00000000,64844.00000000,64824.00000000,64829.69000000,3.16192000,1785083879999999,204988.82231610,1317,1.29981000,84263.59314660,0
1785083880000000,64829.69000000,64834.07000000,64824.00000000,64826.01000000,6.70490000,1785083939999999,434680.38744440,837,4.65052000,301492.24034760,0
1785083940000000,64826.01000000,64836.00000000,64824.00000000,64824.00000000,3.37336000,1785083999999999,218693.72810440,575,2.09286000,135677.23131620,0
1785084000000000,64824.00000000,64833.49000000,64823.00000000,64828.00000000,1.58370000,1785084059999999,102666.17712250,641,0.87114000,56472.58974600,0
1785084060000000,64828.01000000,64837.38000000,64828.01000000,64837.37000000,2.01527000,1785084119999999,130653.02447860,617,1.75661000,113883.60365290,0
1785084120000000,64837.37000000,64842.93000000,64837.37000000,64842.93000000,1.42604000,1785084179999999,92461.36525630,437,1.31477000,85246.88954480,0
1785084180000000,64842.94000000,64846.00000000,64832.09000000,64832.09000000,1.68883000,1785084239999999,109505.54469260,624,1.05590000,68466.46336320,0
1785084240000000,64832.09000000,64832.10000000,64806.00000000,64830.00000000,5.64303000,1785084299999999,365770.61999890,1543,1.77085000,114781.21445320,0
1785084300000000,64829.99000000,64830.00000000,64812.66000000,64812.66000000,4.26482000,1785084359999999,276463.09500360,693,0.17339000,11240.77985560,0
1785084360000000,64812.67000000,64812.67000000,64812.00000000,64812.53000000,1.10805000,1785084419999999,71815.21132100,345,0.83627000,54200.52556290,0
1785084420000000,64812.54000000,64825.99000000,64812.53000000,64825.99000000,2.10680000,1785084479999999,136551.99691030,800,1.73459000,112427.52598230,0
1785084480000000,64826.00000000,64833.00000000,64825.99000000,64832.99000000,2.31117000,1785084539999999,149837.04154960,757,2.04561000,132620.00180060,0
1785084540000000,64832.99000000,64838.75000000,64818.20000000,64819.17000000,14.61654000,1785084599999999,947512.68632630,1497,2.24133000,145296.79764650,0
1785084600000000,64819.16000000,64819.20000000,64794.00000000,64794.00000000,4.76906000,1785084659999999,309079.39321410,1162,0.69926000,45317.32266170,0
1785084660000000,64794.00000000,64794.01000000,64774.85000000,64783.74000000,2.73070000,1785084719999999,176906.83909350,948,1.15578000,74873.33822700,0
1785084720000000,64783.75000000,64783.75000000,64777.99000000,64778.00000000,9.85845000,1785084779999999,638648.29004850,601,0.65531000,42452.94183820,0
1785084780000000,64778.00000000,64778.00000000,64750.00000000,64764.30000000,28.16614000,1785084839999999,1823907.07054510,906,3.42601000,221854.78975400,0
1785084840000000,64764.30000000,64764.30000000,64750.00000000,64750.00000000,5.82194000,1785084899999999,377041.02949340,585,1.15288000,74662.72288180,0
1785084900000000,64750.01000000,64758.93000000,64750.01000000,64754.02000000,3.80247000,1785084959999999,246238.52571600,546,2.38666000,154553.10581100,0
1785084960000000,64754.02000000,64754.03000000,64754.02000000,64754.03000000,2.00465000,1785085019999999,129809.16018700,186,1.39940000,90616.78958200,0
1785085020000000,64754.03000000,64754.03000000,64741.66000000,64741.66000000,9.00943000,1785085079999999,583367.83063120,363,0.23843000,15438.89852950,0
1785085080000000,64741.66000000,64742.11000000,64741.66000000,64742.11000000,3.04795000,1785085139999999,197330.31576560,380,2.59882000,168252.69874220,0
1785085140000000,64742.11000000,64742.11000000,64734.16000000,64734.17000000,2.11686000,1785085199999999,137044.15114760,280,0.17335000,11223.03071470,0
1785085200000000,64734.17000000,64734.17000000,64710.00000000,64710.01000000,2.55711000,1785085259999999,165490.39374510,928,0.36917000,23891.69517510,0
1785085260000000,64710.00000000,64710.01000000,64687.94000000,64687.98000000,16.40494000,1785085319999999,1061276.85244790,1022,0.27084000,17520.65485080,0
1785085320000000,64687.98000000,64710.01000000,64676.91000000,64710.01000000,4.67568000,1785085379999999,302469.16901200,1709,1.86931000,120930.63344360,0
1785085380000000,64710.00000000,64723.38000000,64710.00000000,64723.37000000,7.32618000,1785085439999999,474089.15810270,485,7.14285000,462225.07160140,0
1785085440000000,64723.37000000,64723.38000000,64714.09000000,64714.09000000,7.84871000,1785085499999999,507990.96581350,446,0.25146000,16275.16091070,0
1785085500000000,64714.09000000,64729.99000000,64708.00000000,64729.99000000,14.30030000,1785085559999999,925542.09994600,905,13.50158000,873854.21990610,0
1785085560000000,64729.98000000,64758.52000000,64729.98000000,64752.99000000,13.66483000,1785085619999999,884668.27153960,1075,9.19110000,594959.92593450,0
1785085620000000,64753.00000000,64753.00000000,64684.54000000,64685.47000000,15.55225000,1785085679999999,1006632.02270220,1542,0.21613000,13984.95687960,0
1785085680000000,64685.46000000,64699.81000000,64685.46000000,64699.81000000,2.21229000,1785085739999999,143110.88190430,803,2.14577000,138807.69587190,0
1785085740000000,64699.80000000,64719.46000000,64699.80000000,64719.46000000,22.94686000,1785085799999999,1484912.73034100,988,20.60533000,1333395.65591050,0
1785085800000000,64719.46000000,64719.46000000,64719.45000000,64719.45000000,3.80691000,1785085859999999,246381.13550920,241,1.41097000,91317.21647620,0
1785085860000000,64719.45000000,64719.46000000,64704.00000000,64710.00000000,4.91951000,1785085919999999,318344.66791810,854,1.35374000,87597.28379650,0
1785085920000000,64710.00000000,64742.00000000,64709.99000000,64742.00000000,9.65805000,1785085979999999,625062.45641200,820,2.13730000,138348.69946450,0
1785085980000000,64742.00000000,64760.00000000,64741.99000000,64757.46000000,4.79933000,1785086039999999,310794.92269440,750,0.94897000,61447.08154790,0
1785086040000000,64757.47000000,64772.00000000,64754.86000000,64772.00000000,17.33378000,1785086099999999,1122565.00817750,948,16.51363000,1069449.23241140,0
1785086100000000,64771.99000000,64794.27000000,64771.99000000,64794.27000000,5.63145000,1785086159999999,364817.43696500,746,3.10274000,201016.04207840,0
1785086160000000,64794.27000000,64794.27000000,64776.76000000,64776.77000000,4.53120000,1785086219999999,293560.55970570,1163,1.60202000,103787.60425050,0
1785086220000000,64776.77000000,64794.45000000,64772.00000000,64772.00000000,3.58715000,1785086279999999,232389.47235150,1689,1.01152000,65530.01276720,0
1785086280000000,64772.01000000,64772.01000000,64760.02000000,64768.01000000,4.04471000,1785086339999999,261951.01259170,976,2.10089000,136058.66984120,0
1785086340000000,64768.01000000,64768.02000000,64757.71000000,64757.72000000,11.34098000,1785086399999999,734447.55410630,663,0.19737000,12781.83257360,0
1785086400000000,64757.71000000,64757.71000000,64733.99000000,64733.99000000,2.86625000,1785086459999999,185569.95541780,978,0.23560000,15253.60614100,0
1785086460000000,64734.00000000,64746.18000000,64733.99000000,64746.17000000,2.94270000,1785086519999999,190521.32595900,534,1.22565000,79351.56820720,0
1785086520000000,64746.18000000,64746.18000000,64746.17000000,64746.18000000,2.19553000,1785086579999999,142152.16433170,227,0.57116000,36980.42816880,0
1785086580000000,64746.17000000,64746.18000000,64718.66000000,64726.43000000,7.89396000,1785086639999999,510917.30098010,1595,5.46806000,353888.17266250,0
1785086640000000,64726.43000000,64726.44000000,64726.43000000,64726.43000000,1.39418000,1785086699999999,90240.29649740,167,0.23200000,15016.53408000,0
1785086700000000,64726.43000000,64729.99000000,64726.00000000,64729.99000000,2.88702000,1785086759999999,186866.90781250,397,2.34407000,151723.23620240,0
1785086760000000,64729.98000000,64729.99000000,64714.10000000,64714.10000000,8.99741000,1785086819999999,582282.35350390,814,1.53816000,99542.64676600,0
1785086820000000,64714.10000000,64717.25000000,64710.53000000,64717.24000000,14.96224000,1785086879999999,968230.56423380,797,0.78424000,50749.80902650,0
1785086880000000,64717.24000000,64718.93000000,64715.26000000,64715.27000000,1.69838000,1785086939999999,109913.11212350,597,0.69541000,45004.73454380,0
1785086940000000,64715.27000000,64715.27000000,64715.26000000,64715.27000000,0.88807000,1785086999999999,57471.68309850,183,0.21503000,13915.72450810,0
1785087000000000,64715.26000000,64715.27000000,64714.09000000,64714.09000000,0.89255000,1785087059999999,57760.87455630,197,0.23911000,15473.87182520,0
1785087060000000,64714.10000000,64732.79000000,64714.09000000,64730.36000000,8.17848000,1785087119999999,529350.25450090,921,7.64703000,494951.49529980,0
1785087120000000,64730.36000000,64753.00000000,64730.36000000,64752.99000000,6.52287000,1785087179999999,422281.49891060,950,6.12797000,396715.13543000,0
1785087180000000,64752.99000000,64753.00000000,64748.00000000,64748.01000000,1.06894000,1785087239999999,69216.28906380,381,0.21745000,14080.52390470,0
1785087240000000,64748.00000000,64748.01000000,64748.00000000,64748.00000000,0.89436000,1785087299999999,57908.02449570,158,0.32157000,20821.01757570,0
1785087300000000,64748.01000000,64748.01000000,64748.00000000,64748.00000000,1.22014000,1785087359999999,79001.62880050,171,0.40815000,26426.90028050,0
1785087360000000,64748.00000000,64748.00000000,64710.53000000,64710.54000000,2.93930000,1785087419999999,190255.43149980,1523,0.23669000,15321.65646340,0
1785087420000000,64710.54000000,64710.54000000,64690.00000000,64698.37000000,11.44144000,1785087479999999,740258.96021630,687,0.42614000,27574.69764680,0
1785087480000000,64698.37000000,64698.37000000,64694.82000000,64694.83000000,1.35749000,1785087539999999,87822.88787500,260,0.39166000,25338.44122720,0
1785087540000000,64694.82000000,64694.83000000,64680.01000000,64680.02000000,1.29244000,1785087599999999,83607.94069410,762,0.15290000,9890.81741230,0
1785087600000000,64680.01000000,64680.01000000,64668.91000000,64668.91000000,1.79940000,1785087659999999,116378.02572900,687,0.28692000,18557.08821270,0
1785087660000000,64668.91000000,64676.00000000,64668.91000000,64675.99000000,2.64773000,1785087719999999,171235.61510630,511,1.60838000,104014.78301780,0
1785087720000000,64675.99000000,64678.00000000,64675.99000000,64678.00000000,2.05457000,1785087779999999,132882.49123120,349,1.37926000,89205.30378430,0
1785087780000000,64677.99000000,64678.00000000,64677.99000000,64677.99000000,1.45629000,1785087839999999,94189.91289980,185,0.28427000,18386.01506000,0
1785087840000000,64677.99000000,64681.99000000,64677.99000000,64681.99000000,3.34899000,1785087899999999,216607.03521330,421,2.49614000,161446.25639040,0
1785087900000000,64681.99000000,64689.99000000,64681.99000000,64689.99000000,1.71374000,1785087959999999,110855.48487480,532,1.15127000,74470.84908290,0
1785087960000000,64690.00000000,64692.62000000,64689.99000000,64692.61000000,1.48779000,1785088019999999,96247.54424820,327,0.74562000,48235.32753810,0
1785088020000000,64692.61000000,64692.62000000,64686.01000000,64686.02000000,2.12824000,1785088079999999,137677.43331090,496,0.20957000,13556.98577440,0
1785088080000000,64686.01000000,64686.02000000,64685.52000000,64685.53000000,1.20649000,1785088139999999,78043.02514640,304,0.44143000,28554.34834840,0
1785088140000000,64685.52000000,64690.88000000,64679.17000000,64679.18000000,28.31601000,1785088199999999,1831565.45065970,1331,1.36459000,88266.44904140,0
1785088200000000,64679.18000000,64688.91000000,64679.17000000,64688.91000000,4.75077000,1785088259999999,307301.17921870,508,4.01316000,259587.26964930,0
1785088260000000,64688.90000000,64694.82000000,64688.90000000,64694.82000000,1.60217000,1785088319999999,103644.24996970,469,0.98251000,63558.94996260,0
1785088320000000,64694.82000000,64701.56000000,64694.81000000,64701.56000000,1.13365000,1785088379999999,73344.03646500,321,0.60651000,39239.29856300,0
1785088380000000,64701.55000000,64701.56000000,64701.55000000,64701.56000000,0.84351000,1785088439999999,54576.40666440,198,0.22239000,14388.97992840,0
1785088440000000,64701.56000000,64704.00000000,64701.56000000,64703.99000000,1.04354000,1785088499999999,67520.87436680,303,0.86318000,55850.97083040,0
1785088500000000,64703.99000000,64704.00000000,64683.00000000,64683.01000000,2.52207000,1785088559999999,163171.32079190,737,0.43507000,28145.12501540,0
1785088560000000,64683.01000000,64683.01000000,64674.00000000,64674.01000000,1.60725000,1785088619999999,103954.13784310,459,1.03209000,66752.93008660,0
1785088620000000,64674.00000000,64674.01000000,64673.06000000,64674.01000000,0.67765000,1785088679999999,43826.08151910,288,0.31593000,20432.36185550,0
1785088680000000,64674.00000000,64674.01000000,64674.00000000,64674.01000000,0.58877000,1785088739999999,38078.11330320,185,0.23232000,15025.06600320,0
1785088740000000,64674.00000000,64697.21000000,64674.00000000,64697.20000000,27.20855000,1785088799999999,1760148.05254170,1281,26.65188000,1724138.33612080,0
1785088800000000,64697.21000000,64697.21000000,64681.97000000,64681.98000000,3.50518000,1785088859999999,226746.52494550,802,0.61464000,39756.80038130,0
1785088860000000,64681.98000000,64689.99000000,64681.98000000,64689.99000000,2.05669000,1785088919999999,133036.97614240,587,1.28221000,82938.29251550,0
1785088920000000,64689.98000000,64691.22000000,64686.00000000,64686.00000000,1.08808000,1785088979999999,70385.25470890,426,0.47401000,30662.73264390,0
1785088980000000,64686.01000000,64686.01000000,64686.00000000,64686.00000000,0.86392000,1785089039999999,55883.53072830,120,0.16083000,10403.45098830,0
1785089040000000,64686.00000000,64686.01000000,64686.00000000,64686.00000000,0.93243000,1785089099999999,60315.17320950,180,0.62295000,40296.14992950,0
1785089100000000,64686.01000000,64686.01000000,64682.00000000,64682.00000000,1.06667000,1785089159999999,68995.78963530,250,0.13318000,8614.36057140,0
1785089160000000,64682.00000000,64682.01000000,64680.97000000,64680.98000000,1.40141000,1785089219999999,90645.84341330,262,0.22033000,14251.37537180,0
1785089220000000,64680.98000000,64680.98000000,64680.97000000,64680.98000000,1.04309000,1785089279999999,67468.07524470,156,0.22474000,14536.40344520,0
1785089280000000,64680.97000000,64700.00000000,64680.97000000,64695.09000000,5.58426000,1785089339999999,361284.88915320,1099,0.99294000,64229.37961090,0
1785089340000000,64695.09000000,64695.09000000,64693.47000000,64693.48000000,2.27728000,1785089399999999,147328.56351790,300,0.34748000,22480.16643170,0
1785089400000000,64693.47000000,64693.48000000,64693.47000000,64693.48000000,1.35683000,1785089459999999,87778.04309000,212,0.21899000,14167.22518520,0
1785089460000000,64693.48000000,64705.99000000,64693.47000000,64705.99000000,2.40312000,1785089519999999,155475.75355820,922,1.76544000,114218.14880860,0
1785089520000000,64705.99000000,64705.99000000,64704.63000000,64704.64000000,0.99932000,1785089579999999,64661.69780620,283,0.21350000,13814.65280900,0
1785089580000000,64704.63000000,64704.64000000,64703.53000000,64703.53000000,1.77741000,1785089639999999,115005.68361270,318,0.20721000,13407.29222680,0
1785089640000000,64703.53000000,64703.54000000,64683.00000000,64683.01000000,4.29922000,1785089699999999,278156.53517060,832,0.31433000,20337.22696370,0
1785089700000000,64683.00000000,64683.01000000,64670.74000000,64670.75000000,1.86753000,1785089759999999,120786.00995570,513,0.18044000,11670.09442810,0
1785089760000000,64670.74000000,64674.00000000,64670.74000000,64673.99000000,3.65922000,1785089819999999,236644.80987110,471,2.83496000,183339.27525240,0
1785089820000000,64674.00000000,64677.07000000,64673.99000000,64677.07000000,3.75040000,1785089879999999,242553.70972700,315,3.46045000,223801.46535840,0
1785089880000000,64677.06000000,64677.07000000,64677.06000000,64677.06000000,0.90647000,1785089939999999,58627.81637850,116,0.18003000,11643.81291210,0
1785089940000000,64677.07000000,64677.07000000,64668.91000000,64668.92000000,1.29442000,1785089999999999,83711.25673750,460,0.19762000,12779.90183710,0
1785090000000000,64668.93000000,64668.93000000,64668.92000000,64668.92000000,0.95473000,1785090059999999,61741.36112030,184,0.31287000,20232.96812910,0
1785090060000000,64668.92000000,64686.12000000,64668.92000000,64686.11000000,1.92164000,1785090119999999,124284.17139680,729,1.47312000,95274.09343620,0
1785090120000000,64686.11000000,64698.66000000,64686.11000000,64698.66000000,1.38908000,1785090179999999,89864.51954640,719,1.10396000,71419.41903790,0
1785090180000000,64698.66000000,64698.66000000,64696.58000000,64696.58000000,0.91831000,1785090239999999,59413.39037070,224,0.15676000,10142.16050640,0
1785090240000000,64696.58000000,64696.58000000,64690.69000000,64690.69000000,0.84284000,1785090299999999,54526.67960930,259,0.15879000,10272.72177160,0
1785090300000000,64690.69000000,64690.70000000,64674.02000000,64674.03000000,1.95208000,1785090359999999,126272.33019380,624,0.22997000,14875.40680220,0
1785090360000000,64674.02000000,64674.03000000,64674.02000000,64674.03000000,3.48969000,1785090419999999,225692.31020260,221,2.93488000,189810.51716640,0
1785090420000000,64674.02000000,64697.37000000,64674.02000000,64694.78000000,4.01319000,1785090479999999,259611.31509180,1067,2.86308000,185203.78600560,0
1785090480000000,64694.77000000,64694.78000000,64692.96000000,64692.97000000,1.07347000,1785090539999999,69447.23210190,256,0.55063000,35622.69633560,0
1785090540000000,64692.97000000,64692.97000000,64688.61000000,64688.61000000,1.03231000,1785090599999999,66781.10492810,392,0.17295000,11188.30203750,0
1785090600000000,64688.61000000,64688.62000000,64688.61000000,64688.61000000,0.82577000,1785090659999999,53417.91553910,184,0.20594000,13321.97440280,0
1785090660000000,64688.61000000,64695.15000000,64688.61000000,64695.15000000,1.33865000,1785090719999999,86596.41763700,809,0.83409000,53957.11579630,0
1785090720000000,64695.15000000,64695.15000000,64695.14000000,64695.14000000,1.31512000,1785090779999999,85081.87360320,122,0.10864000,7028.48109600,0
1785090780000000,64695.15000000,64695.15000000,64695.14000000,64695.14000000,0.95529000,1785090839999999,61802.62122190,115,0.09313000,6025.05931950,0
1785090840000000,64695.14000000,64695.58000000,64695.14000000,64695.57000000,1.09272000,1785090899999999,70693.91761900,254,0.39438000,25514.53888110,0
1785090900000000,64695.58000000,64696.00000000,64695.57000000,64695.99000000,2.07258000,1785090959999999,134087.49618060,265,1.49959000,97017.40185870,0
1785090960000000,64695.99000000,64696.00000000,64676.72000000,64676.73000000,3.62938000,1785091019999999,234787.85380860,1010,0.15808000,10225.46962230,0
1785091020000000,64676.73000000,64695.00000000,64676.72000000,64694.99000000,3.26045000,1785091079999999,210891.45859090,856,2.74675000,177659.63351520,0
1785091080000000,64694.99000000,64703.00000000,64694.99000000,64703.00000000,2.10156000,1785091139999999,135961.54330740,595,0.71479000,46244.35203510,0
1785091140000000,64703.00000000,64721.05000000,64702.99000000,64721.05000000,2.47472000,1785091199999999,160134.96854900,1067,2.05883000,133223.60939420,0
1785091200000000,64721.05000000,64721.05000000,64703.51000000,64703.52000000,3.16522000,1785091259999999,204823.69616260,781,0.41075000,26577.17356220,0
1785091260000000,64703.51000000,64703.52000000,64703.51000000,64703.52000000,1.32897000,1785091319999999,85989.03046660,141,0.67819000,43881.28022880,0
1785091320000000,64703.51000000,64703.52000000,64703.51000000,64703.51000000,1.64728000,1785091379999999,106584.80639600,199,0.84432000,54630.47600640,0
1785091380000000,64703.52000000,64703.52000000,64703.51000000,64703.51000000,1.65973000,1785091439999999,107390.36282250,200,0.61702000,39923.36591040,0
1785091440000000,64703.52000000,64703.52000000,64703.51000000,64703.52000000,2.56557000,1785091499999999,166001.40332390,108,1.91732000,124057.35296640,0
1785091500000000,64703.51000000,64709.57000000,64703.51000000,64709.57000000,2.31014000,1785091559999999,149474.84181630,842,1.75159000,113334.28417980,0
1785091560000000,64709.57000000,64719.01000000,64709.56000000,64719.00000000,1.11722000,1785091619999999,72295.88902180,494,0.63335000,40984.76632540,0
1785091620000000,64719.01000000,64719.01000000,64719.00000000,64719.00000000,0.92189000,1785091679999999,59663.80026150,160,0.13515000,8746.77420150,0
1785091680000000,64719.01000000,64719.01000000,64719.00000000,64719.00000000,1.01832000,1785091739999999,65904.65433940,124,0.22594000,14622.61311940,0
1785091740000000,64719.00000000,64719.01000000,64719.00000000,64719.01000000,0.87562000,1785091799999999,56669.25251830,91,0.17383000,11250.10550830,0
1785091800000000,64719.00000000,64719.01000000,64719.00000000,64719.00000000,1.56500000,1785091859999999,101285.24168420,172,0.66842000,43259.48066420,0
1785091860000000,64719.01000000,64723.00000000,64719.00000000,64722.99000000,2.37848000,1785091919999999,153934.27778240,884,1.99776000,129293.99776870,0
1785091920000000,64723.00000000,64769.99000000,64722.99000000,64760.96000000,4.60366000,1785091979999999,298094.41389680,2144,3.46916000,224616.52769810,0
1785091980000000,64760.96000000,64767.93000000,64757.15000000,64757.96000000,3.95293000,1785092039999999,256000.32438060,1056,1.84488000,119476.32464210,0
1785092040000000,64757.96000000,64757.97000000,64744.48000000,64744.48000000,1.30425000,1785092099999999,84452.92734400,585,0.27164000,17589.42422230,0
1785092100000000,64744.47000000,64744.48000000,64740.00000000,64740.00000000,0.83119000,1785092159999999,53814.72130890,287,0.15722000,10179.10980290,0
1785092160000000,64740.01000000,64742.60000000,64736.00000000,64736.00000000,1.15225000,1785092219999999,74597.23123070,478,0.31661000,20497.62773830,0
1785092220000000,64736.00000000,64736.01000000,64734.38000000,64734.38000000,1.01747000,1785092279999999,65866.62830360,244,0.41699000,26994.19706010,0
1785092280000000,64734.38000000,64734.39000000,64734.38000000,64734.39000000,0.83139000,1785092339999999,53819.51901760,176,0.28294000,18315.94830660,0
1785092340000000,64734.39000000,64734.39000000,64734.38000000,64734.38000000,1.72970000,1785092399999999,111971.06604590,115,0.89599000,58001.36609610,0
1785092400000000,64734.39000000,64734.39000000,64734.38000000,64734.39000000,0.81703000,1785092459999999,52889.93334760,197,0.28562000,18489.43647180,0
1785092460000000,64734.38000000,64741.83000000,64734.38000000,64741.82000000,2.91769000,1785092519999999,188882.48858400,922,2.37645000,153842.38919840,0
1785092520000000,64741.83000000,64741.83000000,64718.20000000,64718.20000000,4.18658000,1785092579999999,271001.26788160,1147,0.22093000,14300.25252750,0
1785092580000000,64718.21000000,64736.00000000,64718.20000000,64735.99000000,4.31991000,1785092639999999,279610.11432240,847,2.74647000,177770.61885080,0
1785092640000000,64736.00000000,64736.00000000,64733.40000000,64733.41000000,2.14205000,1785092699999999,138664.12735490,286,1.23955000,80240.86044730,0
1785092700000000,64733.40000000,64733.41000000,64726.00000000,64726.00000000,1.56847000,1785092759999999,101528.41172380,450,0.18368000,11889.89657220,0
1785092760000000,64726.01000000,64726.01000000,64718.00000000,64718.01000000,0.93597000,1785092819999999,60577.91384360,618,0.31239000,20218.82024400,0
1785092820000000,64718.01000000,64718.01000000,64715.61000000,64715.62000000,1.30949000,1785092879999999,84744.78448770,217,0.66811000,43237.16224700,0
1785092880000000,64715.62000000,64715.62000000,64706.00000000,64706.01000000,2.86624000,1785092939999999,185486.96976490,568,0.19569000,12664.17889190,0
1785092940000000,64706.00000000,64706.01000000,64693.00000000,64693.00000000,1.43480000,1785092999999999,92829.13969070,784,0.22558000,14594.01520530,0
1785093000000000,64693.01000000,64693.01000000,64685.52000000,64685.52000000,1.00889000,1785093059999999,65265.75092740,711,0.38094000,24643.55352350,0
1785093060000000,64685.53000000,64685.53000000,64684.00000000,64684.01000000,0.87706000,1785093119999999,56731.98580430,318,0.13103000,8475.60120000,0
1785093120000000,64684.00000000,64684.01000000,64671.93000000,64671.93000000,1.47187000,1785093179999999,95203.60531780,652,0.09076000,5870.48861430,0
1785093180000000,64671.92000000,64671.93000000,64671.91000000,64671.91000000,0.67495000,1785093239999999,43650.30683500,180,0.11334000,7329.91542630,0
1785093240000000,64671.92000000,64671.93000000,64671.91000000,64671.93000000,1.50820000,1785093299999999,97538.18769560,257,0.65757000,42526.31504890,0
1785093300000000,64671.93000000,64681.02000000,64671.92000000,64681.01000000,1.12124000,1785093359999999,72515.05287370,501,0.57737000,37340.86382740,0
1785093360000000,64681.02000000,64681.02000000,64681.01000000,64681.02000000,1.67934000,1785093419999999,108621.40895600,152,0.16226000,10495.14230520,0
1785093420000000,64681.02000000,64681.02000000,64681.01000000,64681.01000000,0.64754000,1785093479999999,41883.54190110,85,0.06857000,4435.17754140,0
1785093480000000,64681.02000000,64681.02000000,64681.01000000,64681.01000000,1.24550000,1785093539999999,80560.19894220,204,0.09872000,6385.31029440,0
1785093540000000,64681.01000000,64690.00000000,64681.01000000,64690.00000000,1.13781000,1785093599999999,73598.46620830,528,0.59684000,38607.31094390,0
1785093600000000,64689.99000000,64690.00000000,64689.99000000,64689.99000000,1.07733000,1785093659999999,69692.47112260,153,0.41959000,27143.27710000,0
1785093660000000,64690.00000000,64700.00000000,64689.99000000,64699.03000000,53.64662000,1785093719999999,3470859.41368190,1700,26.82382000,1735447.01561260,0
1785093720000000,64699.03000000,64742.45000000,64696.01000000,64729.67000000,69.34189000,1785093779999999,4487001.47630110,2736,39.37463000,2547892.05294110,0
1785093780000000,64729.66000000,64729.66000000,64703.86000000,64717.48000000,31.58232000,1785093839999999,2043793.28658390,2429,13.74811000,889638.65814610,0
1785093840000000,64717.49000000,64717.49000000,64706.00000000,64706.01000000,63.08364000,1785093899999999,4082295.96983410,1088,33.22614000,2150147.71610790,0
1785093900000000,64706.00000000,64706.10000000,64705.57000000,64706.09000000,53.65950000,1785093959999999,3472078.37525450,625,24.92676000,1612902.75582730,0
1785093960000000,64706.10000000,64706.10000000,64706.09000000,64706.10000000,1.24971000,1785094019999999,80863.85275560,108,0.50217000,32493.46223700,0
1785094020000000,64706.09000000,64706.10000000,64695.39000000,64695.39000000,1.78954000,1785094079999999,115787.62516570,462,0.32420000,20976.99714830,0
1785094080000000,64695.40000000,64695.40000000,64695.39000000,64695.39000000,1.16931000,1785094139999999,75648.96994350,96,0.34626000,22401.42920400,0
1785094140000000,64695.39000000,64720.01000000,64695.39000000,64720.01000000,4.92866000,1785094199999999,318878.99769230,835,4.45585000,288283.69687380,0
1785094200000000,64720.01000000,64720.01000000,64720.00000000,64720.01000000,1.54094000,1785094259999999,99729.64390600,350,0.71060000,45990.03910600,0
1785094260000000,64720.01000000,64729.88000000,64720.00000000,64729.88000000,0.93944000,1785094319999999,60802.73890090,479,0.57769000,37389.99593070,0
1785094320000000,64729.88000000,64733.00000000,64729.87000000,64733.00000000,0.78032000,1785094379999999,50511.86708160,235,0.35077000,22705.89815030,0
1785094380000000,64733.00000000,64753.00000000,64732.99000000,64752.99000000,5.20068000,1785094439999999,336718.62335020,594,4.59545000,297530.49220960,0
1785094440000000,64753.00000000,64753.00000000,64736.64000000,64736.65000000,3.32700000,1785094499999999,215417.69631640,1188,0.19559000,12662.85921400,0
1785094500000000,64736.64000000,64736.65000000,64732.01000000,64732.01000000,0.95980000,1785094559999999,62131.72067110,471,0.22894000,14820.10972940,0
1785094560000000,64732.00000000,64732.01000000,64723.00000000,64725.60000000,3.14523000,1785094619999999,203589.30296250,540,1.56306000,101177.49261870,0
1785094620000000,64725.60000000,64725.60000000,64725.59000000,64725.60000000,1.25041000,1785094679999999,80933.52925340,116,0.42615000,27582.81444000,0
1785094680000000,64725.60000000,64725.60000000,64720.00000000,64720.01000000,1.23914000,1785094739999999,80202.81471600,267,0.45436000,29408.40841540,0
1785094740000000,64720.01000000,64720.01000000,64720.00000000,64720.01000000,0.90304000,1785094799999999,58444.75178390,101,0.29839000,19311.80378390,0
1785094800000000,64720.01000000,64720.32000000,64720.00000000,64720.32000000,0.78524000,1785094859999999,50820.75513190,248,0.44259000,28644.44706990,0
1785094860000000,64720.32000000,64722.36000000,64720.31000000,64722.36000000,0.90331000,1785094919999999,58463.02326190,264,0.43180000,27946.49027320,0
1785094920000000,64722.36000000,64722.36000000,64722.35000000,64722.35000000,0.88989000,1785094979999999,57595.77495400,88,0.29125000,18850.38735000,0
1785094980000000,64722.35000000,64722.36000000,64722.35000000,64722.35000000,1.02159000,1785095039999999,66119.70717030,87,0.16338000,10574.33917680,0
1785095040000000,64722.35000000,64722.36000000,64722.35000000,64722.36000000,0.98756000,1785095099999999,63917.20637350,101,0.24075000,15581.90817000,0
1785095100000000,64722.35000000,64722.36000000,64722.35000000,64722.36000000,0.70881000,1785095159999999,45875.85077910,128,0.18756000,12139.32584160,0
1785095160000000,64722.35000000,64722.36000000,64718.81000000,64718.81000000,1.25067000,1785095219999999,80945.00919420,287,0.21241000,13747.36758030,0
1785095220000000,64718.82000000,64718.82000000,64707.12000000,64707.12000000,2.03879000,1785095279999999,131934.34800440,609,0.23565000,15249.19758140,0
1785095280000000,64707.11000000,64707.12000000,64705.97000000,64705.98000000,0.78945000,1785095339999999,51082.74393910,277,0.16336000,10570.47587110,0
1785095340000000,64705.97000000,64705.97000000,64703.00000000,64703.00000000,2.52806000,1785095399999999,163573.17083810,166,0.41465000,26829.10309650,0
1785095400000000,64703.01000000,64703.01000000,64702.79000000,64702.80000000,0.94906000,1785095459999999,61407.02329010,284,0.34587000,22378.82613090,0
1785095460000000,64702.79000000,64702.80000000,64694.00000000,64694.00000000,1.02512000,1785095519999999,66324.45616600,390,0.14210000,9193.71962160,0
1785095520000000,64694.01000000,64703.01000000,64693.17000000,64703.01000000,2.56923000,1785095579999999,166215.35301850,705,1.82613000,118140.53196180,0
1785095580000000,64703.01000000,64705.99000000,64703.00000000,64705.99000000,5.34390000,1785095639999999,345767.04654890,353,4.68897000,303391.05339390,0
1785095640000000,64705.98000000,64705.99000000,64705.98000000,64705.99000000,1.46912000,1785095699999999,95060.85590060,237,0.65630000,42466.54123700,0
1785095700000000,64705.99000000,64705.99000000,64703.98000000,64703.99000000,1.56730000,1785095759999999,101412.24363610,404,0.26216000,16963.14071560,0
1785095760000000,64704.00000000,64704.00000000,64697.47000000,64697.47000000,2.08839000,1785095819999999,135124.03274450,498,0.55210000,35722.24527050,0
1785095820000000,64697.47000000,64697.48000000,64695.64000000,64695.65000000,3.94507000,1785095879999999,255232.49150620,709,0.56943000,36840.63363410,0
1785095880000000,64695.65000000,64695.65000000,64695.51000000,64695.52000000,2.31341000,1785095939999999,149667.26163200,402,0.89445000,57866.90883640,0
1785095940000000,64695.52000000,64695.52000000,64695.51000000,64695.52000000,1.69806000,1785095999999999,109856.86194200,241,0.42314000,27375.26233280,0
1785096000000000,64695.52000000,64695.52000000,64695.51000000,64695.52000000,1.56050000,1785096059999999,100957.34898160,280,0.56266000,36401.58128320,0
1785096060000000,64695.52000000,64700.02000000,64693.51000000,64693.51000000,3.25961000,1785096119999999,210883.51609610,1040,0.70932000,45890.30740470,0
1785096120000000,64693.51000000,64693.52000000,64683.80000000,64686.00000000,3.41631000,1785096179999999,220994.08528300,852,0.89005000,57574.15765480,0
1785096180000000,64685.99000000,64686.00000000,64685.99000000,64685.99000000,1.28642000,1785096239999999,83213.35548100,214,0.42252000,27331.12872000,0
1785096240000000,64685.99000000,64686.00000000,64685.99000000,64686.00000000,1.23657000,1785096299999999,79988.75839890,249,0.37446000,24222.31956000,0
1785096300000000,64686.00000000,64703.36000000,64685.99000000,64703.36000000,3.82334000,1785096359999999,247341.79279030,714,2.20975000,142951.86027450,0
1785096360000000,64703.35000000,64703.36000000,64703.35000000,64703.36000000,1.28304000,1785096419999999,83016.98967680,187,0.34928000,22599.58958080,0
1785096420000000,64703.35000000,64703.36000000,64703.35000000,64703.36000000,2.81585000,1785096479999999,182194.93747030,206,0.93728000,60645.16526080,0
1785096480000000,64703.35000000,64703.36000000,64703.35000000,64703.36000000,1.73727000,1785096539999999,112407.19854720,229,0.96927000,62715.02574720,0
1785096540000000,64703.35000000,64703.36000000,64703.35000000,64703.35000000,2.53352000,1785096599999999,163927.24102860,203,0.97366000,62999.07349760,0
1785096600000000,64703.36000000,64703.36000000,64694.00000000,64694.00000000,3.21137000,1785096659999999,207779.54052520,537,1.39078000,89987.51119890,0
1785096660000000,64694.00000000,64694.01000000,64687.85000000,64687.85000000,1.62247000,1785096719999999,104958.47915030,577,0.21926000,14184.11409670,0
1785096720000000,64687.85000000,64691.71000000,64687.85000000,64691.70000000,1.89907000,1785096779999999,122847.51926050,294,0.49839000,32240.07263100,0
1785096780000000,64691.71000000,64691.71000000,64691.70000000,64691.70000000,2.00675000,1785096839999999,129820.08267970,195,1.37047000,88658.04780370,0
1785096840000000,64691.70000000,64691.71000000,64691.70000000,64691.71000000,0.96631000,1785096899999999,62512.23928060,230,0.26536000,17166.59216560,0
1785096900000000,64691.71000000,64691.71000000,64683.00000000,64683.00000000,3.68127000,1785096959999999,238146.47063840,602,0.63064000,40797.07829140,0
1785096960000000,64683.00000000,64683.01000000,64683.00000000,64683.00000000,1.65015000,1785097019999999,106736.65642800,317,0.39780000,25730.90137800,0
1785097020000000,64683.01000000,64683.01000000,64662.99000000,64663.00000000,3.20505000,1785097079999999,207286.06959210,1464,0.28838000,18649.73231160,0
1785097080000000,64663.00000000,64663.00000000,64662.99000000,64663.00000000,1.55704000,1785097139999999,100682.86760880,224,0.56592000,36594.08496000,0
1785097140000000,64663.00000000,64663.00000000,64646.15000000,64646.16000000,2.71345000,1785097199999999,175432.75499780,852,0.91498000,59154.44829300,0
1785097200000000,64646.16000000,64650.61000000,64646.15000000,64650.61000000,2.23846000,1785097259999999,144711.14345740,397,1.38995000,89856.48328570,0
1785097260000000,64650.60000000,64654.00000000,64650.60000000,64654.00000000,1.19736000,1785097319999999,77413.37076050,420,0.38202000,24698.79982880,0
1785097320000000,64653.99000000,64654.00000000,64651.45000000,64651.46000000,2.35412000,1785097379999999,152201.31655840,537,0.74790000,48353.74045560,0
1785097380000000,64651.46000000,64651.46000000,64631.57000000,64647.99000000,9.29748000,1785097439999999,601010.43499050,1359,3.86929000,250088.62703050,0
1785097440000000,64647.99000000,64647.99000000,64647.98000000,64647.98000000,1.81068000,1785097499999999,117056.80805440,185,0.36280000,23454.29077200,0
1785097500000000,64647.99000000,64647.99000000,64647.98000000,64647.99000000,1.39920000,1785097559999999,90455.45619800,213,0.25820000,16692.11101800,0
1785097560000000,64647.99000000,64647.99000000,64644.00000000,64644.00000000,1.94557000,1785097619999999,125775.55504890,345,0.24416000,15784.35767860,0
1785097620000000,64644.01000000,64644.01000000,64644.00000000,64644.00000000,1.52791000,1785097679999999,98770.21610530,220,0.20653000,13350.92738530,0
1785097680000000,64644.00000000,64644.01000000,64640.00000000,64640.00000000,1.91538000,1785097739999999,123816.11773720,384,0.24902000,16097.55821020,0
1785097740000000,64640.01000000,64650.00000000,64640.00000000,64649.99000000,1.84999000,1785097799999999,119591.78348690,637,1.17569000,76000.94641930,0
1785097800000000,64650.00000000,64658.01000000,64649.99000000,64658.01000000,1.34834000,1785097859999999,87175.13052750,570,0.68502000,44289.38623300,0
1785097860000000,64658.01000000,64668.92000000,64658.00000000,64668.91000000,1.89707000,1785097919999999,122665.56854300,511,1.37158000,88686.49260590,0
1785097920000000,64668.92000000,64668.92000000,64668.91000000,64668.92000000,1.26263000,1785097979999999,81652.90770180,114,0.18685000,12083.38770200,0
1785097980000000,64668.91000000,64668.91000000,64653.00000000,64653.00000000,3.50646000,1785098039999999,226733.47767900,810,0.12668000,8190.47081650,0
1785098040000000,64653.00000000,64653.01000000,64653.00000000,64653.01000000,2.42130000,1785098099999999,156544.31037210,129,0.14721000,9517.56960210,0
1785098100000000,64653.01000000,64653.01000000,64653.00000000,64653.01000000,0.94561000,1785098159999999,61136.52498320,125,0.16532000,10688.43561320,0
1785098160000000,64653.01000000,64653.01000000,64650.99000000,64651.00000000,2.07094000,1785098219999999,133892.22902170,459,0.14588000,9431.57120960,0
1785098220000000,64650.99000000,64651.00000000,64650.99000000,64650.99000000,3.65319000,1785098279999999,236182.37965410,136,2.94960000,190694.58960000,0
1785098280000000,64650.99000000,64656.73000000,64650.99000000,64656.73000000,1.90669000,1785098339999999,123274.67263020,501,1.15310000,74551.47197250,0
1785098340000000,64656.72000000,64656.73000000,64656.72000000,64656.73000000,1.24313000,1785098399999999,80376.70992470,125,0.15911000,10287.53231030,0
1785098400000000,64656.73000000,64668.00000000,64656.72000000,64668.00000000,1.34141000,1785098459999999,86737.87681550,602,0.64320000,41590.71973910,0
1785098460000000,64667.99000000,64669.99000000,64662.70000000,64662.71000000,2.98161000,1785098519999999,192811.64097020,781,0.33959000,21960.55986690,0
1785098520000000,64662.71000000,64662.71000000,64662.70000000,64662.70000000,0.72883000,1785098579999999,47128.11662690,120,0.09859000,6375.09657890,0
1785098580000000,64662.71000000,64662.71000000,64662.70000000,64662.70000000,1.15021000,1785098639999999,74375.68910880,106,0.49418000,31955.01802780,0
1785098640000000,64662.71000000,64662.72000000,64662.70000000,64662.72000000,1.10026000,1785098699999999,71145.79064170,195,0.40423000,26138.60815140,0
1785098700000000,64662.72000000,64662.72000000,64662.71000000,64662.72000000,0.78445000,1785098759999999,50724.66507000,120,0.22105000,14293.69425600,0
1785098760000000,64662.72000000,64662.72000000,64662.71000000,64662.72000000,0.72584000,1785098819999999,46934.78338270,107,0.19563000,12649.96791360,0
1785098820000000,64662.72000000,64662.72000000,64662.71000000,64662.71000000,0.71333000,1785098879999999,46125.85203680,75,0.11125000,7193.72760000,0
1785098880000000,64662.72000000,64662.72000000,64662.71000000,64662.71000000,1.42167000,1785098939999999,91929.03610080,302,0.11751000,7598.51622720,0
1785098940000000,64662.71000000,64662.72000000,64659.80000000,64659.80000000,2.99717000,1785098999999999,193803.72774610,746,0.18720000,12104.63237070,0
1785099000000000,64659.80000000,64659.81000000,64651.34000000,64651.35000000,2.04413000,1785099059999999,132164.02724990,807,0.13305000,8602.14888090,0
1785099060000000,64651.35000000,64651.35000000,64649.03000000,64649.04000000,1.01286000,1785099119999999,65481.78491010,573,0.09752000,6304.65925830,0
1785099120000000,64649.03000000,64649.04000000,64649.03000000,64649.04000000,1.44063000,1785099179999999,93135.33603390,134,0.39450000,25504.04628000,0
1785099180000000,64649.04000000,64649.04000000,64649.03000000,64649.04000000,1.26172000,1785099239999999,81568.97644190,96,0.23103000,14935.86771120,0
1785099240000000,64649.03000000,64649.04000000,64649.03000000,64649.04000000,0.85018000,1785099299999999,54963.31363390,152,0.13085000,8459.32688400,0
1785099300000000,64649.03000000,64649.04000000,64649.03000000,64649.04000000,0.93182000,1785099359999999,60241.26051180,120,0.13772000,8903.46578880,0
1785099360000000,64649.03000000,64649.04000000,64649.03000000,64649.04000000,0.66693000,1785099419999999,43116.37853690,119,0.09590000,6199.84293600,0
1785099420000000,64649.03000000,64649.04000000,64649.03000000,64649.04000000,0.90174000,1785099479999999,58296.61834310,100,0.20309000,13129.57353360,0
1785099480000000,64649.04000000,64649.04000000,64649.03000000,64649.04000000,1.34503000,1785099539999999,86954.88726490,127,0.24440000,15800.22537600,0
1785099540000000,64649.04000000,64649.04000000,64649.03000000,64649.04000000,4.36113000,1785099599999999,281942.83067500,167,0.64711000,41835.04027440,0
1785099600000000,64649.04000000,64664.74000000,64649.03000000,64664.73000000,2.72392000,1785099659999999,176129.53427770,799,1.56190000,100988.03873630,0
1785099660000000,64664.74000000,64664.74000000,64664.73000000,64664.73000000,1.16129000,1785099719999999,75094.50628640,107,0.19847000,12834.01094780,0
1785099720000000,64664.74000000,64673.00000000,64664.73000000,64673.00000000,2.05801000,1785099779999999,133086.39841920,500,1.66480000,107658.16001170,0
1785099780000000,64673.00000000,64688.09000000,64672.99000000,64688.08000000,5.81845000,1785099839999999,376353.75104280,878,5.24406000,339201.49457800,0
1785099840000000,64688.09000000,64690.66000000,64682.00000000,64682.00000000,8.85506000,1785099899999999,572807.39489180,1234,3.33557000,215772.05748110,0
1785099900000000,64682.00000000,64682.01000000,64682.00000000,64682.01000000,1.86752000,1785099959999999,120794.93449390,314,0.58539000,37864.20183390,0
1785099960000000,64682.00000000,64682.01000000,64680.84000000,64680.85000000,1.23908000,1785100019999999,80144.97346250,333,0.37254000,24096.20827860,0
1785100020000000,64680.84000000,64680.85000000,64665.89000000,64665.90000000,2.54891000,1785100079999999,164856.53906650,1192,0.76618000,49554.68785910,0
1785100080000000,64665.89000000,64665.89000000,64658.99000000,64659.00000000,2.04301000,1785100139999999,132103.77630950,856,0.41268000,26684.16645980,0
1785100140000000,64658.99000000,64661.98000000,64651.62000000,64661.98000000,3.27807000,1785100199999999,211935.73777370,865,2.18583000,141318.91290690,0
1785100200000000,64661.98000000,64661.99000000,64661.98000000,64661.98000000,0.87695000,1785100259999999,56705.32500190,156,0.16409000,10610.38593910,0
1785100260000000,64661.99000000,64661.99000000,64661.98000000,64661.99000000,0.87592000,1785100319999999,56638.72361910,165,0.20975000,13562.85240250,0
1785100320000000,64661.98000000,64672.96000000,64661.98000000,64672.96000000,1.35291000,1785100379999999,87489.05297160,576,0.77258000,49959.91049550,0
1785100380000000,64672.96000000,64719.75000000,64672.96000000,64707.49000000,9.67453000,1785100439999999,626019.33516720,3147,5.12824000,331808.45282380,0
1785100440000000,64707.49000000,64707.50000000,64698.09000000,64698.10000000,2.51755000,1785100499999999,162894.33567550,1106,0.16908000,10939.45910850,0
1785100500000000,64698.09000000,64698.10000000,64695.92000000,64698.00000000,2.51053000,1785100559999999,162425.32923410,464,1.17548000,76050.37803360,0
1785100560000000,64697.99000000,64698.00000000,64697.99000000,64698.00000000,0.84121000,1785100619999999,54424.59794160,107,0.17737000,11475.48426000,0
1785100620000000,64697.99000000,64701.89000000,64697.99000000,64701.88000000,1.64326000,1785100679999999,106317.84876330,289,0.89760000,58073.77029580,0
1785100680000000,64701.89000000,64734.00000000,64701.88000000,64734.00000000,2.70259000,1785100739999999,174901.10278310,1717,2.38374000,154266.51277920,0
1785100740000000,64734.00000000,64737.91000000,64734.00000000,64737.91000000,0.91713000,1785100799999999,59372.98615520,236,0.42046000,27219.61336220,0
1785100800000000,64737.91000000,64750.98000000,64737.90000000,64750.98000000,1.55630000,1785100859999999,100764.20195920,887,1.05085000,68037.77329090,0
1785100860000000,64750.97000000,64772.70000000,64750.97000000,64766.40000000,8.86670000,1785100919999999,574261.84121710,1766,3.58928000,232442.59919560,0
1785100920000000,64766.39000000,64766.39000000,64754.21000000,64754.21000000,2.42730000,1785100979999999,157195.18142110,513,0.11327000,7335.40488630,0
1785100980000000,64754.22000000,64761.99000000,64754.21000000,64761.99000000,1.14419000,1785101039999999,74092.17132370,422,0.56815000,36790.94450900,0
1785101040000000,64762.00000000,64792.00000000,64761.99000000,64792.00000000,6.58232000,1785101099999999,426323.23062730,992,6.02113000,389979.29754980,0
1785101100000000,64792.00000000,64859.99000000,64792.00000000,64846.01000000,17.92844000,1785101159999999,1162232.28349850,2764,12.73056000,825205.41979320,0
1785101160000000,64846.00000000,64857.82000000,64840.00000000,64850.80000000,25.47563000,1785101219999999,1652217.65138880,1777,12.98427000,842078.58077390,0
1785101220000000,64850.80000000,64850.81000000,64833.00000000,64833.00000000,3.21450000,1785101279999999,208437.04333900,567,0.77331000,50145.39106490,0
1785101280000000,64833.00000000,64833.01000000,64819.16000000,64820.47000000,2.93018000,1785101339999999,189944.38462780,581,1.14037000,73918.74247730,0
1785101340000000,64820.47000000,64820.47000000,64819.16000000,64819.17000000,1.34623000,1785101399999999,87262.01090040,171,0.24016000,15567.10346620,0
1785101400000000,64819.16000000,64829.15000000,64819.16000000,64829.15000000,2.10114000,1785101459999999,136200.11264410,676,1.68552000,109258.34616640,0
1785101460000000,64829.15000000,64843.00000000,64823.00000000,64823.01000000,5.44038000,1785101519999999,352724.87266380,1614,1.82931000,118600.71486140,0
1785101520000000,64823.00000000,64823.01000000,64806.00000000,64806.01000000,3.66977000,1785101579999999,237844.68071760,645,1.02683000,66546.21498390,0
1785101580000000,64806.01000000,64833.96000000,64806.00000000,64833.95000000,2.35807000,1785101639999999,152853.01780730,1396,2.08142000,134919.11929340,0
1785101640000000,64833.95000000,64838.01000000,64833.95000000,64838.01000000,0.93881000,1785101699999999,60868.86197650,441,0.52494000,34035.05340640,0
1785101700000000,64838.01000000,64838.01000000,64813.32000000,64813.32000000,5.64021000,1785101759999999,365665.66273100,1071,0.14511000,9406.55641860,0
1785101760000000,64813.32000000,64820.76000000,64810.00000000,64820.75000000,2.61025000,1785101819999999,169175.29781930,778,2.15559000,139706.96334270,0
1785101820000000,64820.76000000,64820.76000000,64804.80000000,64804.80000000,4.61651000,1785101879999999,299234.01736740,737,0.75889000,49188.72693270,0
1785101880000000,64804.80000000,64840.00000000,64804.80000000,64826.01000000,9.72260000,1785101939999999,630223.83026420,1763,7.16947000,464695.35913330,0
1785101940000000,64826.00000000,64826.00000000,64803.00000000,64803.00000000,2.76963000,1785101999999999,179513.79251240,987,0.21838000,14153.47911780,0
1785102000000000,64803.01000000,64806.00000000,64800.00000000,64800.01000000,3.36652000,1785102059999999,218157.39603530,881,1.92721000,124886.37955020,0
1785102060000000,64800.00000000,64826.79000000,64800.00000000,64826.78000000,2.90661000,1785102119999999,188375.88184380,1091,2.03297000,131751.18675760,0
1785102120000000,64826.79000000,64826.79000000,64814.16000000,64814.16000000,5.01191000,1785102179999999,324873.93621990,1354,1.15988000,75183.24630110,0
1785102180000000,64814.16000000,64844.44000000,64814.16000000,64834.49000000,7.76986000,1785102239999999,503754.29573020,2710,2.45675000,159270.45126390,0
1785102240000000,64834.50000000,64842.00000000,64793.00000000,64793.01000000,5.71123000,1785102299999999,370186.15576050,1582,0.63361000,41071.08324640,0
1785102300000000,64793.01000000,64830.00000000,64793.01000000,64829.99000000,5.63604000,1785102359999999,365312.32965110,1537,2.06020000,133529.97726900,0
1785102360000000,64829.99000000,64829.99000000,64826.43000000,64826.43000000,1.36150000,1785102419999999,88265.34443570,352,0.31771000,20597.02850080,0
1785102420000000,64826.42000000,64833.00000000,64822.79000000,64832.99000000,1.98894000,1785102479999999,128935.71669170,623,0.88725000,57516.05596140,0
1785102480000000,64833.00000000,64924.00000000,64832.99000000,64895.18000000,9.71412000,1785102539999999,630320.56739070,3764,6.39565000,414960.84060300,0
1785102540000000,64895.17000000,64895.18000000,64869.70000000,64880.60000000,3.91728000,1785102599999999,254151.00125320,1280,1.54093000,99965.08550170,0
1785102600000000,64880.59000000,64880.60000000,64858.45000000,64860.44000000,3.85759000,1785102659999999,250240.33257890,819,0.25167000,16325.35220430,0
1785102660000000,64860.43000000,64860.44000000,64853.03000000,64853.03000000,1.51133000,1785102719999999,98021.49181480,550,0.14874000,9646.81128960,0
1785102720000000,64853.03000000,64860.00000000,64843.00000000,64859.99000000,3.61040000,1785102779999999,234123.71760970,1249,2.41643000,156696.32153790,0
1785102780000000,64860.00000000,64874.56000000,64859.99000000,64871.95000000,2.93844000,1785102839999999,190622.31078600,614,0.81935000,53150.40105410,0
1785102840000000,64871.95000000,64878.87000000,64871.95000000,64871.98000000,6.67385000,1785102899999999,432966.71128140,547,3.20302000,207788.31675150,0
1785102900000000,64871.97000000,64879.43000000,64867.97000000,64877.99000000,10.42992000,1785102959999999,676619.38051670,1399,7.30245000,473734.34606130,0
1785102960000000,64877.99000000,64891.76000000,64877.99000000,64891.76000000,13.89729000,1785103019999999,901763.54766770,931,13.48559000,875049.18320750,0
1785103020000000,64891.76000000,64891.76000000,64864.00000000,64864.01000000,4.05988000,1785103079999999,263407.13711470,879,0.12710000,8244.30431130,0
1785103080000000,64864.01000000,64864.01000000,64864.00000000,64864.00000000,1.79820000,1785103139999999,116638.45285940,251,0.80594000,52276.50021940,0
1785103140000000,64864.01000000,64864.01000000,64848.01000000,64858.02000000,5.25908000,1785103199999999,341076.77604230,965,2.89469000,187733.16221920,0
1785103200000000,64858.03000000,65100.00000000,64858.03000000,65073.00000000,114.46403000,1785103259999999,7440502.77149270,14631,86.18618000,5601209.70887070,0
1785103260000000,65073.00000000,65080.00000000,65029.29000000,65029.29000000,11.09340000,1785103319999999,721696.78431060,2223,3.73851000,243229.18555560,0
1785103320000000,65029.30000000,65231.58000000,65013.00000000,65102.54000000,64.66701000,1785103379999999,4212411.35932990,9711,45.96536000,2994085.84516010,0
1785103380000000,65102.53000000,65191.99000000,65098.47000000,65187.03000000,19.00677000,1785103439999999,1238151.64593510,6921,8.61619000,561251.70970700,0
1785103440000000,65187.03000000,65216.00000000,65162.58000000,65162.58000000,11.24325000,1785103499999999,732882.86025300,3138,3.53955000,230743.93757090,0
1785103500000000,65162.59000000,65189.99000000,65151.08000000,65163.38000000,17.70846000,1785103559999999,1153951.19376380,3892,8.44934000,550575.28240260,0
1785103560000000,65163.39000000,65225.42000000,65145.64000000,65186.49000000,26.80355000,1785103619999999,1746886.85380040,4530,5.74011000,374204.58047130,0
1785103620000000,65186.50000000,65198.00000000,65158.01000000,65165.01000000,12.55161000,1785103679999999,818072.74098940,3435,4.06181000,264730.27415060,0
1785103680000000,65165.00000000,65165.01000000,65136.03000000,65162.05000000,14.20483000,1785103739999999,925400.98044910,1881,5.73213000,373438.60933590,0
1785103740000000,65162.05000000,65214.00000000,65161.59000000,65189.68000000,10.15875000,1785103799999999,662172.67456990,3433,4.33442000,282509.75642110,0
1785103800000000,65189.67000000,65216.00000000,65186.78000000,65215.99000000,5.98485000,1785103859999999,390246.67691330,1120,4.20848000,274422.42398070,0
1785103860000000,65216.00000000,65216.00000000,65178.00000000,65205.46000000,19.50654000,1785103919999999,1271804.32869230,2180,6.27806000,409322.62578780,0
1785103920000000,65205.46000000,65244.00000000,65205.46000000,65223.35000000,15.37752000,1785103979999999,1003100.45277000,2804,6.70322000,437249.06989630,0
1785103980000000,65223.36000000,65230.91000000,65200.00000000,65222.98000000,9.62451000,1785104039999999,627662.03599180,1826,1.60149000,104436.95956460,0
1785104040000000,65222.98000000,65226.29000000,65194.00000000,65206.96000000,11.90048000,1785104099999999,776045.44049350,1426,1.32372000,86321.14189230,0
1785104100000000,65206.96000000,65233.99000000,65206.96000000,65216.03000000,8.03691000,1785104159999999,524169.46055010,2272,3.53493000,230544.95847670,0
1785104160000000,65216.02000000,65243.64000000,65216.02000000,65239.43000000,8.60707000,1785104219999999,561376.04571150,1165,7.37008000,480677.52938320,0
1785104220000000,65239.43000000,65239.43000000,65192.00000000,65211.99000000,15.38143000,1785104279999999,1003016.32799980,2466,3.83753000,250204.67399710,0
1785104280000000,65211.99000000,65244.00000000,65202.00000000,65243.99000000,4.70855000,1785104339999999,307084.91760590,1470,2.88123000,187915.40518920,0
1785104340000000,65243.99000000,65243.99000000,65171.32000000,65193.91000000,10.61764000,1785104399999999,692316.39912300,2129,1.58049000,103019.03818550,0
1785104400000000,65193.91000000,65240.00000000,65193.90000000,65236.00000000,5.54072000,1785104459999999,361428.08880690,1642,1.36825000,89241.34435460,0
1785104460000000,65236.00000000,65236.00000000,65220.00000000,65225.46000000,8.51347000,1785104519999999,555304.61857340,1502,1.09000000,71093.18708660,0
1785104520000000,65225.46000000,65236.27000000,65225.46000000,65228.00000000,4.30793000,1785104579999999,281020.44978730,873,1.11416000,72677.56274210,0
1785104580000000,65228.00000000,65245.64000000,65216.00000000,65245.64000000,8.60259000,1785104639999999,561087.76044050,1183,3.26734000,213124.16841780,0
1785104640000000,65245.64000000,65250.00000000,65214.00000000,65214.00000000,14.17153000,1785104699999999,924575.06439850,1860,7.18726000,468945.30895550,0
1785104700000000,65214.00000000,65214.01000000,65170.00000000,65170.00000000,17.80102000,1785104759999999,1160604.54301800,1354,0.92542000,60335.41308710,0
1785104760000000,65170.00000000,65184.09000000,65170.00000000,65184.09000000,4.29274000,1785104819999999,279774.87294590,1038,1.88035000,122549.63660750,0
1785104820000000,65184.08000000,65226.62000000,65184.08000000,65226.61000000,4.59372000,1785104879999999,299498.87488430,1527,3.08302000,201016.67692780,0
1785104880000000,65226.61000000,65260.86000000,65226.61000000,65242.03000000,5.31705000,1785104939999999,346920.84410260,1858,2.52665000,164854.85279480,0
1785104940000000,65242.03000000,65242.03000000,65203.99000000,65204.00000000,130.95139000,1785104999999999,8539660.46227930,1964,70.02509000,4566052.26763830,0
1785105000000000,65204.00000000,65269.99000000,65184.12000000,65215.53000000,44.69161000,1785105059999999,2914972.81874640,3975,9.03716000,589577.42835050,0
1785105060000000,65215.54000000,65242.84000000,65209.26000000,65226.08000000,6.36786000,1785105119999999,415346.65719360,1735,3.77181000,246001.96085540,0
1785105120000000,65226.07000000,65405.84000000,65226.07000000,65356.16000000,92.32897000,1785105179999999,6032184.49123820,8427,67.91642000,4436847.70651580,0
1785105180000000,65356.16000000,65405.64000000,65356.16000000,65399.99000000,31.34469000,1785105239999999,2049628.48069940,3030,25.86696000,1691432.48002740,0
1785105240000000,65399.99000000,65417.27000000,65389.94000000,65389.94000000,26.58391000,1785105299999999,1738752.26418330,2422,14.33435000,937568.90714270,0
1785105300000000,65389.95000000,65428.53000000,65389.94000000,65412.39000000,52.12523000,1785105359999999,3409722.17080940,2794,39.93984000,2612537.22156020,0
1785105360000000,65412.39000000,65437.00000000,65404.26000000,65419.99000000,38.46139000,1785105419999999,2516047.19845330,2402,26.21173000,1714619.91263420,0
1785105420000000,65419.99000000,65465.29000000,65419.99000000,65460.05000000,25.95690000,1785105479999999,1698711.75055260,2762,23.60993000,1545102.44314120,0
1785105480000000,65460.05000000,65460.05000000,65410.00000000,65433.13000000,29.70793000,1785105539999999,1943780.31558030,1714,20.52540000,1342983.50647310,0
1785105540000000,65433.13000000,65437.97000000,65410.09000000,65417.00000000,22.59793000,1785105599999999,1478583.75272720,1619,4.95011000,323877.76476830,0
1785105600000000,65417.01000000,65499.89000000,65417.01000000,65499.89000000,54.64751000,1785105659999999,3577655.91963950,3014,52.56048000,3440996.05310810,0
1785105660000000,65499.88000000,65502.60000000,65460.32000000,65478.92000000,53.98232000,1785105719999999,3535714.47959070,3036,35.99163000,2357353.92294060,0
1785105720000000,65478.92000000,65478.92000000,65451.98000000,65470.00000000,10.63683000,1785105779999999,696338.36269940,1665,2.98144000,195173.45595190,0
1785105780000000,65470.00000000,65475.24000000,65460.00000000,65460.00000000,10.51267000,1785105839999999,688296.05439190,1303,1.85624000,121535.21276810,0
1785105840000000,65460.00000000,65475.23000000,65460.00000000,65467.66000000,12.64292000,1785105899999999,827728.90900330,1097,4.77718000,312736.04603090,0
1785105900000000,65467.67000000,65472.38000000,65427.01000000,65427.02000000,15.03459000,1785105959999999,983930.98622990,1736,2.54583000,166652.38139680,0
1785105960000000,65427.01000000,65430.00000000,65400.00000000,65400.01000000,9.65219000,1785106019999999,631383.37962160,1279,3.39030000,221813.34932440,0
1785106020000000,65400.01000000,65416.56000000,65400.00000000,65416.00000000,5.64916000,1785106079999999,369502.81848490,819,2.95575000,193323.36658000,0
1785106080000000,65416.00000000,65500.00000000,65416.00000000,65468.99000000,26.51343000,1785106139999999,1735528.41412720,3191,17.33119000,1134387.51215120,0
1785106140000000,65469.00000000,65487.52000000,65452.76000000,65477.00000000,40.21742000,1785106199999999,2632802.57814000,2902,29.88227000,1956121.06061770,0
1785106200000000,65477.00000000,65489.40000000,65451.23000000,65455.48000000,42.23977000,1785106259999999,2765335.88232780,1892,7.09836000,464749.87912130,0
1785106260000000,65455.48000000,65455.49000000,65414.62000000,65415.87000000,4.96719000,1785106319999999,325013.64151650,985,1.85917000,121633.56867320,0
1785106320000000,65415.86000000,65446.43000000,65415.86000000,65444.68000000,12.80312000,1785106379999999,837792.15259500,1123,9.13453000,597731.73881080,0
1785106380000000,65444.68000000,65444.69000000,65423.47000000,65440.21000000,4.63051000,1785106439999999,302980.95149880,1070,1.75026000,114519.70965400,0
1785106440000000,65440.20000000,65440.21000000,65426.01000000,65426.01000000,4.30447000,1785106499999999,281661.12191350,1075,1.53075000,100161.41402100,0
1785106500000000,65426.00000000,65426.01000000,65378.00000000,65378.01000000,15.30329000,1785106559999999,1000890.13013090,1380,1.14723000,75033.86299230,0
1785106560000000,65378.00000000,65396.00000000,65378.00000000,65395.99000000,8.86965000,1785106619999999,579970.02068450,768,4.26247000,278702.27584330,0
1785106620000000,65396.00000000,65396.00000000,65385.15000000,65394.95000000,2.98368000,1785106679999999,195106.29517040,853,1.10734000,72410.44421780,0
1785106680000000,65394.95000000,65394.96000000,65394.95000000,65394.95000000,2.70713000,1785106739999999,177032.63833230,160,0.73388000,47992.05324480,0
1785106740000000,65394.96000000,65417.99000000,65394.95000000,65412.68000000,6.87033000,1785106799999999,449358.86716870,1322,4.73393000,309607.24577350,0
1785106800000000,65412.69000000,65468.12000000,65412.69000000,65426.77000000,25.99467000,1785106859999999,1701257.97598260,4582,11.51284000,753360.10947850,0
1785106860000000,65426.01000000,65475.08000000,65422.53000000,65459.78000000,9.98091000,1785106919999999,653349.15123380,2187,3.48959000,228404.56041230,0
1785106920000000,65459.79000000,65459.79000000,65409.33000000,65419.70000000,11.89983000,1785106979999999,778572.78459850,1743,2.79745000,183005.20914740,0
1785106980000000,65419.71000000,65430.36000000,65381.77000000,65381.77000000,6.79755000,1785107039999999,444577.93651340,1572,0.96974000,63434.98442760,0
1785107040000000,65381.77000000,65420.41000000,65381.77000000,65420.01000000,65.50555000,1785107099999999,4284501.89406480,858,42.93321000,2807985.56206780,0
1785107100000000,65420.01000000,65488.84000000,65420.00000000,65487.16000000,38.14455000,1785107159999999,2497032.16860010,2951,12.23861000,801150.97085650,0
1785107160000000,65487.15000000,65490.00000000,65459.98000000,65490.00000000,10.99690000,1785107219999999,720083.55122980,2229,7.64496000,500614.96184080,0
1785107220000000,65490.00000000,65518.00000000,65474.00000000,65512.34000000,56.11724000,1785107279999999,3675258.77803890,2920,47.81846000,3131758.39075060,0
1785107280000000,65512.34000000,65530.00000000,65500.70000000,65504.00000000,19.73812000,1785107339999999,1293156.27210800,3669,10.88447000,713118.04698690,0
1785107340000000,65504.00000000,65577.00000000,65504.00000000,65534.22000000,48.72944000,1785107399999999,3193713.32756770,6278,35.57500000,2331335.92368810,0
1785107400000000,65534.23000000,65541.98000000,65500.00000000,65500.00000000,11.45322000,1785107459999999,750486.25573270,2392,4.01819000,263300.96877720,0
1785107460000000,65500.00000000,65527.57000000,65480.00000000,65480.01000000,29.67849000,1785107519999999,1944099.33762820,3825,20.45688000,1340042.39321390,0
1785107520000000,65480.01000000,65522.38000000,65479.49000000,65486.85000000,14.47072000,1785107579999999,947963.04315730,2776,5.33671000,349591.11388970,0
1785107580000000,65486.84000000,65486.84000000,65412.51000000,65440.31000000,17.82929000,1785107639999999,1166600.98371750,2483,7.14087000,467173.06967170,0
1785107640000000,65440.32000000,65440.32000000,65408.51000000,65408.51000000,12.98564000,1785107699999999,849577.63045770,1839,2.75978000,180544.02965190,0
1785107700000000,65408.52000000,65467.89000000,65402.85000000,65467.88000000,8.89365000,1785107759999999,581946.82442460,3270,4.70902000,308107.20635830,0
1785107760000000,65467.89000000,65494.33000000,65432.82000000,65432.82000000,10.44943000,1785107819999999,684159.94614300,3247,3.03480000,198717.99126090,0
1785107820000000,65432.82000000,65432.83000000,65395.77000000,65406.00000000,7.62273000,1785107879999999,498586.45575090,1776,2.60270000,170224.20119890,0
1785107880000000,65405.99000000,65421.93000000,65401.20000000,65401.20000000,11.20567000,1785107939999999,732968.58015470,1616,3.58567000,234536.27788980,0
1785107940000000,65401.20000000,65401.20000000,65360.46000000,65360.46000000,5.74599000,1785107999999999,375693.03061860,2425,1.62190000,106045.62039960,0
1785108000000000,65360.42000000,65375.81000000,65354.78000000,65360.00000000,4.07764000,1785108059999999,266526.32677650,1631,2.08458000,136248.15904940,0
1785108060000000,65360.00000000,65372.00000000,65350.01000000,65350.01000000,7.34407000,1785108119999999,480002.47064000,1704,2.08486000,136276.47233000,0
1785108120000000,65350.01000000,65376.00000000,65338.19000000,65374.00000000,10.37510000,1785108179999999,678056.69265700,2696,4.49299000,293667.00654150,0
1785108180000000,65373.99000000,65373.99000000,65353.28000000,65363.99000000,4.99116000,1785108239999999,326227.38108430,1413,1.33090000,86985.80350980,0
1785108240000000,65364.00000000,65382.70000000,65353.55000000,65353.55000000,10.40835000,1785108299999999,680381.80614970,2657,3.75460000,245434.08346890,0
1785108300000000,65353.56000000,65381.06000000,65353.55000000,65354.10000000,8.06947000,1785108359999999,527481.48589970,2493,5.32127000,347847.19437330,0
1785108360000000,65354.10000000,65354.11000000,65312.00000000,65327.53000000,14.37700000,1785108419999999,939191.07311510,2875,4.44215000,290164.80202470,0
1785108420000000,65327.52000000,65339.99000000,65327.52000000,65332.01000000,4.24631000,1785108479999999,277423.74870000,1388,2.54678000,166388.68440880,0
1785108480000000,65332.00000000,65343.86000000,65329.53000000,65334.00000000,4.40008000,1785108539999999,287469.27926760,1231,2.95403000,192991.58534090,0
1785108540000000,65334.00000000,65334.00000000,65333.99000000,65334.00000000,2.16172000,1785108599999999,141233.79903740,308,0.61746000,40341.13164000,0
1785108600000000,65334.00000000,65334.00000000,65302.67000000,65302.68000000,4.25618000,1785108659999999,277996.49864030,1614,0.39960000,26098.06000800,0
1785108660000000,65302.67000000,65322.36000000,65273.76000000,65322.36000000,11.23934000,1785108719999999,733855.49637550,2623,5.19333000,339109.38410010,0
1785108720000000,65322.35000000,65324.71000000,65306.11000000,65324.00000000,4.92048000,1785108779999999,321377.46017860,1398,1.33139000,86963.32328430,0
1785108780000000,65323.99000000,65348.00000000,65322.31000000,65347.99000000,9.36987000,1785108839999999,612192.40109760,1497,5.91244000,386293.73069440,0
1785108840000000,65348.00000000,65380.00000000,65347.99000000,65374.60000000,4.46484000,1785108899999999,291857.88479660,1567,3.02205000,197542.01949210,0
1785108900000000,65374.60000000,65396.00000000,65374.59000000,65380.00000000,4.35490000,1785108959999999,284752.07875780,1406,1.93952000,126816.36943390,0
1785108960000000,65380.01000000,65386.50000000,65378.22000000,65378.22000000,2.22992000,1785109019999999,145797.10711330,762,0.90719000,59313.73431540,0
1785109020000000,65378.23000000,65378.23000000,65360.00000000,65360.01000000,3.55055000,1785109079999999,232114.48381570,1128,0.29637000,19375.32116700,0
1785109080000000,65360.00000000,65360.01000000,65330.25000000,65330.26000000,2.95504000,1785109139999999,193101.42549290,1086,0.54659000,35718.36228150,0
1785109140000000,65330.26000000,65359.74000000,65330.25000000,65338.02000000,6.56071000,1785109199999999,428711.18189130,1265,4.21889000,275681.25802650,0
1785109200000000,65338.01000000,65338.01000000,65334.76000000,65334.76000000,1.75338000,1785109259999999,114557.28132730,303,0.49497000,32338.97696940,0
1785109260000000,65334.77000000,65388.95000000,65334.76000000,65388.95000000,4.64226000,1785109319999999,303416.02522310,1850,3.58782000,234476.22219130,0
1785109320000000,65388.94000000,65400.00000000,65388.94000000,65399.99000000,1.58811000,1785109379999999,103857.41891090,414,0.78672000,51449.26257840,0
1785109380000000,65400.00000000,65409.01000000,65388.00000000,65409.00000000,5.92601000,1785109439999999,387545.07860110,1275,3.85709000,252244.84920710,0
1785109440000000,65409.00000000,65409.00000000,65400.00000000,65407.21000000,2.02986000,1785109499999999,132763.98340510,851,0.72428000,47371.38946540,0
1785109500000000,65407.20000000,65408.21000000,65394.00000000,65406.36000000,5.14972000,1785109559999999,336812.40367430,1799,1.84971000,120976.33394360,0
1785109560000000,65406.36000000,65463.97000000,65406.36000000,65461.38000000,7.08607000,1785109619999999,463687.64697710,2130,6.43800000,421280.69080150,0
1785109620000000,65461.37000000,65461.37000000,65400.00000000,65400.00000000,4.58901000,1785109679999999,300260.42401390,2236,0.31363000,20515.80024620,0
1785109680000000,65400.00000000,65400.01000000,65390.69000000,65390.70000000,4.74985000,1785109739999999,310614.28732050,508,1.97135000,128909.83604090,0
1785109740000000,65390.69000000,65401.99000000,65386.00000000,65399.34000000,2.88595000,1785109799999999,188722.82476520,1421,1.12438000,73527.58363190,0
1785109800000000,65399.34000000,65425.66000000,65399.33000000,65425.66000000,5.91705000,1785109859999999,387002.18922040,1252,4.39878000,287699.72153070,0
1785109860000000,65425.66000000,65453.57000000,65425.65000000,65453.56000000,4.48145000,1785109919999999,293278.43899720,1627,1.80144000,117885.99213890,0
1785109920000000,65453.57000000,65453.57000000,65442.00000000,65442.00000000,3.52399000,1785109979999999,230634.10911980,824,1.41550000,92637.49965240,0
1785109980000000,65442.01000000,65442.01000000,65425.65000000,65425.66000000,4.75638000,1785110039999999,311205.15219010,889,2.79251000,182704.12503910,0
1785110040000000,65425.66000000,65425.66000000,65400.69000000,65417.89000000,3.01448000,1785110099999999,197184.85816960,1398,1.20340000,78712.80127330,0
1785110100000000,65417.89000000,65417.89000000,65359.92000000,65359.93000000,4.52945000,1785110159999999,296166.58225210,1686,0.29877000,19538.65506720,0
1785110160000000,65359.93000000,65369.49000000,65351.28000000,65369.49000000,2.68817000,1785110219999999,175696.63759940,1167,1.45749000,95262.70230840,0
1785110220000000,65369.49000000,65370.00000000,65368.00000000,65368.00000000,2.34509000,1785110279999999,153297.28281780,481,0.64327000,42050.06993780,0
1785110280000000,65368.00000000,65395.51000000,65360.63000000,65394.19000000,4.79626000,1785110339999999,313575.88644540,1806,2.17043000,141903.57844190,0
1785110340000000,65394.19000000,65402.24000000,65391.14000000,65399.99000000,5.10441000,1785110399999999,333799.93434120,1244,3.45011000,225615.00284830,0
