1785283200000000,63915.00000000,64009.06000000,63914.99000000,63983.25000000,185.34673000,1785283259999999,11854986.92542170,8021,163.93404000,10484730.09481810,0
1785283260000000,63983.25000000,64049.29000000,63974.00000000,64009.20000000,65.09953000,1785283319999999,4167762.62115660,6233,55.57541000,3557933.45352270,0
1785283320000000,64009.20000000,64047.99000000,64009.20000000,64026.00000000,4.21000000,1785283379999999,269544.08910040,2559,3.18376000,203832.20569200,0
1785283380000000,64025.99000000,64032.00000000,64020.00000000,64026.00000000,6.27461000,1785283439999999,401755.90660000,1158,0.73123000,46817.56332730,0
1785283440000000,64026.00000000,64041.86000000,64025.99000000,64041.86000000,4.09989000,1785283499999999,262525.09684650,1016,3.95002000,252928.57800120,0
1785283500000000,64041.85000000,64200.00000000,64041.85000000,64136.92000000,109.08160000,1785283559999999,6993792.10399640,8479,84.13270000,5393301.96585080,0
1785283560000000,64136.91000000,64136.91000000,64060.00000000,64060.00000000,8.21227000,1785283619999999,526412.58169950,3937,2.28311000,146353.59997430,0
1785283620000000,64060.00000000,64074.00000000,64007.59000000,64069.99000000,11.69316000,1785283679999999,748655.09326090,2886,2.64745000,169549.06975700,0
1785283680000000,64069.99000000,64070.00000000,64057.05000000,64069.99000000,4.52493000,1785283739999999,289887.44252630,1191,2.40067000,153787.78572190,0
1785283740000000,64070.00000000,64070.00000000,64044.77000000,64051.99000000,3.15369000,1785283799999999,202011.96147420,1396,0.80720000,51702.61732560,0
1785283800000000,64051.99000000,64060.00000000,64020.00000000,64020.00000000,4.11682000,1785283859999999,263651.12486510,1775,1.67872000,107524.76533450,0
1785283860000000,64020.00000000,64023.75000000,64013.38000000,64013.39000000,2.61149000,1785283919999999,167188.86849620,756,1.08913000,69724.44621150,0
1785283920000000,64013.39000000,64042.00000000,64013.39000000,64041.99000000,2.58738000,1785283979999999,165655.83240360,1332,2.28291000,146159.83466650,0
1785283980000000,64042.00000000,64050.00000000,64034.00000000,64048.00000000,4.97154000,1785284039999999,318407.52670450,1478,2.40821000,154238.16426850,0
1785284040000000,64048.01000000,64048.01000000,64018.00000000,64018.01000000,1.51416000,1785284099999999,96957.56837500,1125,0.54547000,34926.43634040,0
1785284100000000,64018.01000000,64059.13000000,64011.97000000,64059.12000000,4.78027000,1785284159999999,306066.84495510,1887,4.11922000,263740.83239730,0
1785284160000000,64059.13000000,64065.50000000,64031.25000000,64057.96000000,6.39867000,1785284219999999,409862.05958230,2100,1.34097000,85885.96264110,0
1785284220000000,64057.96000000,64084.00000000,64044.58000000,64044.58000000,6.39072000,1785284279999999,409430.87292530,2565,2.80394000,179638.96121370,0
1785284280000000,64044.58000000,64053.06000000,64022.00000000,64051.54000000,3.12166000,1785284339999999,199890.29077810,1950,2.31212000,148049.04299980,0
1785284340000000,64051.54000000,64051.54000000,64036.00000000,64051.54000000,2.66742000,1785284399999999,170829.10904590,1068,0.51415000,32928.55341720,0
1785284400000000,64051.54000000,64064.00000000,64034.01000000,64034.01000000,5.80573000,1785284459999999,371865.02584880,2428,3.48957000,223511.32931510,0
1785284460000000,64034.01000000,64092.00000000,64012.00000000,64067.34000000,26.70703000,1785284519999999,1710792.53448710,2763,21.63522000,1385849.85983940,0
1785284520000000,64067.35000000,64067.35000000,64015.94000000,64015.94000000,5.73936000,1785284579999999,367595.13033780,1926,0.21280000,13629.51368730,0
1785284580000000,64015.94000000,64015.94000000,63994.35000000,64000.00000000,6.46825000,1785284639999999,413965.66791410,1969,3.69429000,236431.36970160,0
1785284640000000,64000.01000000,64000.01000000,63971.59000000,63971.60000000,3.06372000,1785284699999999,196019.47017810,1069,0.29314000,18753.97134260,0
1785284700000000,63971.59000000,63997.66000000,63966.66000000,63997.66000000,7.74455000,1785284759999999,495471.67334800,2001,4.04334000,258671.77284500,0
1785284760000000,63997.65000000,64005.55000000,63988.00000000,63992.95000000,6.46357000,1785284819999999,413667.90071370,1476,3.07034000,196491.30277810,0
1785284820000000,63992.96000000,63995.63000000,63987.32000000,63987.33000000,4.31937000,1785284879999999,276408.83555670,807,3.70081000,236825.49036160,0
1785284880000000,63987.33000000,63987.33000000,63954.00000000,63954.01000000,3.39654000,1785284939999999,217295.74190850,1375,0.59464000,38039.62176570,0
1785284940000000,63954.01000000,64012.00000000,63950.18000000,64012.00000000,83.40646000,1785284999999999,5335468.98191660,2404,62.21840000,3979875.17022720,0
1785285000000000,64012.00000000,64012.00000000,63952.00000000,63956.00000000,87.82195000,1785285059999999,5619846.78370920,5334,6.64687000,425313.08335620,0
1785285060000000,63956.00000000,63956.00000000,63940.72000000,63940.72000000,3.83264000,1785285119999999,245102.42509260,972,0.14290000,9138.01715560,0
1785285120000000,63940.71000000,63940.71000000,63894.00000000,63894.60000000,8.20166000,1785285179999999,524148.27047210,2937,2.51936000,160976.61437870,0
1785285180000000,63894.60000000,63912.00000000,63885.02000000,63912.00000000,9.04587000,1785285239999999,578017.39001560,2609,7.05530000,450832.33654170,0
1785285240000000,63912.01000000,63916.00000000,63900.00000000,63900.01000000,6.85039000,1785285299999999,437820.26343870,929,2.35174000,150304.81307940,0
1785285300000000,63900.01000000,63900.01000000,63873.54000000,63873.55000000,3.19181000,1785285359999999,203914.10842090,2003,1.14832000,73362.16846830,0
1785285360000000,63873.54000000,63940.50000000,63873.54000000,63932.80000000,11.19166000,1785285419999999,715161.68721300,2745,9.37441000,599038.21897720,0
1785285420000000,63932.80000000,64039.43000000,63932.80000000,64039.43000000,23.55948000,1785285479999999,1507628.30219710,3186,21.09023000,1349637.23327660,0
1785285480000000,64039.44000000,64083.69000000,64039.44000000,64083.69000000,11.95969000,1785285539999999,766106.77601970,2209,11.62249000,744503.80381240,0
1785285540000000,64083.68000000,64096.00000000,64056.00000000,64056.01000000,5.65289000,1785285599999999,362253.82714770,2406,3.34923000,214634.71719910,0
1785285600000000,64056.01000000,64056.01000000,64016.80000000,64030.00000000,3.90293000,1785285659999999,249903.46049410,2206,2.38576000,152753.54266610,0
1785285660000000,64030.01000000,64041.60000000,64000.00000000,64000.00000000,8.49164000,1785285719999999,543647.85782400,2411,1.41679000,90715.28632650,0
1785285720000000,64000.01000000,64043.21000000,63994.00000000,64040.01000000,3.52669000,1785285779999999,225767.94502860,2044,2.76795000,177184.10417730,0
1785285780000000,64040.00000000,64069.51000000,64020.00000000,64069.51000000,3.04200000,1785285839999999,194817.58009310,2231,2.02434000,129648.76681880,0
1785285840000000,64069.51000000,64084.01000000,64064.66000000,64084.01000000,4.76639000,1785285899999999,305379.75920000,1765,3.71814000,238214.48696250,0
1785285900000000,64084.01000000,64188.75000000,64084.00000000,64172.01000000,13.37818000,1785285959999999,858051.08046170,4650,9.77585000,626888.11156450,0
1785285960000000,64172.01000000,64172.01000000,64099.26000000,64099.26000000,7.56504000,1785286019999999,485079.62381060,3364,4.27364000,274015.97411450,0
1785286020000000,64099.27000000,64122.58000000,64099.27000000,64110.00000000,4.59476000,1785286079999999,294559.06429450,1803,3.94477000,252884.70360650,0
1785286080000000,64110.00000000,64110.20000000,64028.00000000,64028.00000000,6.58780000,1785286139999999,422043.42209350,2596,1.99646000,127916.30285390,0
1785286140000000,64028.01000000,64042.00000000,64014.54000000,64034.34000000,5.64767000,1785286199999999,361591.97143350,2726,1.94411000,124473.05058470,0
1785286200000000,64034.33000000,64041.99000000,64034.33000000,64041.97000000,1.04834000,1785286259999999,67134.30935950,984,0.82697000,52958.08530320,0
1785286260000000,64041.98000000,64055.65000000,64038.01000000,64048.51000000,4.15663000,1785286319999999,266233.94584170,1383,1.50816000,96590.63030020,0
1785286320000000,64048.52000000,64062.63000000,64048.51000000,64060.01000000,2.30769000,1785286379999999,147821.67469330,952,2.12756000,136282.57206200,0
1785286380000000,64060.01000000,64086.91000000,64058.00000000,64068.01000000,3.40705000,1785286439999999,218305.53595470,1812,2.05887000,131914.54881450,0
1785286440000000,64068.00000000,64090.54000000,64068.00000000,64090.54000000,1.84607000,1785286499999999,118292.34081000,1574,1.74128000,111577.68293570,0
1785286500000000,64090.54000000,64090.54000000,64040.00000000,64050.39000000,3.62808000,1785286559999999,232407.48155360,2965,1.66941000,106921.70265840,0
1785286560000000,64050.39000000,64050.39000000,63995.31000000,63995.31000000,3.26539000,1785286619999999,209043.35008710,2177,0.48856000,31274.24174230,0
1785286620000000,63995.31000000,63996.00000000,63988.00000000,63992.00000000,4.23740000,1785286679999999,271159.65476220,1459,1.52966000,97883.68699220,0
1785286680000000,63992.00000000,63992.01000000,63952.00000000,63952.00000000,4.20813000,1785286739999999,269188.56708540,1349,1.12833000,72162.71718230,0
1785286740000000,63952.01000000,63958.00000000,63928.44000000,63953.99000000,7.12300000,1785286799999999,455479.17450120,2099,3.17287000,202900.22938150,0
1785286800000000,63954.00000000,63954.00000000,63922.05000000,63922.05000000,4.67806000,1785286859999999,299101.25199780,3090,1.34927000,86267.83780700,0
1785286860000000,63922.05000000,63968.00000000,63916.01000000,63966.07000000,7.21450000,1785286919999999,461343.97008960,3774,6.10688000,390519.12250080,0
1785286920000000,63966.07000000,63988.00000000,63966.06000000,63982.86000000,4.47893000,1785286979999999,286539.49050400,2118,3.05090000,195174.69986500,0
1785286980000000,63982.86000000,63999.00000000,63982.86000000,63997.36000000,3.50055000,1785287039999999,224005.19707780,1632,2.67538000,171198.87336080,0
1785287040000000,63997.37000000,63997.37000000,63956.00000000,63986.00000000,3.70739000,1785287099999999,237178.96863690,2192,1.77428000,113498.86023830,0
1785287100000000,63986.00000000,63986.00000000,63966.00000000,63966.76000000,5.29361000,1785287159999999,338637.99287950,1498,1.47164000,94136.84506290,0
1785287160000000,63966.76000000,63966.76000000,63927.66000000,63932.00000000,6.13557000,1785287219999999,392284.98886500,1975,1.86568000,119288.24226420,0
1785287220000000,63932.00000000,63954.00000000,63914.89000000,63954.00000000,9.82623000,1785287279999999,628126.97441970,2480,1.75715000,112332.32659600,0
1785287280000000,63954.00000000,63960.00000000,63928.00000000,63928.01000000,3.85854000,1785287339999999,246769.11212020,1142,0.24849000,15890.81750440,0
1785287340000000,63928.00000000,63928.01000000,63910.60000000,63913.99000000,6.31998000,1785287399999999,403938.99216020,1256,1.99254000,127352.47637470,0
1785287400000000,63914.00000000,63929.41000000,63880.00000000,63880.00000000,5.24581000,1785287459999999,335268.68585290,2837,2.21184000,141365.56153510,0
1785287460000000,63880.00000000,63880.00000000,63810.00000000,63810.01000000,7.53039000,1785287519999999,480780.28144000,2667,0.27893000,17806.60027420,0
1785287520000000,63810.01000000,63854.00000000,63798.62000000,63854.00000000,14.83851000,1785287579999999,946933.91504510,2979,9.60239000,612778.40937540,0
1785287580000000,63854.00000000,63868.92000000,63848.00000000,63864.00000000,1.94714000,1785287639999999,124340.86216820,1430,1.39592000,89140.67493860,0
1785287640000000,63863.99000000,63863.99000000,63814.79000000,63815.97000000,3.41617000,1785287699999999,218067.64042240,2263,0.95599000,61019.91041700,0
1785287700000000,63815.98000000,63827.40000000,63802.00000000,63812.16000000,4.76387000,1785287759999999,303982.76293990,1813,2.37822000,151756.61183850,0
1785287760000000,63812.17000000,63812.17000000,63802.00000000,63811.99000000,1.70976000,1785287819999999,109088.88766950,1038,1.40727000,89788.11518510,0
1785287820000000,63812.00000000,63815.00000000,63776.34000000,63811.99000000,5.08812000,1785287879999999,324589.37409520,2951,2.86886000,183014.82057030,0
1785287880000000,63811.99000000,63839.99000000,63792.97000000,63802.00000000,6.68151000,1785287939999999,426405.41834660,3192,2.81151000,179421.58134820,0
1785287940000000,63801.99000000,63862.06000000,63801.99000000,63858.09000000,4.90736000,1785287999999999,313283.56115820,2832,3.18252000,203165.08432900,0
1785288000000000,63858.09000000,63895.95000000,63858.09000000,63860.01000000,7.15191000,1785288059999999,456895.16101940,3228,2.02897000,129617.39536200,0
1785288060000000,63860.00000000,63890.00000000,63856.00000000,63886.36000000,3.56562000,1785288119999999,227749.32234860,3231,2.07161000,132317.50239160,0
1785288120000000,63886.35000000,63910.00000000,63873.54000000,63910.00000000,4.19565000,1785288179999999,268075.05608620,1994,3.30000000,210853.84744280,0
1785288180000000,63910.00000000,63943.24000000,63910.00000000,63926.00000000,8.76682000,1785288239999999,560446.38327480,2897,6.27955000,401435.79877080,0
1785288240000000,63926.00000000,63944.07000000,63906.01000000,63906.01000000,3.64233000,1785288299999999,232834.58827400,1959,1.98458000,126866.85835430,0
1785288300000000,63906.01000000,63906.02000000,63860.00000000,63901.99000000,6.18837000,1785288359999999,395370.66460610,2910,2.81766000,180010.58053500,0
1785288360000000,63902.00000000,63933.55000000,63901.99000000,63912.00000000,2.76665000,1785288419999999,176841.46589100,1916,1.74166000,111320.14737860,0
1785288420000000,63912.01000000,63940.98000000,63912.01000000,63940.98000000,7.05249000,1785288479999999,450872.68577730,1936,3.91629000,250370.24981440,0
1785288480000000,63940.98000000,63946.00000000,63933.55000000,63933.55000000,2.42560000,1785288539999999,155099.51221040,1272,0.61933000,39601.91953670,0
1785288540000000,63933.56000000,63940.00000000,63895.99000000,63909.99000000,86.92256000,1785288599999999,5554606.78423240,2693,46.74979000,2987217.09547630,0
1785288600000000,63909.99000000,63918.00000000,63850.00000000,63918.00000000,91.13100000,1785288659999999,5822824.43600060,7601,83.14407000,5312431.75404370,0
1785288660000000,63918.00000000,63939.37000000,63870.00000000,63873.55000000,27.58948000,1785288719999999,1763162.08304920,3217,4.63822000,296331.18909100,0
1785288720000000,63873.54000000,63901.96000000,63866.90000000,63901.66000000,4.06653000,1785288779999999,259773.75006820,1631,3.31653000,211865.66544970,0
1785288780000000,63901.65000000,63901.66000000,63848.00000000,63848.00000000,3.47955000,1785288839999999,222261.79985610,1901,0.53026000,33873.49010810,0
1785288840000000,63848.00000000,63886.00000000,63838.00000000,63880.00000000,6.22495000,1785288899999999,397495.22471800,2317,5.61918000,358817.43556480,0
1785288900000000,63880.00000000,63880.00000000,63840.00000000,63844.22000000,3.11974000,1785288959999999,199207.78125470,1869,1.58884000,101446.95427370,0
1785288960000000,63844.22000000,63871.67000000,63844.22000000,63853.12000000,7.63375000,1785289019999999,487495.09827880,2579,5.09325000,325250.80641860,0
1785289020000000,63853.11000000,63888.00000000,63850.00000000,63874.83000000,5.42784000,1785289079999999,346673.09660370,1877,4.31040000,275293.60836080,0
1785289080000000,63874.83000000,63874.84000000,63840.00000000,63840.01000000,3.92156000,1785289139999999,250453.68800060,1323,0.26537000,16943.53156210,0
1785289140000000,63840.01000000,63902.00000000,63830.35000000,63893.02000000,67.59750000,1785289199999999,4317841.74342600,3974,55.58997000,3550793.89376770,0
1785289200000000,63893.02000000,63897.28000000,63850.94000000,63856.05000000,64.12498000,1785289259999999,4095254.43221960,2886,4.88665000,312052.28265530,0
1785289260000000,63856.05000000,63874.00000000,63840.10000000,63874.00000000,5.51907000,1785289319999999,352424.82518380,2221,4.64244000,296449.52464460,0
1785289320000000,63873.99000000,63880.00000000,63837.12000000,63837.12000000,4.82898000,1785289379999999,308382.24779390,1800,2.73050000,174379.45120060,0
1785289380000000,63837.13000000,63837.13000000,63796.79000000,63796.80000000,2.78341000,1785289439999999,177625.95186410,1368,0.28914000,18451.44364120,0
1785289440000000,63796.79000000,63827.70000000,63795.25000000,63811.36000000,6.92123000,1785289499999999,441646.95584360,2009,4.01375000,256110.58997770,0
1785289500000000,63811.36000000,63830.16000000,63768.61000000,63810.01000000,8.60610000,1785289559999999,549069.12592900,4176,5.56251000,354897.89649440,0
1785289560000000,63810.01000000,63832.27000000,63798.63000000,63824.00000000,6.36808000,1785289619999999,406381.98351460,2476,3.57293000,227975.82867660,0
1785289620000000,63824.01000000,63826.00000000,63783.93000000,63783.94000000,5.08374000,1785289679999999,324376.87054670,1926,1.09723000,70001.64114960,0
1785289680000000,63783.94000000,63813.42000000,63772.00000000,63813.42000000,13.95094000,1785289739999999,889869.87000540,3013,11.10744000,708485.97698430,0
1785289740000000,63813.42000000,63814.00000000,63755.33000000,63757.99000000,4.13103000,1785289799999999,263463.89017850,2120,0.38056000,24272.19796950,0
1785289800000000,63758.00000000,63798.00000000,63757.99000000,63784.80000000,7.15340000,1785289859999999,456229.83725080,3156,5.85674000,373521.74426270,0
1785289860000000,63784.81000000,63804.00000000,63742.01000000,63742.01000000,5.70154000,1785289919999999,363551.81182050,2897,1.66072000,105888.37213470,0
1785289920000000,63742.02000000,63752.42000000,63718.00000000,63744.24000000,7.38647000,1785289979999999,470762.28898970,3152,3.19191000,203436.10683900,0
1785289980000000,63744.25000000,63744.32000000,63704.24000000,63744.32000000,7.36918000,1785290039999999,469560.55898770,2808,4.43931000,282871.12869650,0
1785290040000000,63744.55000000,63746.00000000,63731.98000000,63740.74000000,3.12252000,1785290099999999,199018.37791840,1073,2.46413000,157053.96222910,0
1785290100000000,63740.75000000,63748.98000000,63734.00000000,63747.32000000,3.65803000,1785290159999999,233178.21137970,1853,1.85982000,118550.46576630,0
1785290160000000,63747.32000000,63747.32000000,63719.37000000,63729.78000000,5.55565000,1785290219999999,354060.10846650,2459,1.86568000,118895.39456580,0
1785290220000000,63729.78000000,63731.42000000,63706.00000000,63706.00000000,2.72983000,1785290279999999,173931.72696280,1308,0.51688000,32932.35533950,0
1785290280000000,63706.01000000,63719.10000000,63696.00000000,63719.10000000,8.77251000,1785290339999999,558864.05327630,2210,6.35293000,404731.29164370,0
1785290340000000,63719.10000000,63719.10000000,63690.00000000,63705.06000000,5.96270000,1785290399999999,379817.97770890,2322,2.94246000,187430.07138580,0
1785290400000000,63705.07000000,63725.79000000,63658.53000000,63663.99000000,9.34739000,1785290459999999,595382.49285350,4507,5.52600000,352016.76127460,0
1785290460000000,63663.99000000,63750.13000000,63658.00000000,63750.13000000,8.98646000,1785290519999999,572516.69653740,4486,6.30588000,401692.66930960,0
1785290520000000,63750.12000000,63750.13000000,63690.00000000,63690.00000000,4.93877000,1785290579999999,314720.67661750,3713,1.74179000,111001.71328660,0
1785290580000000,63690.00000000,63744.00000000,63686.00000000,63738.00000000,5.81476000,1785290639999999,370452.11337070,2981,5.16087000,328788.40773360,0
1785290640000000,63738.01000000,63738.01000000,63706.00000000,63706.01000000,5.23884000,1785290699999999,333822.79899990,2144,1.24825000,79532.88708690,0
1785290700000000,63706.01000000,63729.10000000,63706.00000000,63724.89000000,2.55792000,1785290759999999,163000.47620290,1977,1.59897000,101891.25114120,0
1785290760000000,63724.88000000,63784.00000000,63722.00000000,63783.99000000,7.44580000,1785290819999999,474719.19646880,2533,3.57342000,227812.21145170,0
1785290820000000,63784.00000000,63800.00000000,63784.00000000,63795.99000000,4.79416000,1785290879999999,305837.38050370,1954,3.38360000,215850.01074520,0
1785290880000000,63796.00000000,63798.00000000,63776.00000000,63790.82000000,3.27130000,1785290939999999,208663.62821060,1722,1.52606000,97340.92070660,0
1785290940000000,63790.81000000,63794.43000000,63776.94000000,63787.74000000,14.18295000,1785290999999999,904724.42939650,2118,8.12127000,518057.87649020,0
1785291000000000,63787.74000000,63795.24000000,63776.65000000,63786.01000000,2.55909000,1785291059999999,163232.63265440,2299,1.44257000,92014.18645380,0
1785291060000000,63786.00000000,63798.00000000,63766.55000000,63797.69000000,2.63224000,1785291119999999,167886.68306390,1794,1.07647000,68661.81021850,0
1785291120000000,63797.69000000,63873.55000000,63797.69000000,63855.19000000,22.10527000,1785291179999999,1411120.65746710,3275,17.66695000,1127693.52758070,0
1785291180000000,63855.19000000,63862.00000000,63842.00000000,63854.25000000,6.03965000,1785291239999999,385643.04814220,1423,3.98984000,254748.54890810,0
1785291240000000,63854.25000000,63854.26000000,63832.46000000,63832.47000000,5.23813000,1785291299999999,334420.63579560,748,0.29086000,18569.03501060,0
1785291300000000,63832.46000000,63832.47000000,63802.00000000,63802.00000000,1.90674000,1785291359999999,121686.17892050,1352,0.71091000,45369.13384880,0
1785291360000000,63802.01000000,63814.00000000,63778.85000000,63778.85000000,6.66683000,1785291419999999,425301.77925310,2768,2.15915000,137743.88238160,0
1785291420000000,63778.85000000,63778.85000000,63686.76000000,63724.00000000,9.44377000,1785291479999999,601792.02568160,3429,2.80830000,178943.74378930,0
1785291480000000,63724.01000000,63750.00000000,63716.00000000,63750.00000000,5.06567000,1785291539999999,322866.87687820,2898,3.43349000,218833.49082330,0
1785291540000000,63750.00000000,63755.10000000,63730.44000000,63747.99000000,4.67490000,1785291599999999,297964.60164580,2212,3.00336000,191426.89839360,0
1785291600000000,63748.00000000,63773.91000000,63742.00000000,63773.91000000,6.55628000,1785291659999999,418047.01440290,2735,4.59831000,293198.83165270,0
1785291660000000,63773.90000000,63824.98000000,63768.47000000,63812.01000000,5.85364000,1785291719999999,373483.68804730,2709,3.91564000,249811.71029740,0
1785291720000000,63812.00000000,63846.94000000,63790.00000000,63846.94000000,4.62820000,1785291779999999,295389.86939760,2491,2.74977000,175488.15737050,0
1785291780000000,63846.93000000,63882.00000000,63830.46000000,63864.38000000,13.09208000,1785291839999999,836070.79389040,4324,7.45893000,476339.80867270,0
1785291840000000,63864.37000000,63889.63000000,63844.00000000,63844.01000000,5.40950000,1785291899999999,345528.36322970,2798,2.96502000,189388.74595550,0
1785291900000000,63844.01000000,63884.00000000,63834.35000000,63884.00000000,4.17355000,1785291959999999,266507.72509530,2342,3.39958000,217093.66374050,0
1785291960000000,63883.99000000,63894.00000000,63870.00000000,63885.77000000,6.21390000,1785292019999999,396990.57301010,2007,1.91866000,122578.86649010,0
1785292020000000,63885.77000000,63892.00000000,63876.55000000,63892.00000000,6.80460000,1785292079999999,434721.56551260,1433,2.04640000,130735.54794930,0
1785292080000000,63892.00000000,63952.00000000,63892.00000000,63948.01000000,17.02486000,1785292139999999,1088375.53986560,3725,11.48606000,734255.22723630,0
1785292140000000,63948.00000000,64023.74000000,63948.00000000,64023.74000000,23.19702000,1785292199999999,1484391.63376870,4739,18.89472000,1209041.25580180,0
1785292200000000,64023.73000000,64064.81000000,64000.00000000,64008.00000000,22.96873000,1785292259999999,1470810.27405840,6231,10.95888000,701710.32372800,0
1785292260000000,64008.00000000,64010.22000000,63990.00000000,63997.95000000,9.37896000,1785292319999999,600234.77613640,1786,6.31923000,404412.34710210,0
1785292320000000,63997.95000000,63997.95000000,63968.00000000,63968.48000000,5.84959000,1785292379999999,374254.65852840,1059,1.52369000,97494.56051500,0
1785292380000000,63968.47000000,63976.00000000,63954.00000000,63955.99000000,3.14951000,1785292439999999,201471.02042950,1534,2.30625000,147531.83990960,0
1785292440000000,63956.00000000,63959.98000000,63954.00000000,63954.00000000,1.35541000,1785292499999999,86690.97732540,648,0.85445000,54650.09046040,0
1785292500000000,63954.01000000,64002.00000000,63954.00000000,63998.01000000,13.11958000,1785292559999999,839406.96969830,2263,10.95761000,701102.68454370,0
1785292560000000,63998.00000000,64060.00000000,63998.00000000,64038.84000000,17.33760000,1785292619999999,1109999.41409310,4141,13.33800000,853859.87679520,0
1785292620000000,64038.44000000,64046.85000000,64015.49000000,64017.20000000,7.44822000,1785292679999999,476928.99842140,2042,2.36482000,151452.05677440,0
1785292680000000,64017.20000000,64051.63000000,64017.19000000,64051.62000000,8.66975000,1785292739999999,555200.11475840,2498,6.32849000,405271.96562730,0
1785292740000000,64051.62000000,64098.00000000,64040.86000000,64097.99000000,12.01646000,1785292799999999,769820.77686500,2669,7.17214000,459504.77716000,0
1785292800000000,64098.00000000,64132.42000000,64098.00000000,64098.01000000,10.96701000,1785292859999999,703135.36854240,3756,6.37489000,408708.07670200,0
1785292860000000,64098.00000000,64099.89000000,64078.00000000,64078.01000000,5.03817000,1785292919999999,322930.62133770,1383,1.10892000,71078.79717110,0
1785292920000000,64078.00000000,64078.01000000,64040.00000000,64040.00000000,3.32737000,1785292979999999,213125.97998660,1185,0.25026000,16031.81659310,0
1785292980000000,64040.00000000,64044.00000000,64040.00000000,64043.81000000,4.61001000,1785293039999999,295233.47676200,485,1.84467000,118132.84574610,0
1785293040000000,64043.82000000,64043.82000000,64030.00000000,64030.01000000,2.39394000,1785293099999999,153300.23532270,775,0.48057000,30773.92373480,0
1785293100000000,64030.00000000,64044.00000000,64008.28000000,64036.00000000,4.58371000,1785293159999999,293485.66709690,1737,3.06837000,196460.86155870,0
1785293160000000,64036.00000000,64043.56000000,64000.14000000,64000.15000000,20.61137000,1785293219999999,1319588.77540670,2063,3.51928000,225341.16000250,0
1785293220000000,64000.14000000,64000.15000000,63922.23000000,63922.23000000,20.22681000,1785293279999999,1294093.03469050,2647,1.85949000,118929.20057270,0
1785293280000000,63922.24000000,63937.77000000,63911.92000000,63930.00000000,16.49450000,1785293339999999,1054412.00431790,2538,8.07223000,515979.82811140,0
1785293340000000,63930.00000000,63930.00000000,63924.16000000,63930.00000000,2.58860000,1785293399999999,165487.29614610,801,1.48421000,94884.00219650,0
1785293400000000,63930.00000000,63957.99000000,63922.00000000,63957.99000000,3.29453000,1785293459999999,210631.62072900,1784,1.83868000,117556.88959610,0
1785293460000000,63957.99000000,63975.24000000,63944.22000000,63974.70000000,8.38110000,1785293519999999,536070.96515030,1513,2.61654000,167360.56045280,0
1785293520000000,63974.70000000,63974.71000000,63944.12000000,63950.01000000,4.67435000,1785293579999999,298974.99061920,2769,1.58617000,101441.01163470,0
1785293580000000,63950.00000000,63956.66000000,63944.19000000,63956.66000000,3.92726000,1785293639999999,251147.67374530,1073,2.58026000,165007.99396580,0
1785293640000000,63956.65000000,63978.10000000,63956.65000000,63978.10000000,2.70336000,1785293699999999,172931.46704720,1162,2.36090000,151026.73152090,0
1785293700000000,63978.10000000,63990.00000000,63970.00000000,63970.00000000,2.61572000,1785293759999999,167358.81320470,1244,0.84033000,53766.65700470,0
1785293760000000,63970.01000000,63984.00000000,63956.00000000,63964.36000000,6.62541000,1785293819999999,423810.69702200,2459,2.00476000,128238.86113890,0
1785293820000000,63964.37000000,63980.73000000,63964.36000000,63976.00000000,6.00389000,1785293879999999,384093.22964860,1336,4.36450000,279207.15576360,0
1785293880000000,63976.01000000,63976.01000000,63972.00000000,63972.01000000,1.65472000,1785293939999999,105857.68104530,310,0.37972000,24291.57937720,0
1785293940000000,63972.01000000,63979.96000000,63960.00000000,63979.96000000,1.87112000,1785293999999999,119689.35115620,1253,1.45910000,93334.19709880,0
1785294000000000,63979.96000000,63980.00000000,63951.87000000,63966.00000000,3.89064000,1785294059999999,248876.88448000,1606,1.12817000,72158.58758320,0
1785294060000000,63965.99000000,63974.91000000,63936.08000000,63936.08000000,2.44349000,1785294119999999,156271.64249580,1483,0.29992000,19183.91787070,0
1785294120000000,63936.09000000,63936.09000000,63910.00000000,63910.01000000,2.59896000,1785294179999999,166132.70750580,940,0.60148000,38446.75314280,0
1785294180000000,63910.01000000,63914.00000000,63856.54000000,63898.02000000,12.06932000,1785294239999999,771043.70563750,4196,6.50816000,415741.52215480,0
1785294240000000,63898.03000000,63910.00000000,63888.00000000,63898.00000000,3.88040000,1785294299999999,247954.90413390,1889,2.07566000,132634.18433780,0
1785294300000000,63898.00000000,63922.00000000,63898.00000000,63921.99000000,3.98802000,1785294359999999,254885.88866580,1554,3.81731000,243974.52804290,0
1785294360000000,63921.99000000,63922.00000000,63894.47000000,63911.99000000,2.78147000,1785294419999999,177764.17565330,2129,1.06845000,68280.99060640,0
1785294420000000,63911.99000000,63964.81000000,63904.32000000,63952.01000000,5.65433000,1785294479999999,361477.75972840,2923,3.74045000,239142.21610750,0
1785294480000000,63952.00000000,63983.54000000,63952.00000000,63972.25000000,5.56424000,1785294539999999,355952.13740780,2565,2.04998000,131137.05876010,0
1785294540000000,63972.26000000,64002.00000000,63972.25000000,64001.99000000,3.71379000,1785294599999999,237648.81704180,1774,2.65358000,169801.61717300,0
1785294600000000,64002.00000000,64002.00000000,63984.00000000,63996.00000000,2.75797000,1785294659999999,176497.47500720,1319,0.71729000,45900.28849280,0
1785294660000000,63996.01000000,63999.13000000,63993.23000000,63993.23000000,1.37729000,1785294719999999,88143.77126800,531,0.23819000,15243.40184770,0
1785294720000000,63993.23000000,63993.24000000,63972.25000000,63972.25000000,2.39931000,1785294779999999,153520.66413950,1308,0.85321000,54594.45087720,0
1785294780000000,63972.26000000,63972.26000000,63948.38000000,63948.38000000,1.68250000,1785294839999999,107616.58573620,851,0.24518000,15682.66622910,0
1785294840000000,63948.38000000,63948.39000000,63938.00000000,63938.01000000,1.60263000,1785294899999999,102477.23358050,867,0.20710000,13242.11718030,0
1785294900000000,63938.00000000,63938.01000000,63915.72000000,63922.00000000,3.32483000,1785294959999999,212547.81122840,1284,1.33538000,85369.30713020,0
1785294960000000,63922.00000000,63970.00000000,63921.99000000,63970.00000000,13.15475000,1785295019999999,841174.67886630,1808,9.00617000,575864.03046290,0
1785295020000000,63969.99000000,63970.00000000,63926.00000000,63937.99000000,4.63881000,1785295079999999,296693.57185790,1928,1.07417000,68697.15895800,0
1785295080000000,63938.00000000,63938.00000000,63914.00000000,63915.19000000,1.76728000,1785295139999999,112970.28952270,1317,0.25986000,16609.84825030,0
1785295140000000,63915.19000000,63915.19000000,63862.73000000,63869.54000000,4.29352000,1785295199999999,274319.14478090,2279,0.44298000,28295.90219330,0
1785295200000000,63869.53000000,63914.00000000,63869.53000000,63914.00000000,5.82813000,1785295259999999,372341.66441660,2430,4.70263000,300444.71989930,0
1785295260000000,63914.00000000,63933.99000000,63902.65000000,63902.65000000,4.98869000,1785295319999999,318895.79163750,2225,1.96181000,125408.91892190,0
1785295320000000,63902.65000000,63932.55000000,63902.65000000,63932.54000000,4.15574000,1785295379999999,265616.30683740,1888,3.74903000,239621.58012000,0
1785295380000000,63932.55000000,63940.00000000,63884.00000000,63884.00000000,4.80345000,1785295439999999,307039.16053820,2299,0.65108000,41613.97570370,0
1785295440000000,63884.00000000,63891.86000000,63864.22000000,63873.55000000,8.13062000,1785295499999999,519353.28823010,2262,3.64078000,232557.42983410,0
1785295500000000,63873.55000000,63876.00000000,63873.54000000,63873.55000000,1.00377000,1785295559999999,64115.48318120,455,0.69713000,44529.09888090,0
1785295560000000,63873.54000000,63873.55000000,63862.74000000,63862.74000000,4.92084000,1785295619999999,314306.91541230,651,0.58386000,37293.09500800,0
1785295620000000,63862.73000000,63862.74000000,63828.00000000,63834.00000000,3.09106000,1785295679999999,197349.54604300,1666,0.36618000,23375.94047160,0
1785295680000000,63834.00000000,63834.00000000,63814.00000000,63814.01000000,7.95928000,1785295739999999,507967.66609480,1401,1.45484000,92843.04160430,0
1785295740000000,63814.01000000,63814.01000000,63786.78000000,63798.00000000,10.17218000,1785295799999999,649027.70416070,1668,3.44740000,219940.06246960,0
1785295800000000,63797.99000000,63798.00000000,63720.94000000,63741.00000000,18.97771000,1785295859999999,1209765.48765250,5493,5.60489000,357221.41321630,0
1785295860000000,63741.00000000,63741.00000000,63710.00000000,63734.00000000,10.48225000,1785295919999999,667941.70270120,2854,7.18175000,457627.19351960,0
1785295920000000,63734.00000000,63748.37000000,63710.00000000,63742.39000000,23.81574000,1785295979999999,1517911.69554070,3993,10.66705000,679794.23728230,0
1785295980000000,63742.40000000,63772.04000000,63742.40000000,63772.03000000,4.46230000,1785296039999999,284495.38809250,1605,3.27016000,208491.28033920,0
1785296040000000,63772.03000000,63772.03000000,63734.00000000,63746.01000000,9.17023000,1785296099999999,584576.40265110,2677,5.00334000,318915.84308440,0
1785296100000000,63746.00000000,63771.13000000,63739.65000000,63771.12000000,6.36991000,1785296159999999,406130.27690830,2065,4.01297000,255851.48962760,0
1785296160000000,63771.12000000,63821.93000000,63771.12000000,63817.19000000,6.05040000,1785296219999999,386049.10760040,2292,2.66901000,170292.31731080,0
1785296220000000,63817.19000000,63844.00000000,63810.00000000,63843.99000000,12.22948000,1785296279999999,780518.25019050,2125,10.43860000,666208.74707430,0
1785296280000000,63844.00000000,63870.00000000,63838.00000000,63838.00000000,5.50722000,1785296339999999,351686.00437970,2214,2.01512000,128675.56813240,0
1785296340000000,63838.00000000,63838.01000000,63792.00000000,63802.91000000,3.41802000,1785296399999999,218110.20407380,1976,1.02526000,65412.82230310,0
1785296400000000,63802.92000000,63812.60000000,63800.00000000,63800.01000000,5.58693000,1785296459999999,356471.14225400,1242,0.83038000,52982.92749590,0
1785296460000000,63800.01000000,63800.01000000,63778.00000000,63780.00000000,6.54951000,1785296519999999,417760.95577450,1610,4.10720000,261952.97773010,0
1785296520000000,63780.01000000,63780.01000000,63763.22000000,63763.22000000,5.59569000,1785296579999999,356840.28221510,1760,3.60950000,230178.96826560,0
1785296580000000,63763.22000000,63764.22000000,63750.24000000,63764.21000000,2.17290000,1785296639999999,138538.11316770,1293,1.56591000,99838.21292100,0
1785296640000000,63764.21000000,63775.53000000,63756.72000000,63775.53000000,5.44434000,1785296699999999,347125.18879960,1586,4.88750000,311619.68050660,0
1785296700000000,63775.53000000,63792.00000000,63775.52000000,63788.01000000,3.08076000,1785296759999999,196515.69993310,1470,0.73998000,47200.98827030,0
1785296760000000,63788.01000000,63800.00000000,63754.40000000,63754.40000000,2.64828000,1785296819999999,168902.45597450,2416,0.73391000,46810.77205300,0
1785296820000000,63754.40000000,63769.59000000,63738.00000000,63769.59000000,6.14700000,1785296879999999,391890.61147260,2028,2.39628000,152767.85669090,0
1785296880000000,63769.59000000,63769.59000000,63742.00000000,63742.01000000,1.93646000,1785296939999999,123464.72137750,1194,0.19120000,12189.79024850,0
1785296940000000,63742.00000000,63742.35000000,63733.99000000,63734.00000000,4.53500000,1785296999999999,289050.05241140,1043,1.66197000,105935.45018680,0
1785297000000000,63733.99000000,63758.00000000,63722.00000000,63758.00000000,2.90675000,1785297059999999,185269.21044080,1642,2.04901000,130600.08452370,0
1785297060000000,63757.99000000,63758.00000000,63728.00000000,63733.41000000,8.98725000,1785297119999999,572881.35049960,3350,2.43332000,155096.47438390,0
1785297120000000,63733.41000000,63733.41000000,63722.00000000,63730.00000000,4.04660000,1785297179999999,257873.77294550,917,2.17952000,138889.37437440,0
1785297180000000,63729.99000000,63734.00000000,63726.63000000,63729.39000000,1.73355000,1785297239999999,110481.92119810,865,0.79568000,50708.89337110,0
1785297240000000,63729.40000000,63744.02000000,63718.00000000,63744.01000000,42.05422000,1785297299999999,2680440.75518930,1744,36.10049000,2300942.72918310,0
1785297300000000,63744.00000000,63744.01000000,63718.00000000,63730.00000000,6.40092000,1785297359999999,407915.73446450,2147,4.11597000,262298.56383380,0
1785297360000000,63729.99000000,63736.00000000,63729.99000000,63736.00000000,3.79666000,1785297419999999,241963.96001630,505,0.92115000,58706.55805430,0
1785297420000000,63735.99000000,63739.96000000,63724.99000000,63737.02000000,2.75032000,1785297479999999,175288.40647830,1442,1.15232000,73440.67398980,0
1785297480000000,63737.03000000,63737.03000000,63718.00000000,63733.58000000,1.63281000,1785297539999999,104053.71254480,1646,0.96228000,61322.17528500,0
1785297540000000,63733.59000000,63753.04000000,63733.59000000,63753.03000000,24.41537000,1785297599999999,1556334.00795490,1343,20.12047000,1282561.38370090,0
1785297600000000,63753.04000000,63764.00000000,63726.00000000,63726.01000000,10.53905000,1785297659999999,671846.46645990,1895,0.90949000,57981.58432310,0
1785297660000000,63726.00000000,63726.01000000,63703.27000000,63703.27000000,4.25633000,1785297719999999,271207.04337730,2110,0.35945000,22901.01472470,0
1785297720000000,63703.28000000,63723.50000000,63681.61000000,63714.01000000,6.79481000,1785297779999999,432826.76308020,3643,3.64139000,231955.05583450,0
1785297780000000,63714.00000000,63732.00000000,63670.59000000,63670.60000000,8.12477000,1785297839999999,517525.96685260,2928,2.13374000,135926.29198760,0
1785297840000000,63670.60000000,63671.33000000,63650.00000000,63652.88000000,5.67228000,1785297899999999,361110.53468160,1374,0.93260000,59366.75999410,0
1785297900000000,63652.89000000,63662.44000000,63650.00000000,63656.00000000,4.55316000,1785297959999999,289836.68429070,2351,3.55823000,226504.32047750,0
1785297960000000,63656.00000000,63656.00000000,63604.61000000,63610.39000000,8.43946000,1785298019999999,536956.87745730,3177,1.15524000,73488.61179900,0
1785298020000000,63610.38000000,63669.99000000,63598.00000000,63669.99000000,13.41623000,1785298079999999,853762.32605180,3845,9.63076000,612864.13596220,0
1785298080000000,63670.00000000,63704.00000000,63669.99000000,63704.00000000,7.51637000,1785298139999999,478660.58774770,2121,3.39348000,216125.39129630,0
1785298140000000,63703.99000000,63771.90000000,63703.99000000,63768.48000000,16.57936000,1785298199999999,1056926.15097460,3473,11.95394000,762052.35612380,0
1785298200000000,63768.47000000,63768.48000000,63724.00000000,63724.00000000,6.22667000,1785298259999999,396859.50159960,2916,3.05104000,194444.25035230,0
1785298260000000,63724.00000000,63724.00000000,63704.00000000,63712.55000000,2.62045000,1785298319999999,166948.55699920,1217,1.63007000,103848.25901680,0
1785298320000000,63712.55000000,63760.38000000,63709.36000000,63760.38000000,2.80851000,1785298379999999,179000.31086000,2338,1.89243000,120619.15519180,0
1785298380000000,63760.38000000,63768.00000000,63754.49000000,63754.50000000,11.58690000,1785298439999999,738851.53482280,1435,3.00601000,191671.80573860,0
1785298440000000,63754.50000000,63754.50000000,63732.38000000,63742.00000000,5.36606000,1785298499999999,342018.49526180,1238,3.71265000,236626.67308780,0
1785298500000000,63741.99000000,63742.00000000,63717.24000000,63718.01000000,4.14817000,1785298559999999,264352.90733860,1302,0.54063000,34453.38578290,0
1785298560000000,63718.00000000,63718.01000000,63690.00000000,63695.44000000,1.87291000,1785298619999999,119301.99986670,1548,0.62560000,39848.25785270,0
1785298620000000,63695.43000000,63718.00000000,63690.00000000,63698.00000000,2.73963000,1785298679999999,174526.93520140,1903,1.38981000,88533.54911230,0
1785298680000000,63698.01000000,63698.01000000,63664.89000000,63666.41000000,8.83879000,1785298739999999,562792.45814450,1599,0.57929000,36889.95202040,0
1785298740000000,63666.41000000,63689.10000000,63634.62000000,63689.09000000,6.92827000,1785298799999999,441024.32114830,3430,4.63476000,295028.84942260,0
1785298800000000,63689.10000000,63699.36000000,63654.19000000,63659.30000000,6.99575000,1785298859999999,445465.78721080,2337,1.05129000,66933.20179090,0
1785298860000000,63659.29000000,63675.07000000,63633.65000000,63633.65000000,10.84177000,1785298919999999,689983.59549450,1937,1.18727000,75580.36612980,0
1785298920000000,63633.66000000,63690.57000000,63633.65000000,63689.01000000,6.04752000,1785298979999999,384992.40554200,2735,4.91318000,312768.45310590,0
1785298980000000,63689.00000000,63699.11000000,63680.44000000,63699.11000000,3.53267000,1785299039999999,225001.44035630,1686,1.69592000,108012.46143770,0
1785299040000000,63699.11000000,63787.06000000,63699.11000000,63785.04000000,7.81625000,1785299099999999,498202.99615980,3103,7.34039000,467869.38991800,0
1785299100000000,63785.03000000,63788.00000000,63754.01000000,63767.11000000,7.82346000,1785299159999999,498958.61826960,3088,1.89579000,120902.61723990,0
1785299160000000,63767.12000000,63786.74000000,63760.00000000,63786.73000000,2.05557000,1785299219999999,131087.82114570,1429,1.78215000,113652.14000140,0
1785299220000000,63786.73000000,63819.47000000,63786.73000000,63819.47000000,8.78853000,1785299279999999,560733.64246340,3019,5.77691000,368588.60300170,0
1785299280000000,63819.47000000,63834.51000000,63806.14000000,63806.15000000,7.31294000,1785299339999999,466754.71356580,1770,4.30462000,274751.53137120,0
1785299340000000,63806.14000000,63812.00000000,63788.81000000,63808.00000000,61.02761000,1785299399999999,3894107.86038180,2546,56.56928000,3609648.04138530,0
1785299400000000,63807.99000000,63826.00000000,63792.00000000,63820.00000000,5.34486000,1785299459999999,341024.46301640,2019,3.78002000,241165.36677030,0
1785299460000000,63820.00000000,63821.91000000,63794.00000000,63821.91000000,8.30849000,1785299519999999,530183.09021680,2277,4.51256000,287961.71927460,0
1785299520000000,63821.91000000,63822.00000000,63794.00000000,63794.00000000,3.45903000,1785299579999999,220744.06895830,959,2.33453000,148989.56225580,0
1785299580000000,63794.00000000,63817.76000000,63786.00000000,63794.00000000,3.84263000,1785299639999999,245146.24190130,1578,2.54070000,162087.05999540,0
1785299640000000,63794.00000000,63805.02000000,63779.44000000,63805.01000000,8.28067000,1785299699999999,528257.76368450,1653,4.90887000,313154.93003890,0
1785299700000000,63805.01000000,63844.42000000,63805.01000000,63838.01000000,5.17569000,1785299759999999,330342.52877620,1854,3.84135000,245170.96625260,0
1785299760000000,63838.01000000,63884.24000000,63834.09000000,63873.55000000,8.82486000,1785299819999999,563565.99039630,3209,7.32985000,468091.35612510,0
1785299820000000,63873.54000000,63906.25000000,63873.54000000,63900.00000000,6.96667000,1785299879999999,445108.88432310,3017,5.16756000,330159.97229620,0
1785299880000000,63900.01000000,63956.15000000,63900.00000000,63936.01000000,5.54303000,1785299939999999,354379.60954550,3078,4.34284000,277630.83774880,0
1785299940000000,63936.01000000,63936.01000000,63902.00000000,63916.00000000,6.88252000,1785299999999999,439873.81955230,2458,1.72729000,110390.02108030,0
1785300000000000,63916.01000000,63917.69000000,63900.00000000,63907.68000000,4.18943000,1785300059999999,267741.77943550,2490,2.25759000,144277.83919000,0
1785300060000000,63907.68000000,63911.15000000,63894.00000000,63894.00000000,3.12243000,1785300119999999,199538.02506800,1881,1.12907000,72152.57125380,0
1785300120000000,63894.01000000,63894.01000000,63884.00000000,63888.10000000,2.85499000,1785300179999999,182398.11761780,1174,1.70301000,108798.51882710,0
1785300180000000,63888.11000000,63888.98000000,63880.00000000,63886.00000000,4.16487000,1785300239999999,266080.52928620,1156,1.27939000,81733.87616050,0
1785300240000000,63886.01000000,63886.01000000,63866.74000000,63866.74000000,2.06226000,1785300299999999,131730.19657670,1166,0.48284000,30842.25769680,0
1785300300000000,63866.74000000,63866.75000000,63846.10000000,63860.00000000,15.30702000,1785300359999999,977477.20090550,1825,11.44758000,731016.92441780,0
1785300360000000,63860.00000000,63885.99000000,63859.99000000,63873.55000000,22.91363000,1785300419999999,1463363.60537640,2032,19.52934000,1247204.86196080,0
1785300420000000,63873.54000000,63909.86000000,63873.54000000,63900.00000000,9.76552000,1785300479999999,623957.98273870,2956,4.58216000,292763.58613800,0
1785300480000000,63900.01000000,63900.01000000,63892.26000000,63898.00000000,3.61417000,1785300539999999,230933.33237890,903,1.45727000,93113.85984250,0
1785300540000000,63898.00000000,63900.00000000,63857.58000000,63857.99000000,124.42802000,1785300599999999,7947876.68289470,3250,36.89078000,2355862.75349310,0
1785300600000000,63858.00000000,63892.78000000,63857.99000000,63864.00000000,25.24818000,1785300659999999,1612912.92108860,3045,16.94193000,1082303.08542840,0
1785300660000000,63864.00000000,63926.83000000,63857.58000000,63916.01000000,29.58704000,1785300719999999,1890373.72508270,3496,17.45313000,1114835.06728570,0
1785300720000000,63916.00000000,63918.00000000,63904.01000000,63904.01000000,6.04962000,1785300779999999,386659.59531340,1149,3.11491000,199094.65958870,0
1785300780000000,63904.00000000,63923.21000000,63904.00000000,63912.01000000,4.46980000,1785300839999999,285689.82803970,1594,3.29079000,210327.49696960,0
1785300840000000,63912.01000000,63924.66000000,63905.50000000,63924.66000000,7.74387000,1785300899999999,494952.17084440,1730,4.25827000,272170.85436530,0
1785300900000000,63924.66000000,63937.59000000,63899.20000000,63924.01000000,14.43274000,1785300959999999,922469.58605060,3687,7.07345000,452099.79019010,0
1785300960000000,63924.01000000,63936.00000000,63918.00000000,63926.43000000,5.17378000,1785301019999999,330754.35472420,1878,2.77489000,177398.92166910,0
1785301020000000,63926.43000000,63926.43000000,63910.36000000,63915.67000000,7.89733000,1785301079999999,504766.44860310,1515,4.62194000,295401.51290770,0
1785301080000000,63915.68000000,63946.40000000,63915.67000000,63946.39000000,6.26062000,1785301139999999,400304.91237390,1803,3.10284000,198385.45594740,0
1785301140000000,63946.39000000,63970.92000000,63937.71000000,63968.34000000,12.30194000,1785301199999999,786720.52751530,2333,5.55101000,355008.53861180,0
1785301200000000,63968.34000000,63976.01000000,63963.66000000,63976.01000000,7.51897000,1785301259999999,480987.84229120,1862,5.81711000,372118.68562430,0
1785301260000000,63976.01000000,63979.91000000,63964.00000000,63979.90000000,9.72179000,1785301319999999,621931.09071890,2530,6.01402000,384744.73863190,0
1785301320000000,63979.90000000,63979.91000000,63974.18000000,63976.74000000,4.22332000,1785301379999999,270196.54841510,821,1.72336000,110252.48571010,0
1785301380000000,63976.74000000,64000.00000000,63976.74000000,63980.93000000,15.46890000,1785301439999999,989930.78759800,2784,7.45602000,477127.47677440,0
1785301440000000,63980.92000000,63990.40000000,63958.00000000,63960.47000000,94.14005000,1785301499999999,6022423.22276920,2660,29.36148000,1878215.67587970,0
1785301500000000,63960.47000000,63960.48000000,63932.29000000,63943.99000000,12.59220000,1785301559999999,805197.94919920,2099,9.56047000,611332.79883210,0
1785301560000000,63943.99000000,63983.04000000,63943.99000000,63983.03000000,3.94588000,1785301619999999,252407.67982220,1589,2.80045000,179130.60237290,0
1785301620000000,63983.04000000,63984.00000000,63970.00000000,63983.99000000,10.84343000,1785301679999999,693731.69556160,1744,7.70825000,493155.45930990,0
1785301680000000,63984.00000000,63995.42000000,63983.99000000,63990.00000000,4.17693000,1785301739999999,267286.41494620,1172,2.20392000,141025.85179530,0
1785301740000000,63990.00000000,63990.01000000,63974.29000000,63978.61000000,6.27627000,1785301799999999,401564.56607770,1858,2.00717000,128418.53395220,0
1785301800000000,63978.61000000,64012.97000000,63976.32000000,64012.96000000,6.80955000,1785301859999999,435775.48581870,1928,6.34402000,405989.53244510,0
1785301860000000,64012.96000000,64020.00000000,64008.00000000,64020.00000000,3.43533000,1785301919999999,219907.41594010,1374,1.92865000,123459.58690790,0
1785301920000000,64019.99000000,64020.00000000,64000.00000000,64000.01000000,2.14787000,1785301979999999,137484.18218260,1212,0.37602000,24068.40080490,0
1785301980000000,64000.01000000,64004.09000000,63998.29000000,64004.09000000,3.71204000,1785302039999999,237573.48560490,863,1.48806000,95237.62906010,0
1785302040000000,64004.09000000,64004.84000000,63995.44000000,63996.29000000,5.32550000,1785302099999999,340836.88721570,922,2.85133000,182488.99127640,0
1785302100000000,63996.29000000,63996.29000000,63950.83000000,63950.84000000,4.04345000,1785302159999999,258683.28182880,2471,0.61278000,39202.41598560,0
1785302160000000,63950.83000000,63956.00000000,63946.00000000,63946.01000000,4.59935000,1785302219999999,294130.97914480,949,1.87990000,120219.18798460,0
1785302220000000,63946.00000000,63946.01000000,63926.40000000,63929.26000000,4.59822000,1785302279999999,293965.72239700,1434,3.11308000,199013.32472960,0
1785302280000000,63929.26000000,63929.26000000,63926.18000000,63926.19000000,1.09222000,1785302339999999,69822.39301340,384,0.49324000,31531.13232260,0
1785302340000000,63926.19000000,63926.19000000,63926.18000000,63926.18000000,1.45739000,1785302399999999,93165.38173660,199,0.62664000,40058.70770160,0
1785302400000000,63926.19000000,63930.03000000,63890.07000000,63918.00000000,12.08959000,1785302459999999,772655.69892390,3367,5.43186000,347131.07442500,0
1785302460000000,63918.00000000,63927.40000000,63896.00000000,63924.93000000,4.55722000,1785302519999999,291266.75015170,2604,3.01557000,192734.86605850,0
1785302520000000,63924.93000000,63990.00000000,63924.93000000,63990.00000000,8.87834000,1785302579999999,567887.97431390,3110,4.52834000,289596.72723300,0
1785302580000000,63990.00000000,63997.29000000,63963.10000000,63963.10000000,6.55651000,1785302639999999,419514.95832950,2515,1.40043000,89605.92793160,0
1785302640000000,63963.10000000,63963.11000000,63915.99000000,63933.28000000,179.13874000,1785302699999999,11451924.48063020,3258,80.78843000,5163821.82777700,0
1785302700000000,63933.27000000,63979.96000000,63933.27000000,63952.98000000,11.30335000,1785302759999999,723021.85848040,3465,6.04364000,386529.88530450,0
1785302760000000,63952.98000000,63960.60000000,63952.04000000,63952.05000000,3.46965000,1785302819999999,221906.51257380,1220,2.89351000,185058.75065740,0
1785302820000000,63952.04000000,63971.71000000,63952.04000000,63971.70000000,4.15693000,1785302879999999,265883.82845680,1054,3.84825000,246140.38698620,0
1785302880000000,63971.70000000,63981.88000000,63960.00000000,63960.00000000,7.08881000,1785302939999999,453523.98605740,1823,2.09651000,134121.94217680,0
1785302940000000,63960.01000000,63960.01000000,63950.00000000,63950.01000000,5.58740000,1785302999999999,357346.89524290,785,3.23561000,206938.02686890,0
1785303000000000,63950.00000000,63950.01000000,63919.42000000,63943.99000000,3.94892000,1785303059999999,252466.03258830,2071,2.17757000,139217.01759610,0
1785303060000000,63944.00000000,63957.11000000,63943.99000000,63952.01000000,3.78033000,1785303119999999,241763.78910860,1073,1.71410000,109619.92850600,0
1785303120000000,63952.01000000,63984.69000000,63952.00000000,63970.73000000,5.56243000,1785303179999999,355858.57092570,1771,4.09171000,261762.32954890,0
1785303180000000,63970.72000000,63984.93000000,63970.72000000,63978.62000000,2.59704000,1785303239999999,166158.87832890,1155,1.46702000,93858.91070650,0
1785303240000000,63978.62000000,63990.00000000,63965.01000000,63990.00000000,5.09039000,1785303299999999,325672.67314650,2672,2.88096000,184318.44061630,0
1785303300000000,63990.00000000,64030.00000000,63989.99000000,64029.85000000,5.83747000,1785303359999999,373641.58981180,2148,5.18781000,332057.35675990,0
1785303360000000,64029.86000000,64044.00000000,64013.43000000,64013.43000000,8.28422000,1785303419999999,530455.19671410,2558,2.79654000,179066.46017950,0
1785303420000000,64013.42000000,64013.43000000,63992.00000000,63992.01000000,3.83154000,1785303479999999,245200.37729530,997,0.60968000,39015.13368910,0
1785303480000000,63992.00000000,64029.97000000,63992.00000000,64029.96000000,6.39678000,1785303539999999,409426.06023720,1769,6.03503000,386271.42818060,0
1785303540000000,64029.96000000,64033.17000000,64026.48000000,64027.80000000,5.18141000,1785303599999999,331777.89083470,630,0.62051000,39730.33837910,0
1785303600000000,64027.80000000,64041.35000000,64000.43000000,64041.35000000,10.36522000,1785303659999999,663597.69095130,3554,5.86627000,375569.60071190,0
1785303660000000,64041.35000000,64045.04000000,64011.71000000,64023.11000000,7.14511000,1785303719999999,457522.56430050,2300,1.86925000,119669.72319900,0
1785303720000000,64023.12000000,64043.63000000,64023.12000000,64043.62000000,6.44862000,1785303779999999,412952.83020710,1998,3.72254000,238373.29679850,0
1785303780000000,64043.62000000,64045.04000000,64020.73000000,64020.73000000,4.09601000,1785303839999999,262310.76060020,1485,2.10373000,134727.72669000,0
1785303840000000,64020.74000000,64020.74000000,64018.00000000,64018.00000000,1.47775000,1785303899999999,94606.23469310,517,0.66588000,42630.00911900,0
1785303900000000,64018.01000000,64034.00000000,64006.28000000,64012.82000000,6.32549000,1785303959999999,404960.03796820,2323,3.91617000,250721.41714780,0
1785303960000000,64012.82000000,64033.12000000,64012.81000000,64024.48000000,7.22175000,1785304019999999,462333.85391510,1746,5.95122000,380983.58530800,0
1785304020000000,64024.48000000,64044.01000000,64024.48000000,64036.00000000,4.51045000,1785304079999999,288825.00874820,1757,3.59287000,230063.83712100,0
1785304080000000,64035.86000000,64042.82000000,64022.34000000,64038.83000000,4.89390000,1785304139999999,313365.15054090,2479,1.95476000,125166.91056800,0
1785304140000000,64038.83000000,64042.19000000,64023.45000000,64034.25000000,4.24984000,1785304199999999,272143.00518930,1888,1.34157000,85903.04559980,0
1785304200000000,64034.24000000,64044.00000000,64028.03000000,64044.00000000,3.18863000,1785304259999999,204175.98961480,1201,2.26612000,145105.33212020,0
1785304260000000,64044.00000000,64070.00000000,64043.99000000,64059.69000000,10.26121000,1785304319999999,657348.24507710,2464,5.76858000,369517.19476740,0
1785304320000000,64059.70000000,64072.33000000,64044.07000000,64072.33000000,4.26050000,1785304379999999,272912.24572220,2137,2.64714000,169574.41798810,0
1785304380000000,64072.33000000,64079.01000000,64072.33000000,64079.00000000,4.15286000,1785304439999999,266106.35594180,886,2.72002000,174291.89461390,0
1785304440000000,64079.01000000,64090.91000000,64079.00000000,64090.91000000,7.18657000,1785304499999999,460547.60037650,969,6.90621000,442581.49630720,0
1785304500000000,64090.90000000,64094.20000000,64083.68000000,64083.69000000,4.95265000,1785304559999999,317416.14097350,1166,3.12904000,200540.48546430,0
1785304560000000,64083.68000000,64083.69000000,64061.65000000,64063.13000000,7.39927000,1785304619999999,474130.10491890,1509,2.49888000,160118.95294610,0
1785304620000000,64063.12000000,64072.54000000,64063.12000000,64069.60000000,1.78489000,1785304679999999,114358.81233880,963,0.99904000,64009.24407550,0
1785304680000000,64069.60000000,64069.60000000,64050.05000000,64057.91000000,8.23500000,1785304739999999,527492.07974030,1187,4.86043000,311320.04061530,0
1785304740000000,64057.91000000,64069.60000000,64057.90000000,64067.32000000,4.55018000,1785304799999999,291488.09892660,810,2.02928000,129999.07380410,0
1785304800000000,64067.32000000,64067.32000000,64026.64000000,64036.41000000,6.74616000,1785304859999999,432074.29377560,2787,1.68038000,107604.41010940,0
1785304860000000,64036.40000000,64078.00000000,64036.40000000,64076.88000000,7.02679000,1785304919999999,450120.48149100,1620,6.26259000,401160.57739970,0
1785304920000000,64076.88000000,64099.17000000,64076.87000000,64084.79000000,8.84776000,1785304979999999,567081.95749380,1960,3.90718000,250402.20358050,0
1785304980000000,64084.79000000,64098.00000000,64083.68000000,64083.68000000,4.87485000,1785305039999999,312438.18825530,1714,2.97460000,190645.74065320,0
1785305040000000,64083.68000000,64083.69000000,64062.19000000,64070.00000000,35.09805000,1785305099999999,2248542.44080170,1446,30.79685000,1972977.76536040,0
1785305100000000,64070.01000000,64083.99000000,64065.68000000,64078.00000000,4.51979000,1785305159999999,289622.61211690,1523,1.68872000,108205.07115710,0
1785305160000000,64078.01000000,64082.00000000,64075.99000000,64082.00000000,5.31132000,1785305219999999,340346.96624690,744,2.41755000,154915.37601870,0
1785305220000000,64082.00000000,64093.71000000,64081.99000000,64088.00000000,7.09581000,1785305279999999,454787.48678910,1300,2.87795000,184452.20958390,0
1785305280000000,64088.01000000,64088.01000000,64079.96000000,64081.70000000,5.86099000,1785305339999999,375577.90987330,1034,1.11623000,71529.45229180,0
1785305340000000,64081.69000000,64081.70000000,64043.65000000,64052.24000000,122.37246000,1785305399999999,7840495.97274680,2613,9.52614000,610217.95730480,0
1785305400000000,64052.24000000,64054.69000000,64044.19000000,64054.69000000,5.34288000,1785305459999999,342211.44071900,779,2.33882000,149797.43462710,0
1785305460000000,64054.68000000,64083.70000000,64054.68000000,64078.00000000,10.47461000,1785305519999999,671157.16900300,2369,6.93553000,444383.22659830,0
1785305520000000,64078.00000000,64088.50000000,64078.00000000,64083.69000000,3.35512000,1785305579999999,215010.52378300,879,1.29733000,83137.00656740,0
1785305580000000,64083.68000000,64100.00000000,64083.68000000,64099.99000000,5.31186000,1785305639999999,340436.31274450,1095,3.48045000,223064.86069460,0
1785305640000000,64100.00000000,64148.69000000,64099.99000000,64123.70000000,18.44280000,1785305699999999,1182642.08452990,3031,7.88308000,505498.08103710,0
1785305700000000,64123.70000000,64123.70000000,64100.00000000,64100.01000000,4.15704000,1785305759999999,266536.14617550,1078,0.59047000,37858.51781440,0
1785305760000000,64100.00000000,64110.00000000,64096.01000000,64109.99000000,5.41496000,1785305819999999,347128.67839270,1521,3.24918000,208287.30655770,0
1785305820000000,64110.00000000,64129.25000000,64109.99000000,64129.24000000,3.48997000,1785305879999999,223767.39248650,1067,2.30046000,147504.59682190,0
1785305880000000,64129.25000000,64136.04000000,64112.19000000,64136.03000000,3.72482000,1785305939999999,238870.28783040,1579,3.00326000,192600.35978760,0
1785305940000000,64136.03000000,64137.10000000,64124.07000000,64128.11000000,4.35327000,1785305999999999,279169.36876930,1537,2.78783000,178772.65894290,0
1785306000000000,64128.10000000,64137.76000000,64124.08000000,64137.76000000,5.36198000,1785306059999999,343863.50030450,852,4.39454000,281820.40720850,0
1785306060000000,64137.75000000,64165.13000000,64137.75000000,64140.00000000,6.02437000,1785306119999999,386465.13423350,2471,4.85826000,311657.77048750,0
1785306120000000,64140.00000000,64151.97000000,64132.90000000,64151.96000000,4.31348000,1785306179999999,276667.88453990,1315,2.17034000,139207.23193920,0
1785306180000000,64151.96000000,64173.00000000,64151.96000000,64171.99000000,7.75514000,1785306239999999,497634.11811430,1441,3.95983000,254082.78178190,0
1785306240000000,64172.00000000,64197.48000000,64171.99000000,64194.91000000,9.70744000,1785306299999999,623058.82072980,1566,8.72018000,559683.69590210,0
1785306300000000,64194.91000000,64264.76000000,64194.88000000,64264.37000000,27.36548000,1785306359999999,1757299.98964180,3705,22.97883000,1475579.24366910,0
1785306360000000,64264.36000000,64296.00000000,64254.00000000,64254.00000000,24.24670000,1785306419999999,1558400.94596400,4532,15.42622000,991529.95690360,0
1785306420000000,64254.00000000,64347.00000000,64254.00000000,64341.55000000,21.39012000,1785306479999999,1375490.95558810,4061,17.73913000,1140710.04068330,0
1785306480000000,64341.56000000,64393.29000000,64309.02000000,64384.01000000,41.18318000,1785306539999999,2650095.03207760,6659,28.36997000,1825586.04998040,0
1785306540000000,64384.00000000,64409.97000000,64380.00000000,64403.00000000,21.66977000,1785306599999999,1395416.91758530,4082,12.14237000,781909.99331720,0
1785306600000000,64403.00000000,64436.00000000,64386.01000000,64402.52000000,69.08223000,1785306659999999,4449094.47443880,6564,45.98266000,2961342.50946980,0
1785306660000000,64402.52000000,64439.82000000,64389.88000000,64389.88000000,157.40310000,1785306719999999,10141421.30045790,8686,126.10485000,8124886.65400610,0
1785306720000000,64389.89000000,64471.00000000,64388.74000000,64446.00000000,75.46554000,1785306779999999,4862288.61796590,6081,50.92557000,3281053.72027660,0
1785306780000000,64446.00000000,64463.37000000,64410.00000000,64420.01000000,15.18932000,1785306839999999,978712.19273390,3273,11.45393000,738006.62077100,0
1785306840000000,64420.01000000,64426.00000000,64404.00000000,64425.72000000,4.82177000,1785306899999999,310606.86789360,2096,3.59619000,231656.07288550,0
1785306900000000,64425.72000000,64455.63000000,64422.15000000,64453.18000000,18.78852000,1785306959999999,1210728.72532980,2123,13.33082000,858960.19321000,0
1785306960000000,64453.19000000,64453.19000000,64434.00000000,64441.50000000,8.04604000,1785307019999999,518498.90441960,1905,2.26018000,145645.70911280,0
1785307020000000,64441.50000000,64448.11000000,64436.00000000,64448.11000000,4.87373000,1785307079999999,314058.37388600,1155,3.82780000,246657.92234170,0
1785307080000000,64448.10000000,64450.00000000,64410.00000000,64412.70000000,10.09882000,1785307139999999,650690.36520520,2032,1.38225000,89054.49445920,0
1785307140000000,64412.70000000,64428.00000000,64412.69000000,64428.00000000,3.40609000,1785307199999999,219418.62634850,606,2.51547000,162046.27365230,0
1785307200000000,64428.00000000,64437.42000000,64427.99000000,64437.42000000,1.58176000,1785307259999999,101914.64127800,514,1.16795000,75252.44315880,0
1785307260000000,64437.42000000,64457.95000000,64437.41000000,64440.01000000,29.35325000,1785307319999999,1891846.23281460,1310,23.67362000,1525785.72267930,0
1785307320000000,64440.00000000,64440.01000000,64431.09000000,64432.24000000,3.56783000,1785307379999999,229896.55826830,924,0.75051000,48357.09108540,0
1785307380000000,64432.24000000,64432.25000000,64432.24000000,64432.24000000,1.02061000,1785307439999999,65760.18953880,278,0.10724000,6909.71449000,0
1785307440000000,64432.25000000,64463.00000000,64432.24000000,64462.99000000,3.48767000,1785307499999999,224764.78229170,1512,2.98848000,192590.71017110,0
1785307500000000,64463.00000000,64463.00000000,64415.55000000,64415.55000000,7.05037000,1785307559999999,454353.00015460,2119,0.51141000,32962.57736670,0
1785307560000000,64415.56000000,64425.27000000,64411.46000000,64411.46000000,6.06774000,1785307619999999,390882.68416030,1375,0.96899000,62421.33276930,0
1785307620000000,64411.47000000,64441.13000000,64411.46000000,64441.12000000,7.91365000,1785307679999999,509858.67473340,1350,5.34308000,344234.90055290,0
1785307680000000,64441.13000000,64451.89000000,64411.56000000,64411.56000000,23.56153000,1785307739999999,1518406.47848260,2555,20.51097000,1321844.06476360,0
1785307740000000,64411.55000000,64413.04000000,64400.00000000,64410.00000000,4.10815000,1785307799999999,264593.13620160,1973,1.88262000,121246.68871050,0
1785307800000000,64409.99000000,64440.00000000,64409.99000000,64436.00000000,5.69346000,1785307859999999,366847.84104120,1599,1.88269000,121294.33482410,0
1785307860000000,64436.00000000,64438.34000000,64416.04000000,64422.01000000,6.66676000,1785307919999999,429536.20074010,2111,1.34517000,86664.23460880,0
1785307920000000,64422.01000000,64435.96000000,64420.44000000,64435.95000000,7.00378000,1785307979999999,451264.66258070,1124,0.83634000,53884.39600650,0
1785307980000000,64435.95000000,64453.47000000,64428.22000000,64428.22000000,12.27212000,1785308039999999,790843.76084460,1316,8.15565000,525569.64544190,0
1785308040000000,64428.22000000,64432.00000000,64410.76000000,64421.10000000,10.69097000,1785308099999999,688744.82619970,1506,2.22946000,143622.31081530,0
1785308100000000,64421.09000000,64421.09000000,64414.80000000,64419.99000000,3.20706000,1785308159999999,206594.72124600,1240,1.12928000,72745.99264370,0
1785308160000000,64420.00000000,64424.00000000,64416.00000000,64423.99000000,4.29786000,1785308219999999,276865.25569090,1152,3.59456000,231556.80851560,0
1785308220000000,64423.99000000,64424.00000000,64413.55000000,64423.99000000,4.11014000,1785308279999999,264781.93002990,2146,1.50111000,96701.46399550,0
1785308280000000,64424.00000000,64435.63000000,64423.99000000,64435.62000000,8.33426000,1785308339999999,536948.30123790,3313,5.66961000,365273.62885880,0
1785308340000000,64435.62000000,64435.63000000,64435.62000000,64435.62000000,1.61773000,1785308399999999,104239.43954990,229,0.40073000,25821.29000990,0
1785308400000000,64435.63000000,64444.00000000,64435.62000000,64435.63000000,2.73026000,1785308459999999,175936.70248370,1110,0.89771000,57847.95370160,0
1785308460000000,64435.62000000,64435.63000000,64408.02000000,64412.85000000,5.47098000,1785308519999999,352429.07997270,1507,1.87316000,120647.71437730,0
1785308520000000,64412.85000000,64418.00000000,64410.93000000,64417.99000000,1.86788000,1785308579999999,120318.41659630,495,0.62070000,39981.05244560,0
1785308580000000,64417.99000000,64418.00000000,64402.67000000,64410.26000000,4.41430000,1785308639999999,284320.44759830,1249,1.97446000,127165.31142110,0
1785308640000000,64410.25000000,64425.85000000,64410.25000000,64425.85000000,3.97213000,1785308699999999,255869.92646380,792,2.29747000,147997.71140420,0
1785308700000000,64425.85000000,64425.85000000,64425.84000000,64425.84000000,0.78336000,1785308759999999,50468.62903050,225,0.30081000,19379.93993850,0
1785308760000000,64425.84000000,64438.51000000,64425.84000000,64438.51000000,5.83805000,1785308819999999,376173.99013880,943,2.98888000,192579.78888210,0
1785308820000000,64438.50000000,64483.43000000,64438.50000000,64456.13000000,35.51549000,1785308879999999,2289092.41399790,3883,28.12591000,1812740.75310380,0
1785308880000000,64456.13000000,64468.01000000,64456.00000000,64459.71000000,10.37079000,1785308939999999,668531.76739200,1662,8.50055000,547976.39619180,0
1785308940000000,64459.72000000,64459.72000000,64459.71000000,64459.71000000,1.17735000,1785308999999999,75891.64838370,245,0.88152000,56822.53237440,0
1785309000000000,64459.71000000,64465.47000000,64459.71000000,64465.47000000,5.99670000,1785309059999999,386571.78965330,722,4.86688000,313738.17360230,0
1785309060000000,64465.47000000,64470.00000000,64456.00000000,64456.01000000,5.14225000,1785309119999999,331494.49605530,1154,1.70358000,109825.18681660,0
1785309120000000,64456.01000000,64483.94000000,64456.00000000,64483.93000000,7.28731000,1785309179999999,469834.58031800,1729,5.71729000,368601.53690710,0
1785309180000000,64483.93000000,64494.92000000,64462.94000000,64462.95000000,11.84874000,1785309239999999,764091.05182200,2638,5.41872000,349432.62794740,0
1785309240000000,64462.94000000,64468.69000000,64462.94000000,64466.00000000,2.89658000,1785309299999999,186726.88478650,1083,1.65906000,106951.30510140,0
1785309300000000,64466.01000000,64466.01000000,64460.00000000,64462.57000000,3.78691000,1785309359999999,244114.06910530,688,0.83050000,53534.78661810,0
1785309360000000,64462.57000000,64468.68000000,64450.22000000,64458.43000000,4.57306000,1785309419999999,294787.09817590,1456,1.66839000,107539.92079310,0
1785309420000000,64458.43000000,64458.43000000,64447.76000000,64454.66000000,4.81448000,1785309479999999,310315.50543730,960,4.05888000,261614.69949230,0
1785309480000000,64454.67000000,64459.99000000,64433.22000000,64433.23000000,7.47729000,1785309539999999,481863.90019730,1661,1.86439000,120162.88726010,0
1785309540000000,64433.23000000,64488.79000000,64433.23000000,64488.78000000,10.82281000,1785309599999999,697647.86505630,2353,9.24667000,596053.56984460,0
1785309600000000,64488.78000000,64503.00000000,64488.78000000,64503.00000000,18.10001000,1785309659999999,1167448.91171090,1665,17.52285000,1130221.13261190,0
1785309660000000,64502.99000000,64508.00000000,64452.56000000,64452.57000000,11.78807000,1785309719999999,760218.39864560,2102,1.98947000,128326.79889130,0
1785309720000000,64452.56000000,64452.57000000,64432.17000000,64434.01000000,18.28775000,1785309779999999,1178440.41042910,1737,2.51775000,162244.27386990,0
1785309780000000,64434.01000000,64471.61000000,64434.00000000,64471.61000000,5.57815000,1785309839999999,359523.18964070,1476,4.97848000,320872.07861790,0
1785309840000000,64471.60000000,64471.61000000,64441.12000000,64441.13000000,3.65827000,1785309899999999,235824.74453190,1118,0.81312000,52415.42849540,0
1785309900000000,64441.12000000,64451.90000000,64441.12000000,64447.16000000,4.09912000,1785309959999999,264170.10831920,1146,2.32704000,149963.94261930,0
1785309960000000,64447.16000000,64462.56000000,64447.16000000,64462.56000000,8.11770000,1785310019999999,523194.03913320,1435,7.14925000,460773.99315830,0
1785310020000000,64462.56000000,64488.00000000,64462.55000000,64476.54000000,6.03466000,1785310079999999,389130.63965440,1360,2.50179000,161306.50817370,0
1785310080000000,64476.55000000,64508.00000000,64476.54000000,64508.00000000,11.36164000,1785310139999999,732641.22316330,1223,3.75027000,241860.41970110,0
1785310140000000,64508.00000000,64508.00000000,64507.98000000,64507.98000000,3.44759000,1785310199999999,222397.10133530,337,1.27997000,82568.29368700,0
1785310200000000,64507.98000000,64518.00000000,64489.91000000,64489.91000000,20.56421000,1785310259999999,1326528.96446480,1936,2.35192000,151731.80964010,0
1785310260000000,64489.91000000,64489.91000000,64470.02000000,64479.69000000,6.04543000,1785310319999999,389789.85431020,2309,2.17734000,140384.98778030,0
1785310320000000,64479.68000000,64483.07000000,64478.47000000,64483.06000000,3.21099000,1785310379999999,207048.30802320,485,1.35577000,87421.03141140,0
1785310380000000,64483.07000000,64483.07000000,64454.00000000,64454.00000000,4.67011000,1785310439999999,301084.98844430,1307,0.46282000,29833.89674610,0
1785310440000000,64454.00000000,64454.01000000,64443.27000000,64443.27000000,2.64094000,1785310499999999,170203.11817320,743,0.09194000,5925.76719280,0
1785310500000000,64443.27000000,64452.09000000,64441.31000000,64441.31000000,9.47208000,1785310559999999,610475.84390140,1119,6.75903000,435622.41575670,0
1785310560000000,64441.31000000,64442.07000000,64441.31000000,64442.07000000,4.48652000,1785310619999999,289118.81515280,331,1.96883000,126874.34868890,0
1785310620000000,64442.07000000,64458.01000000,64442.06000000,64450.58000000,9.11172000,1785310679999999,587273.66225060,1263,4.05623000,261424.73970330,0
1785310680000000,64450.58000000,64450.59000000,64450.58000000,64450.58000000,3.66887000,1785310739999999,236460.82101890,290,2.15743000,139047.63638370,0
1785310740000000,64450.58000000,64458.53000000,64450.58000000,64458.52000000,5.39658000,1785310799999999,347818.99573990,853,3.84725000,247962.58045030,0
1785310800000000,64458.52000000,64478.12000000,64458.52000000,64471.31000000,21.65511000,1785310859999999,1396136.68201440,1194,18.87205000,1216707.79258560,0
1785310860000000,64471.31000000,64471.32000000,64471.31000000,64471.32000000,4.00857000,1785310919999999,258437.77948260,307,2.03559000,131237.17427880,0
1785310920000000,64471.31000000,64478.12000000,64470.00000000,64476.53000000,7.48727000,1785310979999999,482731.97821000,1104,3.32208000,214188.73017180,0
1785310980000000,64476.53000000,64490.76000000,64476.52000000,64490.75000000,5.95424000,1785311039999999,383963.00007360,1156,4.35127000,280590.21762720,0
1785311040000000,64490.76000000,64498.00000000,64486.85000000,64498.00000000,8.61180000,1785311099999999,555382.66720470,1127,5.22253000,336804.44554570,0
1785311100000000,64497.99000000,64498.00000000,64474.83000000,64474.83000000,12.25016000,1785311159999999,789985.12688420,1463,1.78934000,115385.53657720,0
1785311160000000,64474.83000000,64496.00000000,64474.83000000,64495.99000000,16.94951000,1785311219999999,1092933.55035490,1835,8.88964000,573232.42948780,0
1785311220000000,64495.99000000,64505.17000000,64495.99000000,64498.80000000,7.96599000,1785311279999999,513803.07719980,1853,4.26640000,275177.34979720,0
1785311280000000,64498.80000000,64498.81000000,64498.79000000,64498.79000000,5.09467000,1785311339999999,328600.08806710,520,3.36955000,217331.93354810,0
1785311340000000,64498.80000000,64516.00000000,64498.79000000,64515.99000000,10.31610000,1785311399999999,665485.02834510,1616,8.36172000,539402.66751780,0
1785311400000000,64515.99000000,64517.41000000,64513.10000000,64513.10000000,4.38847000,1785311459999999,283126.11774540,658,2.13150000,137516.58922900,0
1785311460000000,64513.10000000,64513.11000000,64494.45000000,64494.46000000,7.09029000,1785311519999999,457347.89667510,910,0.70408000,45412.71131670,0
1785311520000000,64494.45000000,64494.46000000,64482.00000000,64487.16000000,15.49986000,1785311579999999,999539.55162760,883,3.22078000,207692.17923130,0
1785311580000000,64487.16000000,64489.75000000,64482.00000000,64482.00000000,3.82675000,1785311639999999,246775.61896420,642,0.65929000,42515.20568250,0
1785311640000000,64482.00000000,64482.01000000,64460.02000000,64460.02000000,4.78928000,1785311699999999,308776.71928260,1446,1.04450000,67337.88542530,0
1785311700000000,64460.01000000,64485.00000000,64460.01000000,64485.00000000,8.71896000,1785311759999999,562105.64749480,1335,5.12535000,330414.51416350,0
1785311760000000,64484.99000000,64493.88000000,64484.99000000,64493.42000000,28.51660000,1785311819999999,1838959.85156700,964,19.47437000,1255867.32393380,0
1785311820000000,64493.42000000,64507.27000000,64485.58000000,64506.00000000,7.21015000,1785311879999999,465034.11848020,2242,4.66751000,301044.67261620,0
1785311880000000,64505.99000000,64550.00000000,64505.99000000,64549.99000000,19.27268000,1785311939999999,1243763.10429880,2942,11.09218000,715798.13327490,0
1785311940000000,64549.99000000,64575.99000000,64549.99000000,64561.00000000,16.17742000,1785311999999999,1044472.18448610,1921,8.52260000,550229.63055850,0
1785312000000000,64561.01000000,64588.00000000,64551.50000000,64551.50000000,19.25660000,1785312059999999,1243564.60943720,2715,7.91817000,511337.20014950,0
1785312060000000,64551.51000000,64557.74000000,64518.34000000,64518.35000000,12.85097000,1785312119999999,829388.09674510,2381,3.43930000,221948.46838490,0
1785312120000000,64518.35000000,64554.61000000,64518.34000000,64524.00000000,12.21185000,1785312179999999,788154.50942080,1869,2.87726000,185676.50101670,0
1785312180000000,64524.01000000,64528.10000000,64521.20000000,64521.21000000,4.49892000,1785312239999999,290301.05777500,602,0.46912000,30270.08406130,0
1785312240000000,64521.20000000,64535.61000000,64521.20000000,64522.38000000,12.00329000,1785312299999999,774500.55786010,1097,10.97828000,708359.57225050,0
1785312300000000,64522.37000000,64522.38000000,64498.00000000,64499.13000000,9.83612000,1785312359999999,634501.68899730,1495,5.83649000,376493.94054670,0
1785312360000000,64499.14000000,64507.59000000,64484.99000000,64484.99000000,4.14045000,1785312419999999,267047.11668150,1242,0.82883000,53458.80208380,0
1785312420000000,64484.99000000,64485.00000000,64473.34000000,64476.01000000,2.51936000,1785312479999999,162448.26345290,667,1.15596000,74531.94406000,0
1785312480000000,64476.01000000,64482.00000000,64470.00000000,64470.01000000,3.95387000,1785312539999999,254936.57308970,799,2.28447000,147297.50147090,0
1785312540000000,64470.00000000,64470.01000000,64432.00000000,64433.45000000,5.45028000,1785312599999999,351274.37258960,1228,0.99277000,63992.25185990,0
1785312600000000,64433.44000000,64433.45000000,64412.53000000,64413.70000000,7.94415000,1785312659999999,511780.05884620,1158,0.52908000,34086.96679360,0
1785312660000000,64413.69000000,64413.70000000,64380.68000000,64380.69000000,6.31888000,1785312719999999,406943.28079330,1404,0.52414000,33757.11106320,0
1785312720000000,64380.68000000,64385.85000000,64366.02000000,64366.02000000,8.99763000,1785312779999999,579299.40447420,1828,4.93338000,317633.43232030,0
1785312780000000,64366.02000000,64396.71000000,64359.35000000,64396.70000000,18.29704000,1785312839999999,1177933.94641830,2201,6.39439000,411596.55352750,0
1785312840000000,64396.70000000,64396.71000000,64376.00000000,64376.00000000,48.58416000,1785312899999999,3128455.76580230,1807,18.08628000,1164561.80817850,0
1785312900000000,64376.00000000,64376.01000000,64370.00000000,64370.01000000,3.06737000,1785312959999999,197451.67631350,705,0.57529000,37032.31094370,0
1785312960000000,64370.00000000,64380.00000000,64364.00000000,64380.00000000,2.18757000,1785313019999999,140811.77059520,929,1.52521000,98174.63524580,0
1785313020000000,64379.99000000,64380.00000000,64379.99000000,64380.00000000,1.94742000,1785313079999999,125374.89417180,349,1.40460000,90428.14800000,0
1785313080000000,64380.00000000,64394.23000000,64379.99000000,64394.23000000,2.49082000,1785313139999999,160381.57408910,718,1.70104000,109525.23596030,0
1785313140000000,64394.22000000,64395.59000000,64380.00000000,64395.58000000,19.56380000,1785313199999999,1259611.83507760,2031,16.14223000,1039304.52963090,0
1785313200000000,64395.58000000,64395.59000000,64395.58000000,64395.58000000,1.28042000,1785313259999999,82453.39587170,264,0.73281000,47189.73230790,0
1785313260000000,64395.59000000,64403.71000000,64390.64000000,64400.21000000,15.79132000,1785313319999999,1016918.36635010,853,10.64968000,685811.96284910,0
1785313320000000,64400.22000000,64400.22000000,64380.00000000,64380.01000000,3.50536000,1785313379999999,225705.57459480,1210,1.10304000,71014.60653020,0
1785313380000000,64380.01000000,64380.01000000,64334.99000000,64334.99000000,7.95160000,1785313439999999,511732.75941640,2150,0.98881000,63636.78502390,0
1785313440000000,64334.98000000,64342.00000000,64334.98000000,64342.00000000,3.64350000,1785313499999999,234411.03504710,588,3.14615000,202411.30459190,0
1785313500000000,64342.00000000,64342.00000000,64300.00000000,64309.99000000,10.27397000,1785313559999999,660730.61957440,2450,5.04028000,324094.46821030,0
1785313560000000,64309.99000000,64311.21000000,64302.00000000,64308.43000000,4.33324000,1785313619999999,278664.87676370,694,2.33648000,150255.13925560,0
1785313620000000,64308.42000000,64314.58000000,64300.00000000,64314.57000000,13.29335000,1785313679999999,854862.46281010,1240,2.08353000,133985.74105640,0
1785313680000000,64314.57000000,64314.66000000,64283.83000000,64297.63000000,9.89800000,1785313739999999,636413.52441500,1628,1.43892000,92507.88660050,0
1785313740000000,64297.63000000,64305.95000000,64297.63000000,64301.99000000,3.00979000,1785313799999999,193539.70191160,588,0.62518000,40199.71237750,0
1785313800000000,64301.99000000,64321.62000000,64284.03000000,64321.61000000,6.17070000,1785313859999999,396733.08968630,1714,4.17853000,268645.66395710,0
1785313860000000,64321.61000000,64339.97000000,64321.61000000,64335.89000000,4.90546000,1785313919999999,315595.63999430,919,1.39513000,89745.59212830,0
1785313920000000,64335.90000000,64344.00000000,64330.48000000,64342.58000000,2.41717000,1785313979999999,155514.71934080,955,0.79145000,50919.77294320,0
1785313980000000,64342.58000000,64342.59000000,64323.92000000,64323.92000000,2.13895000,1785314039999999,137607.95961760,1459,0.26460000,17022.16144160,0
1785314040000000,64323.93000000,64323.93000000,64306.66000000,64306.66000000,2.04225000,1785314099999999,131346.81821330,991,0.22927000,14745.90889330,0
1785314100000000,64306.67000000,64316.00000000,64306.08000000,64315.99000000,8.01894000,1785314159999999,515676.13495190,795,6.81441000,438212.33582540,0
1785314160000000,64315.99000000,64317.66000000,64315.99000000,64317.66000000,1.31637000,1785314219999999,84665.64384400,277,0.90291000,58072.98286480,0
1785314220000000,64317.66000000,64334.56000000,64317.66000000,64329.41000000,12.50673000,1785314279999999,804526.88479970,804,11.34220000,729620.36649580,0
1785314280000000,64329.42000000,64329.42000000,64326.82000000,64329.42000000,0.90930000,1785314339999999,58493.63252470,398,0.33643000,21641.69438290,0
1785314340000000,64329.42000000,64329.42000000,64321.21000000,64321.22000000,2.43897000,1785314399999999,156884.10134190,563,0.86092000,55375.53637980,0
1785314400000000,64321.21000000,64329.91000000,64321.21000000,64329.90000000,1.22798000,1785314459999999,78987.77698850,554,0.94561000,60824.59895330,0
1785314460000000,64329.91000000,64329.91000000,64329.90000000,64329.91000000,0.54062000,1785314519999999,34778.03349080,218,0.29528000,18995.33582480,0
1785314520000000,64329.91000000,64358.00000000,64329.90000000,64358.00000000,4.28419000,1785314579999999,275622.47992240,1134,3.90334000,251121.41790260,0
1785314580000000,64357.99000000,64400.00000000,64357.99000000,64399.99000000,11.76420000,1785314639999999,757460.94124470,1763,5.26993000,339293.13173550,0
1785314640000000,64400.00000000,64433.88000000,64399.99000000,64433.87000000,8.89799000,1785314699999999,573233.64942340,1978,7.31020000,470957.14534320,0
1785314700000000,64433.88000000,64500.00000000,64433.87000000,64500.00000000,7.54915000,1785314759999999,486699.75809590,2830,6.45963000,416474.76495470,0
1785314760000000,64500.00000000,64523.68000000,64499.99000000,64523.66000000,10.44272000,1785314819999999,673712.24012650,1851,8.83450000,569955.55627050,0
1785314820000000,64523.66000000,64523.66000000,64503.95000000,64515.90000000,17.06782000,1785314879999999,1101193.12448200,1973,1.82467000,117715.07643740,0
1785314880000000,64515.90000000,64515.90000000,64454.41000000,64454.41000000,3.86723000,1785314939999999,249382.63331670,2653,0.95303000,61450.47227800,0
1785314940000000,64454.41000000,64455.48000000,64454.41000000,64455.47000000,2.46169000,1785314999999999,158668.04001760,393,1.68664000,108712.31553050,0
1785315000000000,64455.47000000,64461.43000000,64452.23000000,64455.48000000,4.24765000,1785315059999999,273790.45436060,1513,1.53966000,99239.61013120,0
1785315060000000,64455.48000000,64455.48000000,64412.00000000,64412.00000000,2.63883000,1785315119999999,170018.55689790,1993,0.26954000,17364.56150500,0
1785315120000000,64412.00000000,64417.63000000,64412.00000000,64412.13000000,13.44313000,1785315179999999,865937.85298580,701,5.13571000,330807.71149380,0
1785315180000000,64412.12000000,64417.29000000,64412.12000000,64415.36000000,2.70381000,1785315239999999,174168.65369360,763,1.17032000,75385.74523000,0
1785315240000000,64415.37000000,64415.37000000,64398.88000000,64398.88000000,2.80633000,1785315299999999,180744.96123880,1896,0.19087000,12292.59263430,0
1785315300000000,64398.89000000,64406.92000000,64398.88000000,64405.98000000,6.28927000,1785315359999999,405053.03348090,906,2.94894000,189912.96886420,0
1785315360000000,64405.98000000,64405.99000000,64402.00000000,64402.01000000,1.78664000,1785315419999999,115064.93077690,780,0.22467000,14469.22899770,0
1785315420000000,64402.00000000,64415.25000000,64400.00000000,64415.25000000,7.54639000,1785315479999999,486011.16856580,1244,5.78928000,372837.05727180,0
1785315480000000,64415.25000000,64419.99000000,64415.25000000,64416.54000000,1.61987000,1785315539999999,104348.38296420,838,0.44062000,28383.46090420,0
1785315540000000,64416.54000000,64417.31000000,64416.34000000,64417.31000000,9.73536000,1785315599999999,627118.52182520,565,7.62783000,491358.62361270,0
1785315600000000,64417.31000000,64417.31000000,64417.30000000,64417.30000000,4.78908000,1785315659999999,308499.64071560,308,3.76316000,242412.64429960,0
1785315660000000,64417.31000000,64444.00000000,64417.30000000,64444.00000000,23.14789000,1785315719999999,1491217.84569040,1264,22.74134000,1465027.99566520,0
1785315720000000,64444.00000000,64444.50000000,64443.99000000,64444.50000000,4.29918000,1785315779999999,277058.34969990,391,0.61176000,39424.45653410,0
1785315780000000,64444.49000000,64444.50000000,64421.17000000,64444.00000000,3.81040000,1785315839999999,245519.98063840,1931,1.70405000,109794.18649050,0
1785315840000000,64444.00000000,64451.84000000,64427.10000000,64427.11000000,3.48405000,1785315899999999,224508.27377380,1203,0.93443000,60217.62140370,0
1785315900000000,64427.10000000,64427.11000000,64394.27000000,64394.27000000,2.48402000,1785315959999999,159981.47463420,1462,0.30416000,19587.20864430,0
1785315960000000,64394.27000000,64400.44000000,64394.27000000,64400.43000000,1.08545000,1785316019999999,69898.16771790,415,0.61093000,39341.17489430,0
1785316020000000,64400.43000000,64400.44000000,64386.94000000,64399.56000000,3.07844000,1785316079999999,198240.66186990,1164,0.75121000,48373.96833150,0
1785316080000000,64399.55000000,64403.03000000,64394.89000000,64397.77000000,1.24232000,1785316139999999,80004.36476660,676,0.45965000,29600.77859170,0
1785316140000000,64397.78000000,64432.21000000,64397.78000000,64432.21000000,2.24420000,1785316199999999,144570.96736430,1288,1.12567000,72512.77721120,0
1785316200000000,64432.21000000,64454.00000000,64432.20000000,64453.99000000,0.82215000,1785316259999999,52982.69632270,852,0.53842000,34696.60225710,0
1785316260000000,64454.00000000,64454.00000000,64446.10000000,64446.11000000,3.14299000,1785316319999999,202556.61608210,706,1.15632000,74520.69354670,0
1785316320000000,64446.10000000,64462.40000000,64446.10000000,64459.99000000,24.26414000,1785316379999999,1564099.62725620,906,3.51399000,226508.10928450,0
1785316380000000,64460.00000000,64464.00000000,64443.03000000,64443.04000000,35.57423000,1785316439999999,2293102.92954000,1454,31.81834000,2051009.68253800,0
1785316440000000,64443.03000000,64452.00000000,64443.03000000,64452.00000000,3.26715000,1785316499999999,210564.40589940,772,1.71797000,110720.47502320,0
1785316500000000,64452.00000000,64452.00000000,64445.62000000,64445.63000000,1.28441000,1785316559999999,82777.47439910,625,0.11502000,7412.57865940,0
1785316560000000,64445.63000000,64445.63000000,64430.00000000,64430.01000000,5.36750000,1785316619999999,345859.66568140,599,2.49363000,160664.61114710,0
1785316620000000,64430.01000000,64432.86000000,64430.00000000,64432.86000000,4.94433000,1785316679999999,318572.29122490,406,2.87156000,185019.33867740,0
1785316680000000,64432.85000000,64474.04000000,64432.85000000,64474.03000000,6.99238000,1785316739999999,450755.41097150,1525,3.40843000,219717.39234700,0
1785316740000000,64474.04000000,64474.04000000,64462.07000000,64462.07000000,11.27474000,1785316799999999,726887.78583210,848,2.83533000,182790.58754720,0
1785316800000000,64462.07000000,64470.97000000,64462.07000000,64470.01000000,10.30921000,1785316859999999,664626.63395410,928,7.71564000,497418.01454830,0
1785316860000000,64470.00000000,64470.01000000,64452.32000000,64452.33000000,6.06595000,1785316919999999,391050.79323770,941,0.15563000,10032.27437690,0
1785316920000000,64452.32000000,64452.33000000,64451.05000000,64451.06000000,1.28599000,1785316979999999,82884.65308910,336,0.81329000,52418.15155720,0
1785316980000000,64451.06000000,64466.71000000,64438.00000000,64438.01000000,10.50600000,1785317039999999,677230.59042520,1967,8.21775000,529741.94038920,0
1785317040000000,64438.00000000,64466.30000000,64438.00000000,64466.30000000,8.72903000,1785317099999999,562648.26954900,1275,7.13714000,460068.48640740,0
1785317100000000,64466.30000000,64478.60000000,64466.29000000,64478.59000000,4.56681000,1785317159999999,294442.52916750,936,2.90908000,187555.57228030,0
1785317160000000,64478.59000000,64478.60000000,64456.00000000,64456.01000000,8.52838000,1785317219999999,549820.71219030,1358,2.61679000,168707.37292660,0
1785317220000000,64456.00000000,64456.01000000,64446.00000000,64453.73000000,2.20176000,1785317279999999,141899.78610100,889,1.45529000,93789.36654020,0
1785317280000000,64453.74000000,64461.74000000,64444.00000000,64447.84000000,8.01994000,1785317339999999,516896.63953940,1950,2.48776000,160333.55772170,0
1785317340000000,64447.85000000,64461.82000000,64447.85000000,64461.82000000,2.69545000,1785317399999999,173727.98029100,793,1.96212000,126463.93078230,0
1785317400000000,64461.81000000,64477.09000000,64461.81000000,64470.07000000,7.03095000,1785317459999999,453287.43540300,1210,3.18697000,205465.22554340,0
1785317460000000,64470.07000000,64503.96000000,64470.06000000,64503.95000000,5.22368000,1785317519999999,336860.25569790,1355,3.64600000,235123.25092210,0
1785317520000000,64503.95000000,64509.00000000,64499.52000000,64503.96000000,9.70135000,1785317579999999,625774.34838240,1392,5.53935000,357306.28220180,0
1785317580000000,64503.96000000,64503.96000000,64478.00000000,64482.00000000,7.28341000,1785317639999999,469682.59643130,1468,2.86905000,185008.85312460,0
1785317640000000,64482.01000000,64492.26000000,64482.00000000,64482.03000000,2.49855000,1785317699999999,161128.80888910,1219,0.57469000,37059.53749770,0
1785317700000000,64482.03000000,64482.04000000,64470.00000000,64470.00000000,1.27434000,1785317759999999,82165.13934580,705,0.17717000,11423.22414610,0
1785317760000000,64470.01000000,64493.48000000,64470.00000000,64483.26000000,8.03280000,1785317819999999,518008.74261100,1688,6.74035000,434661.98479410,0
1785317820000000,64483.25000000,64535.22000000,64480.76000000,64524.25000000,17.17064000,1785317879999999,1107851.96788860,3077,15.00239000,967956.42296100,0
1785317880000000,64524.26000000,64572.14000000,64520.45000000,64572.13000000,21.17815000,1785317939999999,1367187.83188730,2560,18.70960000,1207854.40313430,0
1785317940000000,64572.13000000,64620.00000000,64548.42000000,64592.00000000,49.72344000,1785317999999999,3211851.96542840,5150,22.38513000,1445850.42212900,0
1785318000000000,64591.99000000,64700.00000000,64591.99000000,64671.33000000,55.76051000,1785318059999999,3605052.89430040,6069,44.39368000,2869896.15185720,0
1785318060000000,64671.33000000,64674.00000000,64640.00000000,64646.87000000,15.24407000,1785318119999999,985634.18837970,3529,9.79140000,633090.20629860,0
1785318120000000,64646.87000000,64646.87000000,64622.00000000,64622.00000000,16.55755000,1785318179999999,1070238.50541120,2281,10.98266000,709919.16602260,0
1785318180000000,64622.01000000,64643.68000000,64594.01000000,64594.01000000,15.10105000,1785318239999999,975940.99231100,3301,8.51467000,550337.87310280,0
1785318240000000,64594.01000000,64610.86000000,64592.46000000,64605.99000000,11.20219000,1785318299999999,723707.91910140,2030,7.25617000,468778.56906250,0
1785318300000000,64605.99000000,64606.00000000,64588.00000000,64588.76000000,15.17647000,1785318359999999,980286.43331770,1681,11.21421000,724340.30821880,0
1785318360000000,64588.76000000,64588.76000000,64541.96000000,64544.56000000,11.45476000,1785318419999999,739602.17961440,1859,3.67926000,237551.21491450,0
1785318420000000,64544.55000000,64544.56000000,64517.15000000,64517.15000000,3.07411000,1785318479999999,198380.03943830,1358,0.44478000,28703.16579990,0
1785318480000000,64517.16000000,64547.32000000,64517.15000000,64542.00000000,15.21932000,1785318539999999,982240.36879490,1899,7.63887000,492946.92047100,0
1785318540000000,64541.99000000,64560.00000000,64541.99000000,64556.18000000,6.74093000,1785318599999999,435180.16669370,1198,2.96738000,191560.60804980,0
1785318600000000,64556.18000000,64562.00000000,64548.56000000,64558.00000000,8.77347000,1785318659999999,566408.33877860,1198,3.80650000,245739.19542750,0
1785318660000000,64558.00000000,64562.05000000,64541.99000000,64562.04000000,17.12805000,1785318719999999,1105680.72445470,2062,12.76075000,823755.25316600,0
1785318720000000,64562.04000000,64623.23000000,64562.04000000,64623.23000000,22.11918000,1785318779999999,1428829.96302530,2292,12.34473000,797360.48264100,0
1785318780000000,64623.24000000,64658.00000000,64623.23000000,64658.00000000,18.60135000,1785318839999999,1202377.58089140,2352,12.92157000,835255.95839460,0
1785318840000000,64657.99000000,64675.22000000,64640.00000000,64666.95000000,27.93926000,1785318899999999,1806595.49984120,3182,16.87704000,1091301.92934790,0
1785318900000000,64666.96000000,64693.18000000,64662.54000000,64693.18000000,19.58571000,1785318959999999,1266833.76852810,1810,18.72875000,1211411.21764750,0
1785318960000000,64693.17000000,64700.00000000,64678.00000000,64692.00000000,13.47175000,1785319019999999,871487.05181930,2277,5.60214000,362378.28561800,0
1785319020000000,64692.00000000,64744.81000000,64670.00000000,64723.90000000,26.78044000,1785319079999999,1732697.92872040,3902,20.60853000,1333266.88450840,0
1785319080000000,64723.90000000,64723.91000000,64714.09000000,64718.09000000,8.79137000,1785319139999999,568951.92661090,1281,6.51808000,421825.20113220,0
1785319140000000,64718.10000000,64720.87000000,64698.00000000,64698.00000000,22.58664000,1785319199999999,1461670.96330060,2643,11.66616000,754942.50634630,0
1785319200000000,64698.01000000,64712.58000000,64684.89000000,64705.47000000,25.41826000,1785319259999999,1644441.69194630,2387,11.01327000,712552.97114230,0
1785319260000000,64705.47000000,64718.00000000,64698.00000000,64706.27000000,21.88577000,1785319319999999,1416243.57398720,2700,11.22885000,726628.92333980,0
1785319320000000,64706.26000000,64713.99000000,64682.00000000,64682.00000000,3.37991000,1785319379999999,218673.92629380,1484,1.45507000,94136.50199420,0
1785319380000000,64682.01000000,64683.02000000,64665.60000000,64665.60000000,7.58473000,1785319439999999,490519.66988100,1085,1.24929000,80799.73937180,0
1785319440000000,64665.60000000,64665.60000000,64648.57000000,64657.43000000,13.08603000,1785319499999999,846066.81914440,1125,2.96240000,191527.15558070,0
1785319500000000,64657.43000000,64670.00000000,64654.84000000,64656.01000000,7.07192000,1785319559999999,457302.13513000,1277,2.58046000,166855.91422200,0
1785319560000000,64656.01000000,64669.24000000,64642.00000000,64642.01000000,8.84208000,1785319619999999,571729.96373770,1484,2.75683000,178255.38636830,0
1785319620000000,64642.00000000,64648.83000000,64626.05000000,64631.99000000,7.15643000,1785319679999999,462570.07782190,1703,2.69993000,174510.91367090,0
1785319680000000,64631.99000000,64658.00000000,64631.99000000,64658.00000000,3.29562000,1785319739999999,213041.90365860,991,1.94634000,125821.65413950,0
1785319740000000,64657.99000000,64668.00000000,64640.00000000,64667.99000000,3.18668000,1785319799999999,206021.80397510,1624,1.63340000,105601.63065600,0
1785319800000000,64667.99000000,64668.00000000,64639.99000000,64640.00000000,3.09945000,1785319859999999,200378.90605450,1144,0.17544000,11342.30347170,0
1785319860000000,64640.00000000,64640.00000000,64638.00000000,64638.01000000,1.47362000,1785319919999999,95253.20758390,334,0.68386000,44203.81639250,0
1785319920000000,64638.00000000,64638.01000000,64636.00000000,64636.00000000,3.40390000,1785319979999999,220016.67932370,453,0.13415000,8671.15372150,0
1785319980000000,64636.00000000,64649.38000000,64636.00000000,64649.37000000,8.84585000,1785320039999999,571806.55384790,924,6.00499000,388151.48562030,0
1785320040000000,64649.37000000,64665.87000000,64649.37000000,64663.99000000,2.76084000,1785320099999999,178509.35406500,892,2.34259000,151466.12692160,0
1785320100000000,64663.99000000,64682.00000000,64660.00000000,64660.00000000,4.34061000,1785320159999999,280709.29830630,1648,2.61155000,168889.88017330,0
1785320160000000,64660.00000000,64676.35000000,64656.70000000,64676.34000000,1.82288000,1785320219999999,117871.43703680,949,1.27124000,82202.23677780,0
1785320220000000,64676.34000000,64676.35000000,64664.00000000,64668.01000000,4.31214000,1785320279999999,278861.42013900,1233,1.44472000,93426.98171420,0
1785320280000000,64668.01000000,64700.00000000,64668.00000000,64699.99000000,12.05552000,1785320339999999,779814.81436710,1042,10.39051000,672109.30653580,0
1785320340000000,64700.00000000,64700.00000000,64658.00000000,64667.99000000,4.72122000,1785320399999999,305338.65942710,2258,1.67854000,108539.19089730,0
1785320400000000,64668.00000000,64670.00000000,64660.58000000,64660.58000000,2.81477000,1785320459999999,182020.88261000,847,1.84343000,119210.69706010,0
1785320460000000,64660.59000000,64662.26000000,64660.58000000,64662.25000000,3.15194000,1785320519999999,203809.78030710,417,1.46713000,94867.42570780,0
1785320520000000,64662.25000000,64674.00000000,64662.25000000,64673.99000000,2.88883000,1785320579999999,186828.83130330,693,1.11264000,71955.99848000,0
1785320580000000,64674.00000000,64674.00000000,64651.72000000,64651.73000000,5.94299000,1785320639999999,384303.32537670,1356,1.35140000,87383.03453980,0
1785320640000000,64651.72000000,64651.73000000,64646.13000000,64646.14000000,1.07815000,1785320699999999,69701.39094330,630,0.18746000,12118.73398920,0
1785320700000000,64646.13000000,64646.14000000,64625.40000000,64626.01000000,2.68744000,1785320759999999,173694.14257850,1080,0.09360000,6049.74227220,0
1785320760000000,64626.01000000,64633.28000000,64626.00000000,64633.27000000,1.31521000,1785320819999999,85001.17528690,493,0.86160000,55685.08843050,0
1785320820000000,64633.28000000,64633.28000000,64628.00000000,64628.00000000,1.81376000,1785320879999999,117225.33621110,498,0.12479000,8065.35465920,0
1785320880000000,64628.00000000,64628.01000000,64609.02000000,64617.75000000,4.80123000,1785320939999999,310232.29759710,1248,2.12090000,137032.66771330,0
1785320940000000,64617.74000000,64623.60000000,64617.74000000,64623.59000000,1.90067000,1785320999999999,122824.10778560,410,0.82406000,53251.55905370,0
1785321000000000,64623.59000000,64624.14000000,64617.74000000,64617.75000000,3.22775000,1785321059999999,208586.04335900,772,0.94417000,61015.65737300,0
1785321060000000,64617.75000000,64620.01000000,64617.74000000,64620.00000000,3.69218000,1785321119999999,238581.57278210,409,2.04160000,131923.68142450,0
1785321120000000,64620.00000000,64627.31000000,64620.00000000,64627.30000000,1.18285000,1785321179999999,76443.47281230,343,0.66364000,42888.38938940,0
1785321180000000,64627.31000000,64627.31000000,64627.30000000,64627.30000000,3.26735000,1785321239999999,211160.01259600,295,0.39410000,25469.62287100,0
1785321240000000,64627.30000000,64627.34000000,64610.10000000,64610.10000000,3.66196000,1785321299999999,236639.65164260,1079,0.78344000,50625.48329020,0
1785321300000000,64610.11000000,64610.11000000,64610.10000000,64610.11000000,1.72263000,1785321359999999,111299.30256940,245,0.60064000,38807.41647040,0
1785321360000000,64610.10000000,64614.00000000,64610.10000000,64614.00000000,3.25968000,1785321419999999,210620.35496730,465,1.25444000,81053.80630000,0
1785321420000000,64614.00000000,64614.00000000,64594.00000000,64594.01000000,4.15903000,1785321479999999,268703.11110660,1243,0.56692000,36628.57695770,0
1785321480000000,64594.00000000,64594.79000000,64581.04000000,64581.04000000,5.24387000,1785321539999999,338708.89895720,1418,1.70823000,110337.91980390,0
1785321540000000,64581.05000000,64581.05000000,64567.56000000,64567.57000000,2.04403000,1785321599999999,131992.76879190,931,0.53100000,34290.79355840,0
1785321600000000,64567.57000000,64577.67000000,64567.56000000,64577.66000000,5.77561000,1785321659999999,372940.69256690,990,3.22808000,208446.64319120,0
1785321660000000,64577.67000000,64620.86000000,64577.66000000,64618.00000000,6.82201000,1785321719999999,440695.98538700,1794,4.98124000,321769.97664650,0
1785321720000000,64618.00000000,64672.34000000,64617.99000000,64670.77000000,6.94086000,1785321779999999,448647.45956880,1991,5.44060000,351653.26428530,0
1785321780000000,64670.76000000,64676.00000000,64661.65000000,64670.01000000,4.78907000,1785321839999999,309700.43004230,1236,2.78382000,180021.23104130,0
1785321840000000,64670.01000000,64680.57000000,64670.00000000,64670.00000000,6.67728000,1785321899999999,431858.54772360,1015,4.38319000,283481.83577550,0
1785321900000000,64670.00000000,64670.00000000,64640.00000000,64641.99000000,4.14830000,1785321959999999,268189.86167490,1893,1.69009000,109259.71777280,0
1785321960000000,64642.00000000,64645.99000000,64624.00000000,64624.00000000,3.44761000,1785322019999999,222841.81575830,1334,0.88161000,56983.33898400,0
1785322020000000,64624.00000000,64634.48000000,64624.00000000,64628.01000000,5.55504000,1785322079999999,359035.74313560,822,1.42874000,92338.57273070,0
1785322080000000,64628.01000000,64636.00000000,64621.23000000,64621.24000000,1.41904000,1785322139999999,91708.93755810,1330,0.41514000,26830.55488530,0
1785322140000000,64621.23000000,64621.24000000,64604.52000000,64604.53000000,1.67469000,1785322199999999,108200.21198780,766,0.52164000,33701.77145020,0
1785322200000000,64604.52000000,64604.53000000,64582.42000000,64582.42000000,2.38305000,1785322259999999,153926.52583240,1140,0.26878000,17359.67654170,0
1785322260000000,64582.42000000,64582.43000000,64499.62000000,64508.32000000,15.64509000,1785322319999999,1009590.76865360,2902,4.20295000,271147.53540420,0
1785322320000000,64508.31000000,64508.32000000,64451.44000000,64451.44000000,16.35091000,1785322379999999,1054206.48519830,2638,3.36340000,216826.87673460,0
1785322380000000,64451.44000000,64462.00000000,64440.00000000,64440.01000000,10.66269000,1785322439999999,687210.24545750,2101,6.39321000,412029.40250850,0
1785322440000000,64440.00000000,64448.00000000,64421.60000000,64439.09000000,8.10135000,1785322499999999,522006.13141730,2091,4.03662000,260084.00232470,0
1785322500000000,64439.09000000,64450.07000000,64416.00000000,64416.01000000,6.13525000,1785322559999999,395349.42938420,1937,1.39311000,89775.49492780,0
1785322560000000,64416.01000000,64448.00000000,64410.24000000,64447.99000000,11.10569000,1785322619999999,715422.71084990,2097,6.85632000,441647.36211960,0
1785322620000000,64448.00000000,64462.00000000,64447.99000000,64461.99000000,2.50069000,1785322679999999,161184.60410290,896,1.97575000,127347.73569010,0
1785322680000000,64461.99000000,64466.00000000,64461.99000000,64465.99000000,4.97966000,1785322739999999,321007.43362260,351,1.60571000,103508.02630210,0
1785322740000000,64466.00000000,64476.00000000,64465.99000000,64469.83000000,4.75028000,1785322799999999,306242.77961270,804,2.72080000,175403.24425910,0
1785322800000000,64469.84000000,64490.00000000,64468.59000000,64489.99000000,7.40082000,1785322859999999,477174.72697290,1820,4.66423000,300718.10156860,0
1785322860000000,64489.99000000,64507.63000000,64489.99000000,64504.22000000,3.79907000,1785322919999999,245039.52469430,1062,2.40381000,155038.49524560,0
1785322920000000,64504.23000000,64504.23000000,64468.09000000,64470.01000000,5.52813000,1785322979999999,356488.70241580,1766,0.56767000,36599.09536100,0
1785322980000000,64470.00000000,64501.31000000,64470.00000000,64501.18000000,12.14748000,1785323039999999,783389.52238420,1711,5.86708000,378330.46510050,0
1785323040000000,64501.18000000,64501.91000000,64470.18000000,64470.18000000,2.17017000,1785323099999999,139946.23300240,1465,0.09480000,6113.60466100,0
1785323100000000,64470.18000000,64470.19000000,64470.00000000,64470.00000000,2.03607000,1785323159999999,131265.50249830,375,1.04054000,67083.63990320,0
1785323160000000,64470.00000000,64470.01000000,64440.00000000,64459.99000000,7.65690000,1785323219999999,493478.82061110,1763,4.48866000,289264.17058940,0
1785323220000000,64460.00000000,64490.47000000,64460.00000000,64488.00000000,9.17885000,1785323279999999,591835.43629810,2481,3.83302000,247118.91127860,0
1785323280000000,64488.00000000,64495.12000000,64480.32000000,64483.03000000,5.62071000,1785323339999999,362468.62025770,1118,1.80044000,116102.20730000,0
1785323340000000,64483.03000000,64498.84000000,64483.03000000,64498.84000000,3.63616000,1785323399999999,234491.43256980,737,3.12194000,201330.34167720,0
1785323400000000,64498.83000000,64498.84000000,64498.83000000,64498.83000000,1.43443000,1785323459999999,92519.06097210,355,0.42552000,27445.54639680,0
1785323460000000,64498.83000000,64498.84000000,64494.67000000,64496.24000000,7.58806000,1785323519999999,489394.19069280,562,6.53452000,421443.69890710,0
1785323520000000,64496.25000000,64505.94000000,64496.24000000,64505.93000000,1.86381000,1785323579999999,120214.88780200,545,1.08732000,70130.50236270,0
1785323580000000,64505.94000000,64525.74000000,64505.93000000,64525.73000000,4.81896000,1785323639999999,310880.46589300,803,2.47729000,159809.20331550,0
1785323640000000,64525.73000000,64546.00000000,64521.94000000,64521.95000000,10.30727000,1785323699999999,665171.10638180,1331,5.92718000,382496.19081270,0
1785323700000000,64521.94000000,64546.00000000,64518.98000000,64546.00000000,3.54332000,1785323759999999,228640.29793690,819,2.60919000,168356.53654690,0
1785323760000000,64546.00000000,64546.00000000,64515.37000000,64515.37000000,7.15703000,1785323819999999,461864.11920040,1330,1.66630000,107527.56481730,0
1785323820000000,64515.37000000,64515.38000000,64513.91000000,64513.91000000,1.45866000,1785323879999999,94104.27688310,330,0.82096000,52963.40997380,0
1785323880000000,64513.91000000,64525.81000000,64503.95000000,64514.53000000,9.14982000,1785323939999999,590283.91632390,1443,6.89339000,444705.63241420,0
1785323940000000,64514.53000000,64514.53000000,64476.58000000,64476.58000000,8.57780000,1785323999999999,553241.30167060,1270,2.28780000,147537.03496900,0
1785324000000000,64476.58000000,64542.98000000,64476.58000000,64542.98000000,7.24142000,1785324059999999,467082.71486730,1793,6.26216000,403894.95495130,0
1785324060000000,64542.97000000,64578.00000000,64542.97000000,64577.22000000,3.41988000,1785324119999999,220797.94728080,1257,2.49370000,160991.84172370,0
1785324120000000,64577.22000000,64591.73000000,64522.00000000,64522.01000000,7.83864000,1785324179999999,506154.65219850,2417,2.86310000,184881.38809150,0
1785324180000000,64522.01000000,64532.43000000,64522.00000000,64531.60000000,3.35037000,1785324239999999,216184.02453250,883,2.53432000,163525.18498730,0
1785324240000000,64531.60000000,64531.60000000,64531.59000000,64531.59000000,2.57581000,1785324299999999,166221.13166360,270,1.68257000,108578.93421200,0
1785324300000000,64531.60000000,64531.60000000,64510.01000000,64519.62000000,6.30705000,1785324359999999,406904.69065500,1440,3.22074000,207773.96773760,0
1785324360000000,64519.62000000,64527.02000000,64510.02000000,64522.77000000,25.16140000,1785324419999999,1623417.04032600,1260,22.82582000,1472729.02790660,0
1785324420000000,64522.76000000,64535.40000000,64522.76000000,64535.40000000,1.95058000,1785324479999999,125867.57121940,454,1.64889000,106399.87691220,0
1785324480000000,64535.40000000,64535.40000000,64528.00000000,64528.01000000,4.50692000,1785324539999999,290831.27968580,730,3.02290000,195062.30504970,0
1785324540000000,64528.01000000,64528.01000000,64492.47000000,64492.48000000,4.87520000,1785324599999999,314535.91744100,1380,1.68961000,109019.99955420,0
1785324600000000,64492.47000000,64492.48000000,64475.85000000,64476.57000000,3.74668000,1785324659999999,241602.92919260,921,0.96027000,61920.12125400,0
1785324660000000,64476.57000000,64496.00000000,64476.57000000,64496.00000000,7.56101000,1785324719999999,487570.36108470,966,4.75324000,306497.64228670,0
1785324720000000,64496.00000000,64496.00000000,64446.84000000,64449.25000000,8.89151000,1785324779999999,573243.41353860,2530,1.35180000,87134.68765870,0
1785324780000000,64449.24000000,64451.86000000,64434.00000000,64451.86000000,7.80757000,1785324839999999,503117.65885330,1131,4.27086000,275205.40175310,0
1785324840000000,64451.86000000,64451.86000000,64434.00000000,64434.00000000,10.33197000,1785324899999999,665798.17400740,880,5.51533000,355382.34122480,0
1785324900000000,64434.00000000,64434.01000000,64426.16000000,64426.16000000,2.80627000,1785324959999999,180811.16721020,657,0.28332000,18254.86471520,0
1785324960000000,64426.17000000,64426.17000000,64426.16000000,64426.17000000,1.47795000,1785325019999999,95218.64778050,220,0.46085000,29690.80044450,0
1785325020000000,64426.17000000,64426.17000000,64426.16000000,64426.17000000,2.53022000,1785325079999999,163012.37048760,217,1.19324000,76875.88309080,0
1785325080000000,64426.17000000,64426.17000000,64426.16000000,64426.17000000,2.48800000,1785325139999999,160292.29254660,271,0.64666000,41661.82709220,0
1785325140000000,64426.16000000,64432.00000000,64426.16000000,64426.17000000,7.68761000,1785325199999999,495296.25141030,1013,5.39835000,347805.14895710,0
1785325200000000,64426.17000000,64451.86000000,64426.16000000,64451.86000000,6.05030000,1785325259999999,389866.88176300,1345,5.23169000,337110.41268600,0
1785325260000000,64451.86000000,64451.86000000,64423.39000000,64423.40000000,4.45528000,1785325319999999,287075.80134870,1504,0.55811000,35956.45981220,0
1785325320000000,64423.40000000,64436.43000000,64422.50000000,64422.50000000,6.15249000,1785325379999999,396396.51269820,1365,3.57272000,230182.59692590,0
1785325380000000,64422.51000000,64422.51000000,64422.50000000,64422.51000000,0.61395000,1785325439999999,39552.19622790,195,0.23529000,15157.97237790,0
1785325440000000,64422.51000000,64422.51000000,64422.50000000,64422.50000000,0.90200000,1785325499999999,58109.09872810,238,0.37281000,24017.35595310,0
1785325500000000,64422.51000000,64427.39000000,64422.50000000,64427.39000000,1.34494000,1785325559999999,86644.95141850,460,0.90340000,58199.72537880,0
1785325560000000,64427.40000000,64446.47000000,64427.39000000,64446.46000000,3.95844000,1785325619999999,255093.42729800,938,2.99358000,192911.77469480,0
1785325620000000,64446.46000000,64466.00000000,64446.46000000,64466.00000000,8.89624000,1785325679999999,573401.01916390,810,7.51211000,484184.29600280,0
1785325680000000,64466.00000000,64483.87000000,64465.99000000,64483.87000000,2.82091000,1785325739999999,181879.34000260,687,1.97933000,127617.13028290,0
1785325740000000,64483.87000000,64483.87000000,64483.86000000,64483.87000000,2.93350000,1785325799999999,189163.42265700,238,1.93470000,124756.94328900,0
1785325800000000,64483.86000000,64483.87000000,64483.86000000,64483.87000000,1.34689000,1785325859999999,86852.67744910,212,1.12537000,72568.21278190,0
1785325860000000,64483.86000000,64489.29000000,64483.86000000,64489.28000000,1.82467000,1785325919999999,117665.71893720,433,1.44355000,93088.83542520,0
1785325920000000,64489.28000000,64504.00000000,64479.71000000,64479.72000000,16.31636000,1785325979999999,1052339.00810710,2397,2.67097000,172262.44307990,0
1785325980000000,64479.71000000,64479.72000000,64455.24000000,64465.22000000,6.72083000,1785326039999999,433223.90173640,1081,3.19944000,206231.51065800,0
1785326040000000,64465.23000000,64465.23000000,64465.22000000,64465.23000000,0.87145000,1785326099999999,56178.22194010,240,0.59711000,38492.83348530,0
1785326100000000,64465.23000000,64478.00000000,64458.39000000,64478.00000000,4.64504000,1785326159999999,299438.51140840,1203,3.55286000,229030.82410130,0
1785326160000000,64478.00000000,64481.80000000,64477.99000000,64481.79000000,2.04132000,1785326219999999,131624.54418300,478,1.62931000,105057.98993510,0
1785326220000000,64481.80000000,64490.00000000,64481.79000000,64486.11000000,2.59377000,1785326279999999,167261.13674990,831,1.93350000,124682.99024250,0
1785326280000000,64486.11000000,64493.85000000,64486.11000000,64493.85000000,2.69996000,1785326339999999,174119.82338100,473,2.13879000,137928.78731300,0
1785326340000000,64493.85000000,64507.54000000,64493.84000000,64507.54000000,2.95796000,1785326399999999,190790.83243140,591,2.28422000,147331.95555850,0
1785326400000000,64507.53000000,64507.54000000,64476.28000000,64482.77000000,7.79591000,1785326459999999,502810.65815080,2322,2.94304000,189808.71690210,0
1785326460000000,64482.76000000,64506.32000000,64473.19000000,64506.32000000,13.65680000,1785326519999999,880612.13799560,1479,9.59592000,618753.59123970,0
1785326520000000,64506.32000000,64506.32000000,64472.75000000,64472.75000000,3.22173000,1785326579999999,207774.32362800,1805,0.25565000,16485.32941810,0
1785326580000000,64472.76000000,64472.76000000,64458.12000000,64458.12000000,9.36207000,1785326639999999,603537.24218260,1041,5.41983000,349410.07416470,0
1785326640000000,64458.13000000,64470.00000000,64458.12000000,64466.00000000,7.90669000,1785326699999999,509689.79287840,969,4.47925000,288729.20727730,0
1785326700000000,64466.00000000,64466.01000000,64460.01000000,64465.99000000,2.17980000,1785326759999999,140514.43706350,618,1.63158000,105173.71540000,0
1785326760000000,64466.00000000,64480.76000000,64465.99000000,64469.00000000,3.86238000,1785326819999999,249014.20851610,966,2.30912000,148867.45745970,0
1785326820000000,64469.00000000,64469.00000000,64446.00000000,64452.36000000,5.66758000,1785326879999999,365280.98784190,1629,3.39229000,218621.46184700,0
1785326880000000,64452.37000000,64452.37000000,64435.46000000,64435.46000000,2.44464000,1785326939999999,157539.74334520,1156,0.59761000,38511.94709630,0
1785326940000000,64435.47000000,64435.47000000,64434.00000000,64434.01000000,1.72586000,1785326999999999,111204.43156730,463,0.57991000,37365.93235290,0
1785327000000000,64434.00000000,64442.83000000,64433.87000000,64442.82000000,5.54785000,1785327059999999,357476.41481470,774,4.52167000,291353.07720110,0
1785327060000000,64442.83000000,64449.99000000,64442.82000000,64448.73000000,4.04935000,1785327119999999,260965.49518070,617,1.48898000,95957.30780740,0
1785327120000000,64448.73000000,64448.73000000,64442.85000000,64447.47000000,5.45246000,1785327179999999,351382.23358880,977,3.40435000,219387.39727530,0
1785327180000000,64447.48000000,64481.05000000,64447.47000000,64481.04000000,3.27100000,1785327239999999,210849.51327540,1182,2.91661000,188003.40949370,0
1785327240000000,64481.04000000,64495.62000000,64456.00000000,64456.01000000,13.90606000,1785327299999999,896601.27488610,3227,5.05364000,325849.29992160,0
1785327300000000,64456.00000000,64456.00000000,64385.52000000,64398.00000000,15.85915000,1785327359999999,1021478.20965670,3795,3.23367000,208274.82338780,0
1785327360000000,64398.00000000,64403.21000000,64330.06000000,64330.07000000,39.43028000,1785327419999999,2538005.45290400,5052,4.16418000,268012.83950810,0
1785327420000000,64330.07000000,64330.07000000,64307.54000000,64328.24000000,7.72541000,1785327479999999,496865.64338120,4056,3.75735000,241647.99200860,0
1785327480000000,64328.24000000,64334.62000000,64276.73000000,64334.62000000,17.39499000,1785327539999999,1118565.33555580,5262,8.49355000,546142.32430120,0
1785327540000000,64334.62000000,64347.19000000,64322.00000000,64327.35000000,7.12566000,1785327599999999,458432.87481370,2463,2.77769000,178697.43714320,0
1785327600000000,64327.36000000,64342.04000000,64327.35000000,64342.04000000,2.64924000,1785327659999999,170427.92243150,771,2.36584000,152196.43756490,0
1785327660000000,64342.03000000,64355.00000000,64342.03000000,64342.16000000,12.86803000,1785327719999999,828048.93752010,1898,10.05815000,647234.09745160,0
1785327720000000,64342.16000000,64342.17000000,64312.66000000,64342.00000000,9.53841000,1785327779999999,613552.23564600,2883,6.87274000,442066.02826110,0
1785327780000000,64341.99000000,64364.64000000,64341.99000000,64364.64000000,3.73049000,1785327839999999,240074.38981320,1383,2.81416000,181099.71861270,0
1785327840000000,64364.63000000,64375.58000000,64342.03000000,64345.39000000,6.66073000,1785327899999999,428718.56883730,2089,1.46877000,94535.29358360,0
1785327900000000,64345.40000000,64363.92000000,64345.39000000,64363.92000000,7.01758000,1785327959999999,451599.89401530,1255,4.96056000,319229.29350640,0
1785327960000000,64363.91000000,64364.73000000,64356.31000000,64359.14000000,3.76041000,1785328019999999,242029.08133800,940,0.97104000,62495.32468240,0
1785328020000000,64359.14000000,64378.72000000,64352.29000000,64362.49000000,3.87944000,1785328079999999,249689.57395500,2052,2.34889000,151171.25834170,0
1785328080000000,64362.49000000,64362.50000000,64352.75000000,64357.90000000,2.89759000,1785328139999999,186475.55992370,776,1.16477000,74957.64324720,0
1785328140000000,64357.90000000,64367.78000000,64342.01000000,64342.02000000,6.36487000,1785328199999999,409627.02437360,1843,2.35833000,151784.42247820,0
1785328200000000,64342.01000000,64342.01000000,64282.01000000,64319.21000000,8.79561000,1785328259999999,565628.43080880,3547,4.56479000,293540.41799210,0
1785328260000000,64319.22000000,64323.22000000,64316.00000000,64323.21000000,3.99232000,1785328319999999,256779.58447900,1205,2.56406000,164914.03191630,0
1785328320000000,64323.22000000,64357.84000000,64323.22000000,64357.83000000,6.24567000,1785328379999999,401850.68198950,1977,3.12644000,201137.92927180,0
1785328380000000,64357.84000000,64360.34000000,64338.42000000,64343.13000000,4.06747000,1785328439999999,261724.25169850,1536,2.11658000,136182.28044690,0
1785328440000000,64343.13000000,64376.75000000,64342.00000000,64376.75000000,7.04674000,1785328499999999,453495.60672600,2247,5.88620000,378815.41196410,0
1785328500000000,64376.75000000,64386.40000000,64364.00000000,64364.01000000,5.12695000,1785328559999999,330031.58037670,1483,0.51762000,33321.42905990,0
1785328560000000,64364.00000000,64370.00000000,64322.29000000,64322.30000000,5.29300000,1785328619999999,340625.56594040,2263,1.35181000,87010.69228840,0
1785328620000000,64322.30000000,64327.74000000,64311.28000000,64325.25000000,3.36865000,1785328679999999,216668.73856940,1157,1.48388000,95438.20242300,0
1785328680000000,64325.26000000,64344.76000000,64325.25000000,64333.76000000,2.31257000,1785328739999999,148775.45660540,1521,1.21057000,77876.42049960,0
1785328740000000,64333.77000000,64346.58000000,64332.04000000,64336.93000000,2.05799000,1785328799999999,132411.66833810,1734,0.79511000,51157.56756980,0
1785328800000000,64336.93000000,64336.93000000,64330.38000000,64330.39000000,5.48740000,1785328859999999,353036.63546350,1015,0.50573000,32536.59506340,0
1785328860000000,64330.39000000,64330.39000000,64313.83000000,64323.16000000,11.10575000,1785328919999999,714267.31485680,1467,8.39811000,540118.04007950,0
1785328920000000,64323.16000000,64323.16000000,64303.24000000,64306.01000000,6.16008000,1785328979999999,396139.07437700,868,0.43486000,27964.21758710,0
1785328980000000,64306.00000000,64330.00000000,64306.00000000,64329.99000000,14.47690000,1785329039999999,931077.73144430,1443,2.81654000,181149.27847700,0
1785329040000000,64329.99000000,64336.00000000,64320.64000000,64333.58000000,11.37006000,1785329099999999,731402.70602560,1136,0.88897000,57187.62116770,0
1785329100000000,64333.59000000,64341.00000000,64324.20000000,64336.00000000,14.43236000,1785329159999999,928504.86630830,1962,0.89643000,57670.03168140,0
1785329160000000,64336.00000000,64336.77000000,64322.38000000,64332.00000000,12.53834000,1785329219999999,806568.62886950,1075,1.50841000,97036.69266140,0
1785329220000000,64332.00000000,64332.00000000,64322.40000000,64331.99000000,11.52981000,1785329279999999,741669.05199060,663,0.91691000,58980.11969770,0
1785329280000000,64332.00000000,64340.00000000,64331.99000000,64338.09000000,13.42523000,1785329339999999,863753.95443470,649,3.18568000,204946.50490190,0
1785329340000000,64338.10000000,64338.10000000,64306.00000000,64314.01000000,16.65669000,1785329399999999,1071347.43815920,2228,3.40179000,218793.18806720,0
1785329400000000,64314.01000000,64340.00000000,64314.01000000,64320.02000000,9.91893000,1785329459999999,638051.60029320,1787,2.79817000,179999.81277200,0
1785329460000000,64320.02000000,64320.03000000,64288.84000000,64288.84000000,7.04174000,1785329519999999,452777.46970550,1676,2.77299000,178293.05308930,0
1785329520000000,64288.85000000,64298.00000000,64288.59000000,64293.88000000,2.77616000,1785329579999999,178485.54576040,1159,1.46234000,94018.03107500,0
1785329580000000,64293.88000000,64298.00000000,64288.00000000,64288.01000000,2.70793000,1785329639999999,174102.00468540,1157,1.61824000,104042.39053260,0
1785329640000000,64288.00000000,64300.00000000,64280.05000000,64293.81000000,4.25957000,1785329699999999,273845.42655610,1643,2.19516000,141117.99533620,0
1785329700000000,64293.82000000,64304.14000000,64293.81000000,64304.14000000,3.09612000,1785329759999999,199075.52969560,793,2.12872000,136873.05548380,0
1785329760000000,64304.14000000,64319.52000000,64300.00000000,64319.51000000,6.39279000,1785329819999999,411116.41170570,1348,3.49739000,224917.97332300,0
1785329820000000,64319.52000000,64319.52000000,64260.00000000,64260.00000000,12.08259000,1785329879999999,776835.68915040,2796,2.64103000,169819.53928650,0
1785329880000000,64260.01000000,64269.90000000,64215.93000000,64269.89000000,20.27044000,1785329939999999,1302314.70939500,4321,9.46927000,608422.32515960,0
1785329940000000,64269.90000000,64283.54000000,64269.89000000,64276.81000000,4.52748000,1785329999999999,291024.18114100,1411,0.81228000,52208.67156190,0
1785330000000000,64276.82000000,64281.33000000,64260.00000000,64268.85000000,7.92594000,1785330059999999,509393.71592120,1857,1.95298000,125508.51249290,0
1785330060000000,64268.85000000,64268.86000000,64248.00000000,64254.83000000,2.76739000,1785330119999999,177827.24236480,1432,0.47610000,30591.15956670,0
1785330120000000,64254.84000000,64275.69000000,64254.83000000,64266.56000000,3.96606000,1785330179999999,254889.10427580,1595,2.04321000,131304.02247290,0
1785330180000000,64266.57000000,64266.57000000,64235.10000000,64240.01000000,9.69168000,1785330239999999,622596.04612500,1921,7.81588000,502082.75128840,0
1785330240000000,64240.00000000,64280.14000000,64240.00000000,64274.41000000,10.29351000,1785330299999999,661457.03105720,2187,8.17607000,525389.10867320,0
1785330300000000,64274.42000000,64274.42000000,64224.59000000,64248.00000000,13.70150000,1785330359999999,880295.58535770,2086,2.52501000,162199.81985550,0
1785330360000000,64248.00000000,64278.00000000,64248.00000000,64262.00000000,11.54517000,1785330419999999,741924.18090980,3089,6.39350000,410818.55685970,0
1785330420000000,64262.00000000,64280.00000000,64261.99000000,64280.00000000,5.62702000,1785330479999999,361660.99502790,1080,2.40649000,154666.12178180,0
1785330480000000,64279.99000000,64300.00000000,64270.39000000,64299.99000000,12.23081000,1785330539999999,786198.21786300,1845,2.40530000,154625.52925250,0
1785330540000000,64299.99000000,64300.00000000,64285.65000000,64289.98000000,4.07706000,1785330599999999,262113.28904160,1092,1.31230000,84363.69881880,0
1785330600000000,64289.98000000,64290.00000000,64273.39000000,64290.00000000,4.01968000,1785330659999999,258396.73358410,1605,1.37156000,88166.42879710,0
1785330660000000,64290.00000000,64312.10000000,64289.99000000,64309.50000000,11.80623000,1785330719999999,759131.92796070,1247,9.27196000,596188.56299940,0
1785330720000000,64309.50000000,64328.00000000,64309.50000000,64313.66000000,9.52455000,1785330779999999,612621.68279260,2207,4.00434000,257539.15509070,0
1785330780000000,64313.66000000,64313.67000000,64294.28000000,64309.92000000,8.35115000,1785330839999999,536987.53957810,1428,2.98765000,192128.02547580,0
1785330840000000,64309.91000000,64330.62000000,64309.91000000,64330.39000000,7.02317000,1785330899999999,451746.06441550,1311,4.52207000,290849.78918910,0
1785330900000000,64330.38000000,64334.00000000,64316.01000000,64316.01000000,3.91889000,1785330959999999,252091.06903010,1767,1.52664000,98205.36273220,0
1785330960000000,64316.02000000,64316.02000000,64272.70000000,64272.70000000,4.16547000,1785331019999999,267819.81905090,2179,0.20867000,13416.19114200,0
1785331020000000,64272.70000000,64272.71000000,64205.01000000,64208.01000000,12.23221000,1785331079999999,785640.43204160,3900,1.02322000,65706.45942040,0
1785331080000000,64208.00000000,64216.00000000,64193.76000000,64201.99000000,9.12688000,1785331139999999,585966.07872720,2367,5.04562000,323935.62555980,0
1785331140000000,64201.99000000,64215.70000000,64193.77000000,64215.69000000,3.57827000,1785331199999999,229727.31698320,1847,1.55348000,99738.09588930,0
1785331200000000,64215.69000000,64215.69000000,64180.21000000,64183.09000000,8.45258000,1785331259999999,542589.22475340,3358,3.65325000,234482.82033080,0
1785331260000000,64183.08000000,64230.00000000,64183.08000000,64229.99000000,4.28004000,1785331319999999,274820.65015170,2416,3.44584000,221251.97948030,0
1785331320000000,64229.99000000,64244.00000000,64218.00000000,64218.01000000,3.76362000,1785331379999999,241738.21399400,3155,1.14763000,73713.41934260,0
1785331380000000,64218.00000000,64218.00000000,64139.68000000,64177.81000000,17.37528000,1785331439999999,1114872.62753720,3496,6.03442000,387132.37318670,0
1785331440000000,64177.81000000,64213.11000000,64177.81000000,64213.11000000,6.31771000,1785331499999999,405569.54843500,1251,5.73753000,368317.57580500,0
1785331500000000,64213.10000000,64213.10000000,64155.99000000,64180.00000000,18.91970000,1785331559999999,1214402.42269420,3936,2.96783000,190432.52656620,0
1785331560000000,64179.99000000,64206.37000000,64178.93000000,64206.37000000,3.58400000,1785331619999999,230046.72851730,1273,3.35645000,215440.04227190,0
1785331620000000,64206.38000000,64222.75000000,64204.60000000,64213.24000000,8.25628000,1785331679999999,530162.40287240,2151,3.74867000,240722.53597230,0
1785331680000000,64213.68000000,64220.58000000,64213.68000000,64220.57000000,2.15642000,1785331739999999,138482.73359370,634,1.21236000,77855.36045000,0
1785331740000000,64220.57000000,64224.55000000,64205.38000000,64205.38000000,7.42520000,1785331799999999,476828.07365060,1871,2.21679000,142338.98417280,0
1785331800000000,64205.39000000,64237.15000000,64168.16000000,64232.43000000,18.24024000,1785331859999999,1171057.79200630,6742,11.50158000,738420.67223730,0
1785331860000000,64232.43000000,64274.00000000,64204.50000000,64270.01000000,23.38075000,1785331919999999,1501800.87768700,7326,15.06934000,967951.78548720,0
1785331920000000,64270.01000000,64385.49000000,64270.00000000,64364.01000000,22.90621000,1785331979999999,1473474.10881800,6655,14.92813000,960309.13590830,0
1785331980000000,64364.00000000,64370.00000000,64304.00000000,64310.01000000,16.88661000,1785332039999999,1086344.43556180,5959,6.21730000,400000.29708560,0
1785332040000000,64310.00000000,64352.54000000,64310.00000000,64345.99000000,17.43734000,1785332099999999,1121810.96054930,4654,10.37581000,667521.02009650,0
1785332100000000,64345.99000000,64380.00000000,64326.14000000,64347.66000000,12.88564000,1785332159999999,829128.01322290,5653,5.57978000,359035.08623300,0
1785332160000000,64347.65000000,64354.00000000,64300.04000000,64312.23000000,21.01475000,1785332219999999,1351817.23152950,6486,9.98947000,642629.87276070,0
1785332220000000,64312.22000000,64312.23000000,64247.55000000,64254.01000000,10.47755000,1785332279999999,673343.83826410,4899,3.07407000,197541.94880170,0
1785332280000000,64254.01000000,64278.00000000,64148.07000000,64177.99000000,21.51591000,1785332339999999,1381543.40467660,7253,5.55434000,356779.86067870,0
1785332340000000,64177.99000000,64352.00000000,64173.98000000,64352.00000000,25.14666000,1785332399999999,1615610.36246760,7577,16.76518000,1077257.99229860,0
1785332400000000,64351.99000000,64351.99000000,64253.98000000,64288.01000000,15.20393000,1785332459999999,977427.38713440,6272,8.52671000,548117.06972450,0
1785332460000000,64288.01000000,64324.00000000,64288.01000000,64324.00000000,8.77598000,1785332519999999,564404.96013920,4000,5.97814000,384473.20431460,0
1785332520000000,64324.00000000,64437.26000000,64324.00000000,64426.00000000,20.70489000,1785332579999999,1333429.69820790,6858,15.75653000,1014695.13375010,0
1785332580000000,64426.00000000,64436.00000000,64386.00000000,64436.00000000,8.28020000,1785332639999999,533365.86928890,4091,3.77763000,243336.02956080,0
1785332640000000,64436.00000000,64499.00000000,64435.99000000,64478.51000000,27.91527000,1785332699999999,1800066.60601690,5954,15.01306000,968008.56297710,0
1785332700000000,64478.51000000,64530.00000000,64470.00000000,64471.99000000,31.61651000,1785332759999999,2039295.93894480,5251,18.48023000,1192024.76223120,0
1785332760000000,64472.00000000,64502.00000000,64452.44000000,64468.55000000,15.59151000,1785332819999999,1005363.39466360,4492,10.07346000,649569.04012020,0
1785332820000000,64468.55000000,64511.99000000,64434.00000000,64489.17000000,18.72867000,1785332879999999,1207663.30515770,5720,10.12762000,652994.33745380,0
1785332880000000,64489.17000000,64551.99000000,64489.16000000,64551.99000000,12.54158000,1785332939999999,809224.91781910,4570,11.22098000,724020.11869120,0
1785332940000000,64552.00000000,64640.56000000,64552.00000000,64640.55000000,18.04174000,1785332999999999,1165483.13427230,6576,14.07759000,909406.72175040,0
1785333000000000,64640.55000000,64642.00000000,64567.44000000,64567.44000000,13.60825000,1785333059999999,879197.09335890,4183,3.59460000,232286.85853730,0
1785333060000000,64567.44000000,64598.88000000,64534.00000000,64588.12000000,19.61865000,1785333119999999,1266866.82133090,5278,8.77107000,566340.26355240,0
1785333120000000,64588.12000000,64598.00000000,64452.00000000,64454.00000000,21.39793000,1785333179999999,1380709.35924830,6722,6.96596000,449586.55016310,0
1785333180000000,64454.01000000,64488.00000000,64417.11000000,64487.99000000,12.11889000,1785333239999999,780992.93821830,5051,4.58156000,295301.34537420,0
1785333240000000,64488.00000000,64498.00000000,64426.91000000,64479.51000000,11.30295000,1785333299999999,728641.97780800,5209,4.29305000,276757.07688680,0
1785333300000000,64479.51000000,64479.51000000,64398.88000000,64398.88000000,12.25519000,1785333359999999,789662.70569260,4368,2.45096000,157951.63216110,0
1785333360000000,64398.89000000,64398.89000000,64328.00000000,64328.00000000,23.36161000,1785333419999999,1503474.85925870,6588,5.32293000,342577.69467440,0
1785333420000000,64328.00000000,64412.03000000,64316.11000000,64412.02000000,24.78480000,1785333479999999,1594969.04170320,5309,14.50511000,933549.00146930,0
1785333480000000,64412.03000000,64567.83000000,64412.03000000,64567.82000000,21.77447000,1785333539999999,1404209.21181010,5913,16.90778000,1090404.17788760,0
1785333540000000,64567.82000000,64667.18000000,64567.82000000,64664.70000000,31.95155000,1785333599999999,2064763.84405520,6864,27.23668000,1760140.46753290,0
1785333600000000,64664.69000000,64718.87000000,64585.20000000,64585.20000000,34.36603000,1785333659999999,2222417.85387690,8816,16.75372000,1083421.68698660,0
1785333660000000,64585.21000000,64642.00000000,64566.01000000,64578.19000000,18.34125000,1785333719999999,1184851.86699440,7144,10.42915000,673788.97339010,0
1785333720000000,64578.19000000,64600.00000000,64550.55000000,64563.75000000,9.91957000,1785333779999999,640588.72724750,6197,3.03661000,196099.74529150,0
1785333780000000,64563.74000000,64565.91000000,64519.65000000,64536.18000000,12.71732000,1785333839999999,820835.94191550,5130,4.59418000,296544.30741630,0
1785333840000000,64536.18000000,64602.00000000,64529.50000000,64587.99000000,10.75588000,1785333899999999,694505.05482660,4603,6.29366000,406387.72801810,0
1785333900000000,64587.99000000,64654.00000000,64570.45000000,64609.99000000,11.78073000,1785333959999999,761263.21171510,5511,5.55426000,358950.80689740,0
1785333960000000,64609.99000000,64641.23000000,64582.00000000,64582.00000000,9.64293000,1785334019999999,623046.80927860,4730,4.36037000,281715.37052960,0
1785334020000000,64582.00000000,64582.00000000,64480.00000000,64495.99000000,19.88353000,1785334079999999,1283062.25873630,6952,5.15008000,332270.46028890,0
1785334080000000,64495.99000000,64509.25000000,64456.00000000,64499.82000000,22.18974000,1785334139999999,1430758.42059640,5449,8.37848000,540247.37298000,0
1785334140000000,64499.83000000,64500.00000000,64478.00000000,64488.00000000,4.11541000,1785334199999999,265407.55582820,2736,1.63642000,105533.75339710,0
1785334200000000,64488.00000000,64488.00000000,64446.00000000,64446.00000000,6.34122000,1785334259999999,408746.16603370,3533,2.09240000,134872.76814620,0
1785334260000000,64446.01000000,64449.56000000,64424.00000000,64424.00000000,8.93195000,1785334319999999,575593.09102730,2875,2.08673000,134472.26597580,0
1785334320000000,64424.00000000,64424.00000000,64374.20000000,64374.20000000,7.61258000,1785334379999999,490257.64295390,3896,3.68993000,237638.99566030,0
1785334380000000,64374.21000000,64374.21000000,64250.08000000,64293.82000000,17.35624000,1785334439999999,1116110.37961020,8496,4.80085000,308655.15848950,0
1785334440000000,64293.83000000,64299.45000000,64240.90000000,64264.00000000,19.17277000,1785334499999999,1232241.02200590,4703,5.72217000,367749.97560540,0
1785334500000000,64264.00000000,64310.00000000,64261.00000000,64295.99000000,10.09495000,1785334559999999,648974.97915970,6769,5.33831000,343177.68478750,0
1785334560000000,64295.99000000,64350.00000000,64295.99000000,64350.00000000,6.76249000,1785334619999999,435007.18566280,3859,5.17791000,333076.45829820,0
1785334620000000,64350.00000000,64372.00000000,64292.26000000,64292.26000000,10.98611000,1785334679999999,706834.06713070,3639,5.98352000,385001.42052320,0
1785334680000000,64292.26000000,64337.78000000,64280.00000000,64302.00000000,9.90104000,1785334739999999,636737.71692390,4965,5.96157000,383386.09547170,0
1785334740000000,64302.00000000,64340.00000000,64286.00000000,64286.01000000,9.46064000,1785334799999999,608428.14369400,4495,3.47252000,223314.39228510,0
1785334800000000,64286.01000000,64360.00000000,64286.01000000,64350.01000000,11.23415000,1785334859999999,722698.60847410,4017,10.19162000,655626.45405290,0
1785334860000000,64350.00000000,64394.00000000,64337.13000000,64391.99000000,7.57411000,1785334919999999,487559.44352660,3830,5.61011000,361140.41968440,0
1785334920000000,64392.00000000,64402.00000000,64355.00000000,64355.01000000,10.50922000,1785334979999999,676699.98106360,3353,3.77125000,242847.28460470,0
1785334980000000,64355.00000000,64386.00000000,64323.71000000,64364.00000000,15.17214000,1785335039999999,976337.33264760,5041,11.06149000,711780.32690400,0
1785335040000000,64364.01000000,64368.00000000,64252.07000000,64294.00000000,21.64778000,1785335099999999,1391698.54829430,5375,4.26396000,274120.17354280,0
1785335100000000,64294.00000000,64299.53000000,64204.96000000,64212.94000000,13.53795000,1785335159999999,869782.29728890,5630,5.94827000,382205.23384460,0
1785335160000000,64212.94000000,64214.00000000,64121.00000000,64214.00000000,15.17674000,1785335219999999,973866.78874110,7065,6.90945000,443378.72091690,0
1785335220000000,64213.99000000,64214.00000000,64142.00000000,64163.48000000,7.56501000,1785335279999999,485462.27340000,4229,2.43176000,156034.52487060,0
1785335280000000,64163.49000000,64206.00000000,64132.00000000,64206.00000000,27.63262000,1785335339999999,1773446.05457150,4764,5.77223000,370394.40497840,0
1785335340000000,64206.00000000,64242.00000000,64198.95000000,64198.96000000,10.86600000,1785335399999999,697869.86542920,3818,6.09778000,391627.40504660,0
1785335400000000,64198.96000000,64254.00000000,64198.96000000,64254.00000000,13.72351000,1785335459999999,881284.04360300,3784,9.56132000,613969.33905320,0
1785335460000000,64254.00000000,64270.00000000,64216.05000000,64216.06000000,9.39683000,1785335519999999,603681.26091780,3686,3.90681000,250993.02500760,0
1785335520000000,64216.05000000,64262.00000000,64216.05000000,64260.54000000,5.46027000,1785335579999999,350768.92575670,3056,4.28704000,275397.22934540,0
1785335580000000,64260.55000000,64313.99000000,64260.54000000,64310.01000000,9.32453000,1785335639999999,599478.16108000,4009,6.02251000,387164.82962360,0
1785335640000000,64310.00000000,64310.00000000,64166.00000000,64166.00000000,15.69155000,1785335699999999,1007869.31819840,4737,1.80747000,116046.33214490,0
1785335700000000,64166.01000000,64188.00000000,64111.84000000,64184.25000000,17.43721000,1785335759999999,1118680.55852860,5542,9.38589000,602151.93224530,0
1785335760000000,64184.25000000,64204.00000000,64152.00000000,64168.00000000,10.88041000,1785335819999999,698222.98258620,4016,3.19015000,204710.51522090,0
1785335820000000,64168.00000000,64178.00000000,64152.00000000,64154.01000000,4.91991000,1785335879999999,315674.33858030,3168,2.04377000,131130.25530730,0
1785335880000000,64154.01000000,64174.00000000,64144.00000000,64173.99000000,26.59808000,1785335939999999,1706369.16954630,3573,21.33109000,1368487.77799450,0
1785335940000000,64174.00000000,64174.00000000,64114.35000000,64143.99000000,12.40866000,1785335999999999,795813.74272320,3605,5.01753000,321764.31457720,0
1785336000000000,64143.99000000,64154.00000000,64070.00000000,64116.00000000,18.64527000,1785336059999999,1195248.70448900,5585,4.54317000,291281.49105520,0
1785336060000000,64115.99000000,64184.00000000,64115.99000000,64138.86000000,13.52007000,1785336119999999,867392.17914510,4489,8.06373000,517345.20901580,0
1785336120000000,64138.86000000,64138.86000000,64100.83000000,64100.84000000,10.62124000,1785336179999999,681019.16256220,5190,2.90121000,186020.14811260,0
1785336180000000,64100.83000000,64100.83000000,64049.55000000,64078.01000000,12.73354000,1785336239999999,815844.46802190,5046,3.35431000,214925.09505110,0
1785336240000000,64078.00000000,64100.83000000,64058.00000000,64099.99000000,15.83312000,1785336299999999,1014541.44623510,3698,4.15555000,266271.45072080,0
1785336300000000,64099.99000000,64110.00000000,64073.26000000,64108.05000000,13.85154000,1785336359999999,887720.15524580,3945,8.09262000,518670.00589000,0
1785336360000000,64108.06000000,64120.00000000,64047.71000000,64119.99000000,14.79376000,1785336419999999,947905.14120610,4822,4.01050000,257023.23691340,0
1785336420000000,64119.99000000,64176.00000000,64118.00000000,64155.99000000,13.56569000,1785336479999999,870371.14990940,4524,8.37279000,537178.74965670,0
1785336480000000,64155.99000000,64155.99000000,64066.73000000,64083.99000000,9.56361000,1785336539999999,612984.81933640,4917,2.77853000,178046.50665290,0
1785336540000000,64084.00000000,64142.00000000,64084.00000000,64141.99000000,2.87805000,1785336599999999,184536.36911370,2973,2.16690000,138933.92455170,0
1785336600000000,64142.00000000,64179.99000000,64119.76000000,64170.00000000,12.61566000,1785336659999999,809158.86500220,5333,5.11273000,327956.01849060,0
1785336660000000,64170.00000000,64176.01000000,64118.00000000,64123.14000000,7.22791000,1785336719999999,463581.42585130,3619,1.58638000,101744.66816200,0
1785336720000000,64123.14000000,64220.43000000,64123.13000000,64220.42000000,10.33104000,1785336779999999,663012.26588150,4890,7.95622000,510631.63514850,0
1785336780000000,64220.43000000,64259.98000000,64210.00000000,64216.00000000,10.22122000,1785336839999999,656515.97970070,4036,4.85078000,311584.49008610,0
1785336840000000,64216.01000000,64252.00000000,64216.00000000,64249.70000000,12.22785000,1785336899999999,785472.68667780,3450,9.97081000,640473.81346700,0
1785336900000000,64249.71000000,64254.06000000,64182.00000000,64182.01000000,4.45558000,1785336959999999,286180.12129220,2725,0.95393000,61277.71666810,0
1785336960000000,64182.00000000,64182.00000000,64136.14000000,64139.99000000,3.57706000,1785337019999999,229484.65002530,2679,1.13429000,72765.74175390,0
1785337020000000,64139.99000000,64172.00000000,64135.00000000,64135.01000000,3.23980000,1785337079999999,207856.55059330,2315,1.38351000,88759.41246460,0
1785337080000000,64135.01000000,64156.00000000,64122.00000000,64122.01000000,6.52183000,1785337139999999,418284.33656880,3507,3.41464000,218998.28360330,0
1785337140000000,64122.00000000,64152.00000000,64108.00000000,64108.01000000,12.99415000,1785337199999999,833334.59272120,2756,1.86358000,119519.97247200,0
1785337200000000,64108.01000000,64132.00000000,64062.00000000,64080.00000000,15.00508000,1785337259999999,961845.73850290,5060,8.19107000,525038.42740960,0
1785337260000000,64080.00000000,64132.00000000,64077.79000000,64132.00000000,14.93815000,1785337319999999,957465.02535390,2943,6.47278000,414896.60232260,0
1785337320000000,64131.99000000,64160.00000000,64126.01000000,64141.39000000,9.09297000,1785337379999999,583259.92960960,3827,7.23603000,464152.72783680,0
1785337380000000,64141.39000000,64184.00000000,64132.51000000,64165.99000000,4.20689000,1785337439999999,269913.13876430,2858,2.45131000,157269.14324290,0
1785337440000000,64166.00000000,64166.00000000,64140.00000000,64140.01000000,4.61274000,1785337499999999,295915.88501170,2298,2.32156000,148929.02792880,0
1785337500000000,64140.00000000,64140.01000000,64094.00000000,64115.99000000,5.85144000,1785337559999999,375139.00131430,3306,3.04710000,195354.22059630,0
1785337560000000,64116.00000000,64162.00000000,64106.04000000,64106.05000000,8.58249000,1785337619999999,550400.08438380,3721,4.72133000,302770.99164690,0
1785337620000000,64106.04000000,64152.00000000,64102.10000000,64151.99000000,7.52640000,1785337679999999,482701.24070750,3400,4.54027000,291192.16631160,0
1785337680000000,64152.00000000,64180.00000000,64150.00000000,64150.88000000,6.42272000,1785337739999999,412102.98981950,3331,3.14532000,201800.77817090,0
1785337740000000,64150.88000000,64184.00000000,64123.49000000,64184.00000000,12.04066000,1785337799999999,772335.17003220,3221,9.08145000,582540.64012680,0
1785337800000000,64184.00000000,64193.36000000,64164.95000000,64164.95000000,17.91407000,1785337859999999,1149710.88344760,4023,9.24783000,593513.26543400,0
1785337860000000,64164.95000000,64164.95000000,64088.00000000,64137.98000000,9.77902000,1785337919999999,627037.75416750,4928,2.49776000,160152.01707960,0
1785337920000000,64137.99000000,64179.26000000,64137.99000000,64179.03000000,4.79004000,1785337979999999,307327.19670040,2963,3.03961000,195008.87024570,0
1785337980000000,64179.04000000,64195.00000000,64143.28000000,64148.00000000,6.84986000,1785338039999999,439546.52768120,3769,2.02536000,129959.84232200,0
1785338040000000,64148.01000000,64161.15000000,64122.86000000,64136.00000000,7.74464000,1785338099999999,496749.19956910,3099,3.30157000,211771.55971110,0
1785338100000000,64135.99000000,64138.00000000,64104.00000000,64122.00000000,6.11528000,1785338159999999,392123.12511040,3762,2.84632000,182507.10250100,0
1785338160000000,64122.00000000,64158.00000000,64121.99000000,64151.67000000,4.91654000,1785338219999999,315352.24004210,1834,3.22779000,207021.58887000,0
1785338220000000,64151.67000000,64151.67000000,64094.58000000,64109.61000000,33.39952000,1785338279999999,2141245.69150680,3542,2.07193000,132836.73253400,0
1785338280000000,64109.62000000,64132.00000000,64054.78000000,64054.79000000,13.37970000,1785338339999999,857542.83475970,5796,2.74237000,175816.60160040,0
1785338340000000,64054.79000000,64054.79000000,63961.96000000,63976.26000000,40.31997000,1785338399999999,2580610.23035590,7291,5.19821000,332670.38695410,0
1785338400000000,63976.25000000,64020.00000000,63975.14000000,64004.97000000,18.45065000,1785338459999999,1180817.44135330,3034,15.37327000,983888.74675220,0
1785338460000000,64004.97000000,64017.79000000,63988.00000000,64017.79000000,17.26624000,1785338519999999,1105135.51625370,3348,11.30296000,723464.03082980,0
1785338520000000,64017.78000000,64095.03000000,64017.78000000,64094.94000000,11.95360000,1785338579999999,765656.06672560,3007,10.51342000,673390.34566970,0
1785338580000000,64094.94000000,64118.00000000,64076.00000000,64094.61000000,9.99533000,1785338639999999,640623.95170420,4139,4.14067000,265380.45931650,0
1785338640000000,64094.60000000,64104.00000000,64033.08000000,64033.09000000,8.93776000,1785338699999999,572679.39649940,3737,1.72398000,110448.04358340,0
1785338700000000,64033.08000000,64043.74000000,63978.65000000,64040.01000000,18.39693000,1785338759999999,1177400.09831030,3973,10.38487000,664637.30993180,0
1785338760000000,64040.00000000,64066.00000000,64010.00000000,64013.27000000,8.15894000,1785338819999999,522482.67574610,3620,4.22409000,270547.62575200,0
1785338820000000,64013.26000000,64088.00000000,64013.26000000,64084.00000000,5.45503000,1785338879999999,349455.37115170,2872,4.32658000,277157.06224420,0
1785338880000000,64084.01000000,64085.89000000,64062.58000000,64073.99000000,10.54547000,1785338939999999,675681.53417360,3521,5.13635000,329102.23338960,0
1785338940000000,64073.99000000,64093.49000000,64073.99000000,64093.49000000,3.43905000,1785338999999999,220399.07458230,1130,2.45635000,157419.40870950,0
1785339000000000,64093.49000000,64095.00000000,64056.00000000,64090.01000000,8.04521000,1785339059999999,515550.18507620,3702,2.94189000,188514.40561910,0
1785339060000000,64090.00000000,64090.01000000,64041.11000000,64060.81000000,5.98918000,1785339119999999,383649.09154930,3621,1.94115000,124335.21807330,0
1785339120000000,64060.80000000,64079.99000000,64050.02000000,64052.35000000,5.15963000,1785339179999999,330557.87486360,2382,1.16090000,74371.75499570,0
1785339180000000,64052.35000000,64118.00000000,64043.99000000,64086.05000000,42.06568000,1785339239999999,2696100.77579050,3486,37.27065000,2388855.10571130,0
1785339240000000,64086.05000000,64116.00000000,64054.00000000,64060.73000000,10.57919000,1785339299999999,677978.33880130,3629,4.60855000,295387.05873870,0
1785339300000000,64060.72000000,64120.93000000,64058.00000000,64108.16000000,8.23900000,1785339359999999,528065.31745720,3261,4.61067000,295493.28387580,0
1785339360000000,64108.17000000,64144.00000000,64102.00000000,64143.76000000,15.41351000,1785339419999999,988424.70440430,2705,10.15686000,651293.31388720,0
1785339420000000,64143.77000000,64178.39000000,64130.66000000,64130.66000000,13.99771000,1785339479999999,897955.07552270,5032,4.04068000,259227.06884060,0
1785339480000000,64130.66000000,64130.66000000,64060.00000000,64060.01000000,13.36580000,1785339539999999,856691.47309390,3969,1.72778000,110716.29161780,0
1785339540000000,64060.01000000,64060.01000000,63971.78000000,63979.99000000,20.50003000,1785339599999999,1311976.40592850,3624,5.73053000,366664.07087140,0
1785339600000000,63979.99000000,64009.79000000,63978.00000000,64009.78000000,12.14164000,1785339659999999,776955.39333920,3223,4.16774000,266703.38135210,0
1785339660000000,64009.79000000,64046.78000000,64009.78000000,64039.49000000,10.41289000,1785339719999999,666719.62341310,2993,7.23791000,463414.57940210,0
1785339720000000,64039.50000000,64039.50000000,64008.94000000,64008.94000000,5.45961000,1785339779999999,349539.46669260,1795,0.63325000,40541.01927680,0
1785339780000000,64008.94000000,64008.94000000,63978.61000000,63978.61000000,12.30760000,1785339839999999,787645.13389550,3309,4.48921000,287304.11004950,0
1785339840000000,63978.62000000,63998.80000000,63974.00000000,63986.01000000,11.30509000,1785339899999999,723344.37383690,2583,5.11458000,327240.71540510,0
1785339900000000,63986.00000000,63986.00000000,63950.01000000,63959.13000000,13.12165000,1785339959999999,839353.93280550,2655,5.86030000,374848.04465110,0
1785339960000000,63959.12000000,64000.50000000,63959.12000000,63986.00000000,23.37811000,1785340019999999,1495832.05151260,3584,5.44347000,348268.97652580,0
1785340020000000,63986.01000000,63996.79000000,63971.99000000,63996.79000000,9.24372000,1785340079999999,591452.78712820,2942,5.12901000,328178.25971780,0
1785340080000000,63996.78000000,64038.00000000,63996.78000000,64002.55000000,9.10203000,1785340139999999,582686.54542300,3777,4.36868000,279668.44571170,0
1785340140000000,64002.55000000,64039.50000000,63998.00000000,64039.49000000,5.45989000,1785340199999999,349503.39279230,2107,4.79738000,307098.41695870,0
1785340200000000,64039.50000000,64048.19000000,64010.00000000,64014.54000000,11.13165000,1785340259999999,712768.36341040,3272,3.94518000,252595.82863880,0
1785340260000000,64014.53000000,64030.00000000,64005.00000000,64030.00000000,9.27909000,1785340319999999,594014.75236460,3045,6.20107000,396972.54228480,0
1785340320000000,64030.00000000,64044.56000000,64005.00000000,64019.99000000,7.64978000,1785340379999999,489787.22604370,3187,2.88698000,184841.07895610,0
1785340380000000,64019.99000000,64020.00000000,63950.46000000,63973.99000000,19.43802000,1785340439999999,1243842.71332630,3442,2.88963000,184836.91887310,0
1785340440000000,63974.00000000,63974.00000000,63944.13000000,63958.01000000,7.31945000,1785340499999999,468124.22267800,1989,4.86966000,311446.47897890,0
1785340500000000,63958.00000000,63958.01000000,63886.00000000,63940.98000000,30.31206000,1785340559999999,1937453.66850700,5374,12.87382000,822843.26460910,0
1785340560000000,63940.98000000,63945.99000000,63926.00000000,63933.54000000,13.32618000,1785340619999999,852008.01836670,2655,4.61135000,294829.43540140,0
1785340620000000,63933.53000000,63948.00000000,63912.00000000,63929.99000000,9.71746000,1785340679999999,621240.02933160,3198,5.39490000,344882.35728430,0
1785340680000000,63929.99000000,63940.00000000,63920.00000000,63939.99000000,8.20232000,1785340739999999,524405.25596930,2305,5.41999000,346519.72158180,0
1785340740000000,63940.00000000,63990.00000000,63939.99000000,63964.01000000,9.95348000,1785340799999999,636674.92012390,3076,5.14080000,328803.89297520,0
1785340800000000,63964.01000000,63994.59000000,63964.01000000,63988.01000000,9.27833000,1785340859999999,593601.11429610,3366,5.04513000,322758.23141400,0
1785340860000000,63988.01000000,63988.01000000,63920.21000000,63951.64000000,15.63010000,1785340919999999,999426.93274030,3628,9.34250000,597296.29718110,0
1785340920000000,63951.63000000,63951.64000000,63910.00000000,63945.23000000,14.80022000,1785340979999999,946253.93359560,2263,4.23440000,270700.55394990,0
1785340980000000,63945.22000000,63945.23000000,63930.00000000,63930.01000000,5.11109000,1785341039999999,326795.68912060,2387,1.99188000,127352.52104260,0
1785341040000000,63930.00000000,63930.01000000,63900.00000000,63920.00000000,6.68306000,1785341099999999,427129.35332230,2060,2.00084000,127874.99956300,0
1785341100000000,63920.00000000,63949.36000000,63900.83000000,63949.32000000,29.99563000,1785341159999999,1917278.76639840,3604,28.11105000,1796804.49623240,0
1785341160000000,63949.33000000,63974.48000000,63915.82000000,63952.00000000,15.24008000,1785341219999999,974512.20433550,4082,8.59202000,549425.03844190,0
1785341220000000,63951.99000000,63976.53000000,63951.99000000,63976.53000000,5.34353000,1785341279999999,341791.32149430,2247,3.67002000,234745.13456420,0
1785341280000000,63976.53000000,63980.99000000,63956.00000000,63980.99000000,8.46460000,1785341339999999,541502.61070230,2682,2.78286000,178011.55036390,0
1785341340000000,63980.98000000,63983.43000000,63963.00000000,63983.43000000,5.79764000,1785341399999999,370897.25557940,2797,3.68403000,235678.14319200,0
1785341400000000,63983.44000000,63999.70000000,63972.21000000,63996.00000000,9.06818000,1785341459999999,580248.71580770,3458,5.32912000,340995.14759400,0
1785341460000000,63995.99000000,64006.00000000,63957.24000000,63967.99000000,9.29000000,1785341519999999,594437.32087510,2759,4.09494000,262031.49708640,0
1785341520000000,63968.00000000,63982.00000000,63957.23000000,63975.43000000,5.73060000,1785341579999999,366595.99631980,3277,3.83901000,245581.64101560,0
1785341580000000,63975.43000000,63982.00000000,63970.31000000,63974.29000000,2.96171000,1785341639999999,189473.51287420,1413,1.88487000,120581.97441320,0
1785341640000000,63974.28000000,63974.29000000,63949.62000000,63949.62000000,5.87449000,1785341699999999,375760.87546550,2321,1.86617000,119369.33365870,0
1785341700000000,63949.62000000,63990.00000000,63937.30000000,63989.99000000,5.26272000,1785341759999999,336614.56764390,3177,4.13292000,264358.64040260,0
1785341760000000,63989.99000000,63992.38000000,63962.00000000,63962.00000000,3.72278000,1785341819999999,238195.26542840,2206,1.47286000,94238.68191180,0
1785341820000000,63962.00000000,63962.01000000,63942.53000000,63954.56000000,10.67757000,1785341879999999,682844.95990930,2114,4.79394000,306577.85756340,0
1785341880000000,63954.55000000,63954.55000000,63925.00000000,63936.23000000,14.59688000,1785341939999999,933249.23389880,2574,9.83048000,628488.09861670,0
1785341940000000,63936.22000000,63968.00000000,63936.22000000,63966.01000000,16.14258000,1785341999999999,1032359.35766530,2936,12.77922000,817259.86347040,0
1785342000000000,63966.01000000,63970.00000000,63930.48000000,63969.99000000,5.96359000,1785342059999999,381357.22662570,3164,2.72651000,174350.79016050,0
1785342060000000,63970.00000000,63995.48000000,63970.00000000,63995.48000000,2.61819000,1785342119999999,167534.34851100,1215,1.75962000,112591.71664930,0
1785342120000000,63995.48000000,64093.06000000,63995.47000000,64092.84000000,26.34086000,1785342179999999,1687391.20740840,3881,23.90048000,1531034.75653960,0
1785342180000000,64092.83000000,64146.53000000,64072.01000000,64082.59000000,27.77770000,1785342239999999,1780927.44920390,6642,16.87344000,1081826.21491010,0
1785342240000000,64082.58000000,64097.63000000,64068.00000000,64089.99000000,4.94082000,1785342299999999,316612.89183510,2973,3.20361000,205284.92406090,0
1785342300000000,64090.00000000,64129.74000000,64072.00000000,64072.01000000,8.66211000,1785342359999999,555255.89390100,3301,4.35848000,279418.34123920,0
1785342360000000,64072.00000000,64088.00000000,64066.08000000,64087.99000000,12.18386000,1785342419999999,780750.78431910,2636,3.45902000,221651.51439920,0
1785342420000000,64087.99000000,64090.00000000,64050.00000000,64050.00000000,5.90224000,1785342479999999,378223.15396750,1845,4.17596000,267613.85199240,0
1785342480000000,64050.00000000,64050.18000000,64030.00000000,64038.13000000,4.13358000,1785342539999999,264712.97586650,2010,2.99478000,191783.19062260,0
1785342540000000,64038.12000000,64050.00000000,64026.01000000,64026.01000000,5.12716000,1785342599999999,328351.00382470,1917,1.69607000,108621.41173530,0
1785342600000000,64026.00000000,64078.00000000,64020.30000000,64048.01000000,10.35683000,1785342659999999,663360.51760870,3363,6.92325000,443414.34520430,0
1785342660000000,64048.01000000,64048.01000000,63994.00000000,63994.01000000,2.84477000,1785342719999999,182119.93727160,2103,1.58982000,101777.77978800,0
1785342720000000,63994.01000000,63998.58000000,63932.44000000,63943.99000000,7.54430000,1785342779999999,482508.67707130,2520,2.29788000,146951.18738630,0
1785342780000000,63943.99000000,63996.79000000,63943.99000000,63994.00000000,5.15108000,1785342839999999,329563.37734000,2319,3.61490000,231263.80466370,0
1785342840000000,63994.01000000,63998.00000000,63922.25000000,63922.25000000,7.21388000,1785342899999999,461438.22325860,2838,2.63446000,168502.75545940,0
1785342900000000,63922.25000000,63945.55000000,63910.23000000,63910.23000000,6.23855000,1785342959999999,398834.13190290,2002,3.00694000,192229.62376870,0
1785342960000000,63910.24000000,63910.24000000,63850.00000000,63882.00000000,14.79293000,1785343019999999,944898.95179860,3944,5.17693000,330656.35139380,0
1785343020000000,63882.00000000,63882.01000000,63848.00000000,63850.00000000,7.79047000,1785343079999999,497464.74694500,2221,3.26938000,208758.28555900,0
1785343080000000,63850.01000000,63894.00000000,63849.02000000,63882.01000000,8.58089000,1785343139999999,547999.61866320,2452,5.44632000,347817.95329050,0
1785343140000000,63882.01000000,63900.00000000,63882.00000000,63884.28000000,5.56731000,1785343199999999,355698.60430580,1944,3.30931000,211431.93817850,0
1785343200000000,63884.28000000,63907.74000000,63870.00000000,63899.99000000,7.09729000,1785343259999999,453456.42565880,3346,4.47628000,285993.58839780,0
1785343260000000,63899.99000000,63902.00000000,63838.36000000,63838.37000000,8.39625000,1785343319999999,536235.09834980,2779,1.95662000,124978.60381270,0
1785343320000000,63838.37000000,63844.00000000,63800.02000000,63802.58000000,35.42133000,1785343379999999,2260237.40565390,4307,5.38831000,343863.66851890,0
1785343380000000,63802.58000000,63802.58000000,63680.50000000,63680.51000000,54.73241000,1785343439999999,3487677.54226070,7557,18.45589000,1175939.70672640,0
1785343440000000,63680.50000000,63695.10000000,63624.15000000,63695.10000000,26.09293000,1785343499999999,1660900.40705010,6515,9.24951000,588765.63760210,0
1785343500000000,63695.09000000,63695.10000000,63654.94000000,63677.91000000,8.42333000,1785343559999999,536314.00695760,4151,3.51539000,223825.83570350,0
1785343560000000,63677.91000000,63721.71000000,63656.22000000,63721.71000000,10.73651000,1785343619999999,683761.99454130,2719,8.85574000,564011.32738190,0
1785343620000000,63721.70000000,63780.70000000,63721.70000000,63780.00000000,7.60421000,1785343679999999,484868.42131740,3514,5.44814000,347372.20627960,0
1785343680000000,63780.00000000,63802.00000000,63720.00000000,63724.85000000,23.84309000,1785343739999999,1520712.15415120,5325,7.47615000,476797.80386340,0
1785343740000000,63724.85000000,63731.99000000,63678.48000000,63692.73000000,25.05486000,1785343799999999,1596051.17140680,3565,13.54468000,862694.84941060,0
1785343800000000,63692.73000000,63726.86000000,63692.73000000,63726.86000000,22.17652000,1785343859999999,1412762.82888200,3014,18.52162000,1179934.70371990,0
1785343860000000,63726.86000000,63738.00000000,63702.56000000,63702.57000000,9.03765000,1785343919999999,575930.65127800,2049,6.37244000,406108.50529300,0
1785343920000000,63702.57000000,63746.00000000,63687.41000000,63746.00000000,17.82128000,1785343979999999,1135403.00287640,3221,14.74064000,939147.65791360,0
1785343980000000,63746.00000000,63774.12000000,63746.00000000,63750.00000000,16.57954000,1785344039999999,1057082.45636690,3984,8.92861000,569268.89088820,0
1785344040000000,63749.99000000,63766.62000000,63720.21000000,63766.57000000,26.65469000,1785344099999999,1699124.47763730,3406,16.12608000,1027966.40811930,0
1785344100000000,63766.57000000,63812.00000000,63749.17000000,63794.57000000,23.65243000,1785344159999999,1508671.65551800,3265,16.19844000,1033121.94392620,0
1785344160000000,63794.56000000,63814.00000000,63776.40000000,63814.00000000,10.63166000,1785344219999999,678215.61966440,2701,7.94628000,506912.72338950,0
1785344220000000,63814.00000000,63834.00000000,63814.00000000,63816.00000000,13.12004000,1785344279999999,837357.38729200,2639,9.12548000,582390.34434490,0
1785344280000000,63816.00000000,63816.01000000,63769.62000000,63794.45000000,22.36389000,1785344339999999,1426559.36242020,2176,7.22647000,460966.14897570,0
1785344340000000,63794.46000000,63816.00000000,63794.46000000,63808.33000000,9.18586000,1785344399999999,586141.77023190,1941,6.98562000,445741.09651470,0
1785344400000000,63808.33000000,63823.39000000,63797.95000000,63817.68000000,13.90604000,1785344459999999,887304.94605480,3324,9.37066000,597926.78315850,0
1785344460000000,63817.67000000,63854.98000000,63812.33000000,63828.01000000,12.32220000,1785344519999999,786530.03856750,3559,10.25417000,654522.47453550,0
1785344520000000,63828.02000000,63836.00000000,63802.50000000,63802.50000000,7.69739000,1785344579999999,491255.06858230,2326,5.30962000,338866.34434000,0
1785344580000000,63802.01000000,63841.58000000,63792.00000000,63841.57000000,12.57164000,1785344639999999,802152.00304550,2799,10.82110000,690459.95225920,0
1785344640000000,63841.58000000,63852.25000000,63765.66000000,63785.79000000,13.58580000,1785344699999999,866762.43698010,3534,6.16465000,393266.21425220,0
1785344700000000,63785.80000000,63798.00000000,63709.19000000,63709.20000000,11.57046000,1785344759999999,737835.53651470,3558,4.06417000,259165.87076040,0
1785344760000000,63709.20000000,63736.29000000,63709.20000000,63736.29000000,6.42850000,1785344819999999,409650.62522750,2179,5.85020000,372797.46634230,0
1785344820000000,63736.29000000,63746.00000000,63730.00000000,63732.86000000,6.37466000,1785344879999999,406294.27008430,1920,4.60041000,293202.96142450,0
1785344880000000,63732.86000000,63782.00000000,63728.00000000,63781.99000000,5.65145000,1785344939999999,360322.62241940,2007,5.35272000,341277.91495900,0
1785344940000000,63781.99000000,63796.99000000,63730.00000000,63758.25000000,14.40323000,1785344999999999,918362.18801740,3862,5.87792000,374760.16557680,0
1785345000000000,63758.25000000,63873.54000000,63758.24000000,63844.00000000,8.77329000,1785345059999999,559911.76664400,3798,7.37284000,470497.26261070,0
1785345060000000,63844.00000000,63873.55000000,63828.00000000,63828.01000000,4.39709000,1785345119999999,280764.52618280,2667,2.56716000,163924.54125060,0
1785345120000000,63828.00000000,63850.00000000,63804.84000000,63849.99000000,6.17454000,1785345179999999,394077.10491030,2546,4.48690000,286372.03263080,0
1785345180000000,63849.99000000,63870.00000000,63828.91000000,63828.92000000,5.91731000,1785345239999999,377820.92307550,2752,2.88217000,184036.84960550,0
1785345240000000,63828.91000000,63873.55000000,63828.00000000,63873.54000000,3.14594000,1785345299999999,200864.19890380,1831,2.64828000,169091.05283200,0
1785345300000000,63873.55000000,63873.55000000,63814.00000000,63814.01000000,7.22926000,1785345359999999,461559.25814140,2652,2.02532000,129312.51900100,0
1785345360000000,63814.00000000,63837.81000000,63814.00000000,63816.48000000,4.08429000,1785345419999999,260685.36475310,1769,2.96938000,189525.31456210,0
1785345420000000,63816.47000000,63818.00000000,63770.00000000,63779.75000000,6.02735000,1785345479999999,384495.12533440,2572,2.85183000,181923.51842610,0
1785345480000000,63779.74000000,63793.96000000,63774.00000000,63781.67000000,4.69759000,1785345539999999,299628.36579930,1546,2.74661000,175181.51790880,0
1785345540000000,63781.67000000,63796.56000000,63776.76000000,63788.01000000,6.16017000,1785345599999999,392935.17272550,1410,4.20681000,268335.77783670,0
1785345600000000,63788.00000000,63812.00000000,63788.00000000,63809.99000000,4.60458000,1785345659999999,293783.36795530,1454,4.11493000,262540.79633870,0
1785345660000000,63809.99000000,63830.00000000,63807.43000000,63829.99000000,4.68841000,1785345719999999,299195.95111690,1665,3.91841000,250059.11960270,0
1785345720000000,63830.00000000,63833.09000000,63805.40000000,63805.42000000,2.96019000,1785345779999999,188903.21610650,1727,1.16922000,74607.92697840,0
1785345780000000,63805.41000000,63840.68000000,63805.41000000,63840.67000000,9.17378000,1785345839999999,585499.52139910,2447,3.97351000,253601.00256570,0
1785345840000000,63840.68000000,63840.68000000,63790.00000000,63809.83000000,4.84753000,1785345899999999,309320.21734720,2631,2.43029000,155056.79541250,0
1785345900000000,63809.82000000,63809.83000000,63780.77000000,63790.02000000,19.16658000,1785345959999999,1222683.74917030,2627,14.41781000,919712.84352300,0
1785345960000000,63790.01000000,63816.32000000,63782.00000000,63816.32000000,8.80411000,1785346019999999,561702.93202750,3226,7.93754000,506415.40155590,0
1785346020000000,63816.32000000,63825.61000000,63782.45000000,63782.45000000,4.53068000,1785346079999999,289076.00630110,1657,1.24886000,79693.03566460,0
1785346080000000,63782.46000000,63782.46000000,63756.01000000,63779.75000000,7.66853000,1785346139999999,488998.55125740,1803,4.09529000,261145.45876380,0
1785346140000000,63779.75000000,63779.75000000,63750.00000000,63756.17000000,4.94865000,1785346199999999,315529.71143410,2093,2.18064000,139030.18086720,0
1785346200000000,63756.17000000,63756.18000000,63731.01000000,63731.01000000,4.94799000,1785346259999999,315424.32683680,1232,2.92351000,186377.28027540,0
1785346260000000,63731.02000000,63787.42000000,63731.01000000,63787.42000000,7.97571000,1785346319999999,508456.18134020,2529,6.45948000,411816.31654240,0
1785346320000000,63787.42000000,63822.00000000,63787.41000000,63821.99000000,4.23836000,1785346379999999,270419.74145520,1878,3.26938000,208589.51105390,0
1785346380000000,63821.99000000,63873.55000000,63821.99000000,63873.55000000,4.96431000,1785346439999999,316952.20030590,2329,4.65801000,297396.14754910,0
1785346440000000,63873.55000000,63895.92000000,63865.69000000,63869.99000000,6.71996000,1785346499999999,429284.45631720,2392,4.30199000,274813.04817140,0
1785346500000000,63869.99000000,63890.18000000,63828.00000000,63828.01000000,6.65142000,1785346559999999,424805.63300980,3273,3.64612000,232885.23842030,0
1785346560000000,63828.00000000,63834.00000000,63822.51000000,63822.52000000,5.60611000,1785346619999999,357827.64565080,1518,3.63188000,231811.96787450,0
1785346620000000,63822.52000000,63860.00000000,63822.00000000,63859.99000000,5.56992000,1785346679999999,355598.47247860,2328,4.33620000,276820.25860730,0
1785346680000000,63859.99000000,63860.00000000,63820.00000000,63829.98000000,5.03133000,1785346739999999,321179.68721620,2179,1.71493000,109458.37450670,0
1785346740000000,63829.98000000,63854.00000000,63829.97000000,63852.33000000,3.79148000,1785346799999999,242079.40126770,1330,2.72124000,173745.22595220,0
1785346800000000,63852.34000000,63886.00000000,63852.33000000,63886.00000000,5.72262000,1785346859999999,365520.19520200,1433,3.81610000,243752.03153960,0
1785346860000000,63885.99000000,63911.35000000,63885.99000000,63902.32000000,4.57971000,1785346919999999,292643.75709600,1916,3.34724000,213882.47290910,0
1785346920000000,63902.33000000,63946.00000000,63902.33000000,63933.58000000,12.94128000,1785346979999999,827215.49734080,2859,8.42765000,538679.48375490,0
1785346980000000,63933.57000000,63972.00000000,63932.00000000,63972.00000000,7.10857000,1785347039999999,454616.86665950,2412,6.02719000,385459.84323370,0
1785347040000000,63971.99000000,63978.44000000,63962.00000000,63966.53000000,17.67046000,1785347099999999,1130448.76048250,2263,11.37999000,728032.29278030,0
1785347100000000,63966.54000000,63970.26000000,63934.00000000,63934.01000000,3.03408000,1785347159999999,194058.11286600,1815,1.03369000,66117.73644430,0
1785347160000000,63934.01000000,63985.63000000,63934.00000000,63985.62000000,10.40060000,1785347219999999,665290.11018540,2801,8.13464000,520366.78831060,0
1785347220000000,63985.62000000,63987.74000000,63964.00000000,63970.02000000,3.07687000,1785347279999999,196850.12538420,1573,0.77070000,49304.92104050,0
1785347280000000,63970.01000000,63986.00000000,63970.01000000,63976.88000000,10.58771000,1785347339999999,677371.80802430,2275,8.07123000,516365.49901490,0
1785347340000000,63976.87000000,63992.90000000,63976.87000000,63992.90000000,2.95536000,1785347399999999,189090.17514790,1137,1.33585000,85475.44371850,0
1785347400000000,63992.90000000,64078.23000000,63992.90000000,64054.26000000,16.14570000,1785347459999999,1033907.99691610,5357,11.21381000,718096.50164190,0
1785347460000000,64054.26000000,64066.00000000,64040.50000000,64058.18000000,5.08505000,1785347519999999,325712.04984510,1804,2.50424000,160398.84524380,0
1785347520000000,64058.18000000,64078.23000000,64047.03000000,64060.60000000,8.66881000,1785347579999999,555396.53556170,2764,5.35047000,342786.64781860,0
1785347580000000,64060.61000000,64145.89000000,64060.61000000,64145.88000000,15.44756000,1785347639999999,990348.23519690,3510,14.65000000,939220.71050580,0
1785347640000000,64145.89000000,64240.90000000,64115.21000000,64194.08000000,29.78254000,1785347699999999,1911302.95042130,7699,19.91954000,1278330.04460280,0
1785347700000000,64194.07000000,64200.00000000,64178.00000000,64178.00000000,6.86496000,1785347759999999,440660.31405030,1833,2.80960000,180335.29605720,0
1785347760000000,64178.00000000,64200.00000000,64178.00000000,64200.00000000,8.14780000,1785347819999999,523014.03934510,1493,4.55191000,292200.20799760,0
1785347820000000,64200.00000000,64210.00000000,64188.74000000,64188.75000000,9.37190000,1785347879999999,601714.07805220,1324,4.49883000,288850.60709790,0
1785347880000000,64188.74000000,64210.00000000,64176.95000000,64210.00000000,5.68546000,1785347939999999,364952.22558260,1719,2.62000000,168192.90029620,0
1785347940000000,64209.99000000,64286.71000000,64191.33000000,64269.83000000,14.85021000,1785347999999999,953825.88178130,4177,11.00116000,706641.62953610,0
1785348000000000,64269.83000000,64648.79000000,64256.00000000,64495.63000000,339.11637000,1785348059999999,21877745.07795080,23779,191.69024000,12363258.15546080,0
1785348060000000,64495.63000000,64548.00000000,64426.00000000,64548.00000000,68.32328000,1785348119999999,4406491.86851460,10048,40.98066000,2643208.13071320,0
1785348120000000,64547.99000000,64644.44000000,64484.00000000,64484.00000000,49.83664000,1785348179999999,3217943.55565240,9718,30.10174000,1943781.76705590,0
1785348180000000,64484.01000000,64536.00000000,64480.00000000,64509.48000000,15.69061000,1785348239999999,1012088.60831370,5513,7.21557000,465430.73275870,0
1785348240000000,64509.48000000,64509.48000000,64399.57000000,64424.00000000,28.71818000,1785348299999999,1850480.96365820,5738,9.41557000,606655.47408250,0
1785348300000000,64424.00000000,64494.26000000,64348.60000000,64371.69000000,31.81485000,1785348359999999,2048912.19135280,8614,11.58793000,746408.49528180,0
1785348360000000,64374.23000000,64500.00000000,64374.23000000,64499.66000000,14.44751000,1785348419999999,930938.43093690,6794,9.43552000,607992.19053400,0
1785348420000000,64499.66000000,64518.59000000,64408.01000000,64408.01000000,13.69595000,1785348479999999,882780.22531970,5236,4.97853000,320896.18917930,0
1785348480000000,64408.01000000,64480.00000000,64400.00000000,64479.99000000,13.74973000,1785348539999999,886091.15148680,3606,10.95094000,705778.75102380,0
1785348540000000,64479.99000000,64479.99000000,64427.91000000,64433.99000000,7.32258000,1785348599999999,471996.82254740,2984,1.93713000,124857.74462890,0
1785348600000000,64434.00000000,64484.00000000,64428.01000000,64432.01000000,13.18464000,1785348659999999,849924.52579560,5102,8.74371000,563640.00984900,0
1785348660000000,64432.00000000,64467.87000000,64415.07000000,64467.87000000,6.60667000,1785348719999999,425693.54083860,2479,5.53863000,356880.76373660,0
1785348720000000,64467.87000000,64467.87000000,64380.81000000,64380.81000000,7.15969000,1785348779999999,461337.42279700,3599,2.13458000,137546.42242310,0
1785348780000000,64380.82000000,64419.51000000,64380.81000000,64404.01000000,11.20259000,1785348839999999,721494.30668900,2769,10.36224000,667366.59228290,0
1785348840000000,64404.00000000,64404.02000000,64322.00000000,64336.00000000,16.31584000,1785348899999999,1050088.49471870,3612,7.18374000,462356.39266310,0
1785348900000000,64336.00000000,64393.54000000,64335.99000000,64342.04000000,8.96388000,1785348959999999,576923.05861470,3730,5.74658000,369851.76225820,0
1785348960000000,64342.04000000,64376.00000000,64304.00000000,64309.15000000,11.53039000,1785349019999999,741859.29720500,3828,6.29078000,404715.10529270,0
1785349020000000,64309.14000000,64310.86000000,64293.81000000,64305.52000000,8.81519000,1785349079999999,566853.69265270,2608,5.08110000,326738.10581150,0
1785349080000000,64305.52000000,64305.52000000,64252.00000000,64252.27000000,10.35230000,1785349139999999,665378.04725980,4436,4.90193000,315055.16645260,0
1785349140000000,64252.26000000,64252.26000000,64188.74000000,64241.73000000,27.39327000,1785349199999999,1759156.62961840,4841,11.58813000,744186.32510520,0
1785349200000000,64241.72000000,64250.00000000,64208.00000000,64249.63000000,14.36990000,1785349259999999,922959.33740240,4819,6.22511000,399801.65208810,0
1785349260000000,64249.63000000,64259.87000000,64230.53000000,64238.53000000,10.37049000,1785349319999999,666247.65304300,3079,5.07386000,325954.75931290,0
1785349320000000,64238.52000000,64238.53000000,64188.75000000,64188.76000000,6.39002000,1785349379999999,410292.11745170,1936,3.47027000,222813.96587730,0
1785349380000000,64188.76000000,64199.99000000,64113.69000000,64126.19000000,48.99251000,1785349439999999,3143032.93850120,5899,20.05046000,1286269.34005210,0
1785349440000000,64126.18000000,64154.68000000,64114.14000000,64114.14000000,11.11952000,1785349499999999,713156.99472960,3393,4.62619000,296712.82639030,0
1785349500000000,64114.13000000,64114.13000000,63992.00000000,64003.34000000,27.43516000,1785349559999999,1757133.03190100,7414,9.04086000,578884.33393700,0
1785349560000000,64003.35000000,64080.00000000,64003.34000000,64080.00000000,11.50767000,1785349619999999,736985.30976390,3537,10.51486000,673396.36673260,0
1785349620000000,64080.00000000,64088.90000000,64044.01000000,64088.90000000,15.63748000,1785349679999999,1001807.38028730,4538,9.62707000,616732.15664140,0
1785349680000000,64088.90000000,64105.02000000,64066.86000000,64087.99000000,13.03026000,1785349739999999,835085.55741310,3522,9.23890000,592083.90645600,0
1785349740000000,64088.00000000,64118.00000000,64088.00000000,64098.00000000,10.26339000,1785349799999999,657902.56733590,2374,5.71544000,366357.46339960,0
1785349800000000,64098.00000000,64186.09000000,64098.00000000,64186.09000000,17.39960000,1785349859999999,1116175.73421730,4849,8.77194000,562720.28684380,0
1785349860000000,64186.25000000,64194.19000000,63991.49000000,64006.71000000,46.09651000,1785349919999999,2954645.04712690,9172,15.92502000,1020385.61223870,0
1785349920000000,64006.70000000,64006.70000000,63758.00000000,63889.99000000,71.18304000,1785349979999999,4547114.82072540,14464,26.78296000,1710679.60375230,0
1785349980000000,63890.00000000,63978.62000000,63889.99000000,63978.62000000,32.71097000,1785350039999999,2091825.96300660,8020,25.18003000,1610319.61387760,0
1785350040000000,63978.62000000,63999.99000000,63923.54000000,63954.00000000,27.26068000,1785350099999999,1743395.38986410,5616,10.09191000,645402.58461250,0
1785350100000000,63954.00000000,63962.00000000,63862.00000000,63905.99000000,40.85174000,1785350159999999,2610686.16774480,7961,15.72740000,1005042.04163250,0
1785350160000000,63905.99000000,63980.82000000,63904.18000000,63980.82000000,35.53273000,1785350219999999,2271489.29050220,6391,17.32515000,1107560.82948740,0
1785350220000000,63980.82000000,64083.69000000,63978.61000000,64083.69000000,31.31341000,1785350279999999,2004605.96056110,6805,17.63823000,1129300.79499720,0
1785350280000000,64083.68000000,64188.00000000,64072.00000000,64144.00000000,33.07576000,1785350339999999,2120989.12641990,7456,15.58821000,999487.97732810,0
1785350340000000,64143.99000000,64256.00000000,64108.00000000,64188.74000000,56.45768000,1785350399999999,3623390.45313380,9292,28.19042000,1809425.02038020,0
1785350400000000,64188.74000000,64248.00000000,64180.38000000,64232.97000000,27.14781000,1785350459999999,1743395.54580130,5258,11.71402000,752211.25553950,0
1785350460000000,64232.97000000,64384.00000000,64232.97000000,64338.02000000,39.89044000,1785350519999999,2566240.18237970,10135,24.32688000,1564920.98153390,0
1785350520000000,64338.02000000,64362.00000000,64269.99000000,64311.98000000,27.34412000,1785350579999999,1758362.65576980,6004,10.07516000,647894.77339660,0
1785350580000000,64311.97000000,64386.00000000,64311.97000000,64386.00000000,31.67406000,1785350639999999,2038018.56399950,6578,20.96963000,1349264.06850770,0
1785350640000000,64385.99000000,64452.00000000,64364.00000000,64408.01000000,32.29101000,1785350699999999,2079998.45259510,7424,19.59251000,1261949.46698550,0
1785350700000000,64408.00000000,64412.01000000,64350.00000000,64366.92000000,32.90446000,1785350759999999,2118347.47691890,4879,13.14733000,846395.33135180,0
1785350760000000,64366.92000000,64438.00000000,64364.00000000,64379.88000000,33.87849000,1785350819999999,2181676.20249570,6335,20.53035000,1322094.09719470,0
1785350820000000,64379.88000000,64488.00000000,64366.60000000,64425.99000000,32.48569000,1785350879999999,2092860.95317920,6806,20.90547000,1346895.00797710,0
1785350880000000,64426.00000000,64447.76000000,64407.27000000,64428.77000000,28.29147000,1785350939999999,1822805.90156270,5408,20.27609000,1306417.66902290,0
1785350940000000,64428.77000000,64510.00000000,64414.00000000,64509.09000000,35.16648000,1785350999999999,2267663.05288250,5160,28.12675000,1813708.54093930,0
1785351000000000,64509.10000000,64517.84000000,64420.00000000,64470.00000000,39.65489000,1785351059999999,2556408.05646130,6177,20.93012000,1349299.85895620,0
1785351060000000,64470.00000000,64515.92000000,64446.34000000,64515.92000000,17.46693000,1785351119999999,1126190.44882820,5406,9.19751000,593029.45218120,0
1785351120000000,64515.92000000,64574.00000000,64504.18000000,64570.65000000,39.31265000,1785351179999999,2537023.25386840,5740,22.43581000,1448040.52119650,0
1785351180000000,64570.66000000,64630.57000000,64570.65000000,64630.20000000,43.82250000,1785351239999999,2831529.82910690,6305,14.40154000,930504.09896610,0
1785351240000000,64630.19000000,64637.03000000,64566.32000000,64600.00000000,34.74365000,1785351299999999,2244069.15091570,3620,6.07687000,392585.43229600,0
1785351300000000,64599.99000000,64610.00000000,64520.00000000,64520.00000000,35.10998000,1785351359999999,2267648.27741870,4243,9.69592000,626271.73105190,0
1785351360000000,64520.00000000,64520.00000000,64462.22000000,64475.99000000,32.98691000,1785351419999999,2127167.59572200,4845,12.70152000,819034.87060860,0
1785351420000000,64475.99000000,64501.98000000,64441.20000000,64494.00000000,31.01862000,1785351479999999,1999910.30528710,5573,15.26089000,983943.72218720,0
1785351480000000,64493.99000000,64510.00000000,64478.00000000,64491.99000000,13.50437000,1785351539999999,870927.23545190,3278,9.56212000,616712.10322350,0
1785351540000000,64492.00000000,64504.00000000,64472.00000000,64501.52000000,22.77313000,1785351599999999,1468573.10466840,3739,9.71196000,626302.67443640,0
1785351600000000,64501.52000000,64527.90000000,64484.01000000,64484.02000000,22.53566000,1785351659999999,1453743.83476690,4777,15.86226000,1023293.09403060,0
1785351660000000,64484.02000000,64573.86000000,64484.01000000,64573.86000000,15.33351000,1785351719999999,989428.88356230,4854,12.17523000,785615.96656770,0
1785351720000000,64573.85000000,64600.00000000,64552.04000000,64552.04000000,18.12356000,1785351779999999,1170368.49666010,3581,10.76411000,695134.17185290,0
1785351780000000,64552.05000000,64572.02000000,64492.00000000,64492.00000000,22.67340000,1785351839999999,1463044.92488960,4920,9.39553000,606352.59529980,0
1785351840000000,64492.01000000,64492.02000000,64448.00000000,64464.00000000,27.37325000,1785351899999999,1764575.59858320,3817,13.46541000,867987.95256260,0
1785351900000000,64464.00000000,64476.00000000,64416.00000000,64450.00000000,31.37564000,1785351959999999,2021909.87041160,5680,12.17885000,784851.32721230,0
1785351960000000,64450.00000000,64466.41000000,64399.73000000,64403.42000000,56.72839000,1785352019999999,3654727.04590880,5521,24.37305000,1570198.23800900,0
1785352020000000,64403.41000000,64403.41000000,64270.09000000,64277.56000000,28.15917000,1785352079999999,1812064.26177710,6251,8.83721000,568734.39419600,0
1785352080000000,64277.55000000,64346.00000000,64261.68000000,64268.48000000,26.55954000,1785352139999999,1707395.63913160,4522,14.86751000,955797.21897900,0
1785352140000000,64268.48000000,64309.99000000,64228.19000000,64228.19000000,30.11235000,1785352199999999,1935066.32630740,6185,12.86967000,827106.84091150,0
1785352200000000,64228.01000000,64242.00000000,64180.38000000,64219.64000000,42.01210000,1785352259999999,2697837.96569950,6444,30.70910000,1972019.70905140,0
1785352260000000,64219.64000000,64293.94000000,64212.18000000,64293.93000000,29.79801000,1785352319999999,1914511.53281550,4891,16.52177000,1061516.13035950,0
1785352320000000,64293.94000000,64360.53000000,64293.94000000,64326.42000000,22.02052000,1785352379999999,1416544.73149900,4609,12.97688000,834796.12729610,0
1785352380000000,64326.42000000,64344.00000000,64310.75000000,64310.75000000,12.55752000,1785352439999999,807802.25427920,2657,7.67047000,493437.84515740,0
1785352440000000,64310.75000000,64320.00000000,64270.91000000,64284.00000000,29.93115000,1785352499999999,1924373.05754100,4314,13.81429000,888176.13063440,0
1785352500000000,64284.00000000,64366.00000000,64258.00000000,64365.99000000,15.80345000,1785352559999999,1016307.91793830,5272,11.92544000,766969.31069180,0
1785352560000000,64366.00000000,64420.00000000,64366.00000000,64383.54000000,44.00130000,1785352619999999,2833233.20562690,6314,36.45733000,2347434.36871880,0
1785352620000000,64383.55000000,64388.00000000,64288.00000000,64291.20000000,28.58572000,1785352679999999,1839343.34809240,5035,7.46330000,480212.83418880,0
1785352680000000,64291.20000000,64304.00000000,64230.24000000,64236.02000000,29.90099000,1785352739999999,1921897.91952320,5831,10.31560000,663039.12690330,0
1785352740000000,64236.03000000,64264.71000000,64219.99000000,64264.70000000,13.53822000,1785352799999999,869763.26972720,3430,7.30068000,469015.01021740,0
1785352800000000,64264.71000000,64268.00000000,64185.56000000,64190.00000000,27.94963000,1785352859999999,1794718.55298890,5610,11.12200000,714173.86856680,0
1785352860000000,64190.00000000,64190.01000000,64079.28000000,64171.06000000,42.24970000,1785352919999999,2709776.49953910,8258,11.48508000,736667.31650710,0
1785352920000000,64171.07000000,64171.07000000,64084.44000000,64151.99000000,30.77768000,1785352979999999,1973195.65452540,5024,16.34639000,1047980.62238000,0
1785352980000000,64151.98000000,64151.98000000,64090.01000000,64146.00000000,15.29112000,1785353039999999,980494.72410470,5140,9.22021000,591202.08348870,0
1785353040000000,64145.99000000,64161.66000000,64124.56000000,64151.97000000,9.33289000,1785353099999999,598660.20298500,4060,5.61053000,359902.62912650,0
1785353100000000,64151.97000000,64154.01000000,64067.00000000,64067.01000000,13.99551000,1785353159999999,897342.35943510,4279,5.78888000,371213.98066060,0
1785353160000000,64067.01000000,64067.01000000,64008.00000000,64026.90000000,12.32397000,1785353219999999,789111.22320900,4252,5.91015000,378394.17558820,0
1785353220000000,64026.89000000,64026.89000000,63992.84000000,64009.78000000,16.42087000,1785353279999999,1051084.69640960,3888,7.46911000,478058.59750110,0
1785353280000000,64009.77000000,64009.77000000,63964.00000000,63980.01000000,11.49292000,1785353339999999,735338.53736000,3694,6.40970000,410090.15928010,0
1785353340000000,63980.01000000,64033.77000000,63970.00000000,64033.77000000,20.87796000,1785353399999999,1336326.94708980,3580,14.03407000,898184.87230600,0
1785353400000000,64033.77000000,64110.41000000,64020.00000000,64106.99000000,19.86444000,1785353459999999,1272606.94081490,5535,14.88044000,953353.57675850,0
1785353460000000,64106.99000000,64117.09000000,64050.00000000,64088.97000000,9.41422000,1785353519999999,603328.16227780,3435,6.30116000,403845.25672590,0
1785353520000000,64088.98000000,64088.98000000,64000.00000000,64000.00000000,15.80592000,1785353579999999,1012072.15792630,3860,5.96004000,381570.45089480,0
1785353580000000,64000.01000000,64024.00000000,63912.00000000,63912.01000000,20.70489000,1785353639999999,1324275.09376940,5473,7.50492000,480051.14951030,0
1785353640000000,63912.00000000,63961.59000000,63881.00000000,63961.59000000,24.39312000,1785353699999999,1559112.84105620,5785,15.22499000,973124.42429190,0
1785353700000000,63961.59000000,63975.21000000,63926.03000000,63963.81000000,16.23673000,1785353759999999,1038389.75937040,4071,10.00697000,639968.53260090,0
1785353760000000,63963.81000000,64024.00000000,63938.61000000,64024.00000000,19.06777000,1785353819999999,1219749.98500180,6033,8.68110000,555392.36517910,0
1785353820000000,64023.99000000,64043.47000000,63978.61000000,64005.99000000,11.58453000,1785353879999999,741561.40336670,4430,5.33465000,341483.73834790,0
1785353880000000,64006.00000000,64010.00000000,63939.51000000,63941.15000000,21.64976000,1785353939999999,1384832.05134780,4062,8.15313000,521533.71195130,0
1785353940000000,63941.14000000,63947.51000000,63889.06000000,63897.11000000,14.60461000,1785353999999999,933460.45848110,4975,5.65541000,361493.35981670,0
1785354000000000,63897.11000000,63907.34000000,63850.00000000,63907.34000000,30.52714000,1785354059999999,1950117.38389030,6937,17.40731000,1112040.45816690,0
1785354060000000,63907.33000000,63962.01000000,63888.00000000,63897.99000000,17.81262000,1785354119999999,1138677.35291080,4348,9.19911000,588116.12104000,0
1785354120000000,63897.99000000,63928.36000000,63891.60000000,63916.00000000,21.40555000,1785354179999999,1367972.78949480,4179,15.88203000,1014971.06796590,0
1785354180000000,63916.00000000,63950.00000000,63890.77000000,63943.61000000,16.98988000,1785354239999999,1085978.90068010,3533,10.15322000,648999.02794560,0
1785354240000000,63943.60000000,63947.11000000,63860.38000000,63876.00000000,13.53185000,1785354299999999,864453.81686430,4221,5.84516000,373391.42096350,0
1785354300000000,63875.99000000,63902.00000000,63744.00000000,63751.60000000,28.46182000,1785354359999999,1816361.10311890,7702,7.11334000,454034.98630000,0
1785354360000000,63751.61000000,63801.71000000,63710.25000000,63740.88000000,52.88371000,1785354419999999,3371687.48219480,7956,35.29189000,2250089.12372190,0
1785354420000000,63740.88000000,63747.39000000,63511.00000000,63553.15000000,71.42322000,1785354479999999,4544319.40343560,12674,16.38862000,1042627.65798950,0
1785354480000000,63553.15000000,63691.75000000,63553.14000000,63654.01000000,37.74309000,1785354539999999,2402198.70050970,8793,29.65554000,1887371.40811500,0
1785354540000000,63654.00000000,63725.25000000,63640.00000000,63725.24000000,19.33851000,1785354599999999,1231771.42377580,4246,14.86358000,946768.33938740,0
1785354600000000,63725.25000000,63725.25000000,63632.01000000,63664.48000000,42.97579000,1785354659999999,2736158.75747690,7816,14.58606000,928737.84401340,0
1785354660000000,63664.47000000,63664.47000000,63558.34000000,63663.97000000,22.23979000,1785354719999999,1414493.98415810,6140,11.47368000,729884.85305990,0
1785354720000000,63663.97000000,63663.98000000,63558.83000000,63648.11000000,20.84556000,1785354779999999,1326000.50076180,6116,8.15550000,518727.87424570,0
1785354780000000,63648.12000000,63658.41000000,63616.00000000,63641.06000000,23.55984000,1785354839999999,1499155.07542700,4145,11.81886000,752058.38276570,0
1785354840000000,63641.05000000,63666.27000000,63636.00000000,63651.09000000,11.32121000,1785354899999999,720560.96930320,3718,8.20963000,522523.43583460,0
1785354900000000,63651.09000000,63665.21000000,63610.00000000,63665.21000000,13.10314000,1785354959999999,833902.04745680,3846,6.89135000,438581.48052240,0
1785354960000000,63665.21000000,63676.43000000,63657.42000000,63657.43000000,16.60384000,1785355019999999,1057131.19628220,2482,9.30799000,592616.63707620,0
1785355020000000,63657.42000000,63657.42000000,63621.53000000,63621.53000000,7.13612000,1785355079999999,454141.13820140,1932,4.14216000,263610.35737600,0
1785355080000000,63621.53000000,63626.78000000,63576.21000000,63606.23000000,29.89932000,1785355139999999,1901833.47499970,5539,12.04614000,766203.25522450,0
1785355140000000,63606.24000000,63613.98000000,63558.33000000,63589.46000000,34.08722000,1785355199999999,2167541.60604350,5461,23.55043000,1497505.60992340,0
1785355200000000,63589.46000000,63607.88000000,63500.00000000,63566.00000000,40.20885000,1785355259999999,2554488.42147410,9531,17.06026000,1083956.81214890,0
1785355260000000,63566.00000000,63626.78000000,63501.09000000,63531.45000000,69.19807000,1785355319999999,4397953.17289740,9370,28.20566000,1793090.56327050,0
1785355320000000,63531.44000000,63531.45000000,63410.00000000,63518.22000000,42.69622000,1785355379999999,2709809.13564390,10624,17.48226000,1109519.93577590,0
1785355380000000,63518.92000000,63560.69000000,63483.38000000,63560.69000000,13.46194000,1785355439999999,855084.81508260,6201,8.46100000,537461.69674190,0
1785355440000000,63560.69000000,63560.69000000,63462.00000000,63503.99000000,15.68021000,1785355499999999,995667.06104670,4623,5.70470000,362199.96181040,0
1785355500000000,63504.00000000,63570.00000000,63504.00000000,63531.99000000,16.03619000,1785355559999999,1018806.87592920,6405,11.76674000,747527.66995530,0
1785355560000000,63532.00000000,63604.66000000,63501.67000000,63604.66000000,10.83816000,1785355619999999,688902.21641500,4658,8.59392000,546303.05653120,0
1785355620000000,63604.66000000,63604.66000000,63568.65000000,63568.65000000,11.28305000,1785355679999999,717485.74304500,3399,5.84732000,371822.24899530,0
1785355680000000,63568.64000000,63568.65000000,63442.00000000,63442.00000000,33.46240000,1785355739999999,2124266.94389020,4342,9.81057000,622946.69046650,0
1785355740000000,63442.01000000,63462.99000000,63378.09000000,63378.10000000,21.75552000,1785355799999999,1379807.04737230,4374,6.85466000,434790.56156220,0
1785355800000000,63378.10000000,63454.18000000,63378.09000000,63454.18000000,28.36410000,1785355859999999,1798532.67265770,5278,25.35803000,1607927.85203440,0
1785355860000000,63454.18000000,63531.98000000,63454.18000000,63522.79000000,12.13613000,1785355919999999,770580.18583510,3975,6.51719000,413831.07590590,0
1785355920000000,63522.80000000,63545.60000000,63492.38000000,63545.59000000,6.66937000,1785355979999999,423596.99129350,2858,4.39740000,279294.17568370,0
1785355980000000,63545.60000000,63642.00000000,63545.59000000,63605.43000000,17.53625000,1785356039999999,1115194.83466610,4637,14.90947000,948063.23467910,0
1785356040000000,63605.44000000,63614.00000000,63605.43000000,63611.28000000,8.13101000,1785356099999999,517205.34958300,1361,4.71297000,299789.21896730,0
1785356100000000,63611.28000000,63655.30000000,63602.00000000,63655.30000000,7.69110000,1785356159999999,489269.62501830,2925,6.36681000,405030.26876030,0
1785356160000000,63655.30000000,63707.58000000,63655.30000000,63677.63000000,13.33419000,1785356219999999,849128.65717950,3947,8.93215000,568804.58336700,0
1785356220000000,63677.63000000,63718.89000000,63672.00000000,63712.53000000,13.69460000,1785356279999999,872392.05346850,3354,8.92597000,568595.88612540,0
1785356280000000,63712.53000000,63712.53000000,63656.29000000,63656.29000000,17.74504000,1785356339999999,1130009.74393040,2835,12.88464000,820433.41774600,0
1785356340000000,63656.30000000,63674.01000000,63614.00000000,63636.00000000,15.05285000,1785356399999999,957911.31070830,3079,9.96102000,633894.74514630,0
1785356400000000,63636.00000000,63687.25000000,63636.00000000,63649.49000000,7.63316000,1785356459999999,485953.34944280,2879,5.34999000,340595.96420730,0
1785356460000000,63649.48000000,63687.25000000,63634.39000000,63687.25000000,5.22348000,1785356519999999,332485.63760970,2670,3.87289000,246524.46797050,0
1785356520000000,63687.25000000,63700.00000000,63658.00000000,63658.00000000,6.92390000,1785356579999999,440884.45368350,1858,5.43652000,346173.32050430,0
1785356580000000,63658.01000000,63690.00000000,63658.01000000,63674.00000000,7.66632000,1785356639999999,488134.11038830,2124,4.48295000,285441.30437170,0
1785356640000000,63674.01000000,63674.01000000,63617.43000000,63617.44000000,7.45667000,1785356699999999,474528.17411870,1588,3.50410000,222990.83988670,0
1785356700000000,63617.43000000,63639.23000000,63592.09000000,63592.09000000,13.90442000,1785356759999999,884676.00204260,1818,7.61952000,484799.36537220,0
1785356760000000,63592.10000000,63592.10000000,63519.05000000,63548.00000000,15.57267000,1785356819999999,989582.37301260,2767,6.01388000,382107.15056370,0
1785356820000000,63547.99000000,63548.00000000,63464.00000000,63464.01000000,8.77056000,1785356879999999,556902.03908450,1801,3.47595000,220734.61748550,0
1785356880000000,63464.00000000,63484.00000000,63407.99000000,63483.99000000,14.05373000,1785356939999999,891469.00858130,5075,7.38283000,468300.37096470,0
1785356940000000,63483.99000000,63534.74000000,63483.99000000,63530.52000000,9.16696000,1785356999999999,582332.25400080,2214,6.15325000,390874.35902200,0
1785357000000000,63530.52000000,63541.99000000,63506.00000000,63541.99000000,10.48152000,1785357059999999,665826.41609270,4108,7.42344000,471559.49000360,0
1785357060000000,63541.99000000,63545.00000000,63510.00000000,63521.99000000,4.64882000,1785357119999999,295341.57410900,2384,2.34770000,149149.87867880,0
1785357120000000,63521.98000000,63572.00000000,63521.98000000,63572.00000000,10.61579000,1785357179999999,674691.24846420,3399,5.05396000,321188.11636520,0
1785357180000000,63572.00000000,63572.93000000,63526.00000000,63561.99000000,8.75689000,1785357239999999,556561.50976680,3365,5.88644000,374125.32038010,0
1785357240000000,63561.99000000,63592.83000000,63558.33000000,63585.70000000,7.97193000,1785357299999999,506811.10903160,3271,4.60757000,292920.58631160,0
1785357300000000,63585.70000000,63648.70000000,63581.43000000,63646.19000000,9.64333000,1785357359999999,613565.09663310,3408,7.38806000,470070.01811460,0
1785357360000000,63646.19000000,63648.70000000,63605.31000000,63620.01000000,8.01041000,1785357419999999,509680.43414700,2066,4.31800000,274731.92236520,0
1785357420000000,63620.01000000,63635.99000000,63601.67000000,63635.99000000,10.02409000,1785357479999999,637649.73993220,2313,7.08925000,450949.76304320,0
1785357480000000,63636.00000000,63686.00000000,63635.99000000,63686.00000000,13.63769000,1785357539999999,868179.27033260,2228,12.49352000,795348.83920790,0
1785357540000000,63686.00000000,63708.88000000,63686.00000000,63704.01000000,7.89952000,1785357599999999,503215.60656970,1903,4.77381000,304094.48480510,0
1785357600000000,63704.01000000,63746.42000000,63701.45000000,63725.67000000,10.35519000,1785357659999999,659829.83302140,1980,8.30292000,529047.45177350,0
1785357660000000,63725.68000000,63725.68000000,63658.51000000,63670.00000000,7.83194000,1785357719999999,498744.40739020,2576,4.23239000,269507.32818340,0
1785357720000000,63669.99000000,63683.40000000,63632.00000000,63641.20000000,9.04391000,1785357779999999,575702.70820680,2165,4.74347000,301938.47353020,0
1785357780000000,63641.21000000,63670.01000000,63619.92000000,63670.00000000,12.08830000,1785357839999999,769168.80412440,2066,10.21338000,649857.31036830,0
1785357840000000,63670.01000000,63670.01000000,63590.89000000,63590.90000000,8.98014000,1785357899999999,571398.66521910,1832,3.83452000,243988.06996640,0
1785357900000000,63590.90000000,63618.58000000,63569.46000000,63617.89000000,8.80602000,1785357959999999,559997.21429390,2804,5.33027000,338975.86867730,0
1785357960000000,63617.89000000,63617.89000000,63569.47000000,63576.08000000,15.44356000,1785358019999999,981973.54360830,1928,11.28652000,717626.94536600,0
1785358020000000,63576.08000000,63576.09000000,63561.43000000,63573.64000000,7.63125000,1785358079999999,485104.65193290,1549,4.87201000,309701.82208230,0
1785358080000000,63573.65000000,63602.00000000,63528.09000000,63528.09000000,9.35925000,1785358139999999,594957.26586230,2521,4.66997000,296887.16953150,0
1785358140000000,63528.09000000,63542.01000000,63521.32000000,63530.57000000,8.33429000,1785358199999999,529489.95718420,1747,6.25231000,397215.27541160,0
1785358200000000,63530.57000000,63539.00000000,63522.00000000,63539.00000000,9.94206000,1785358259999999,631597.47611000,1157,8.70537000,553031.65576490,0
1785358260000000,63539.00000000,63555.30000000,63538.00000000,63551.99000000,9.13805000,1785358319999999,580650.56628960,967,7.00923000,445371.47442850,0
1785358320000000,63551.99000000,63562.91000000,63500.00000000,63556.42000000,9.27590000,1785358379999999,589282.36538420,3434,5.48536000,348449.16666200,0
1785358380000000,63556.42000000,63572.80000000,63545.69000000,63545.69000000,7.71213000,1785358439999999,490227.94272340,1507,4.69798000,298629.35111340,0
1785358440000000,63545.70000000,63559.69000000,63545.69000000,63559.68000000,6.20789000,1785358499999999,394521.50259400,1031,4.40934000,280221.94389120,0
1785358500000000,63559.69000000,63573.34000000,63515.61000000,63515.61000000,7.48829000,1785358559999999,475932.73238270,2449,4.24290000,269681.10697290,0
1785358560000000,63515.61000000,63516.26000000,63472.76000000,63516.26000000,9.91463000,1785358619999999,629603.56438640,2629,5.47498000,347671.22615280,0
1785358620000000,63516.27000000,63522.00000000,63504.32000000,63514.00000000,5.92484000,1785358679999999,376310.06179350,1682,4.64817000,295219.85546760,0
1785358680000000,63514.00000000,63514.00000000,63479.12000000,63487.09000000,10.01900000,1785358739999999,636146.50119740,2707,3.19822000,203073.67004690,0
1785358740000000,63487.10000000,63528.36000000,63484.00000000,63522.01000000,12.05864000,1785358799999999,765855.23405230,1841,9.84719000,625432.83890130,0
1785358800000000,63522.01000000,63527.94000000,63464.00000000,63527.93000000,16.13579000,1785358859999999,1024319.55142210,3667,8.75204000,555622.41707070,0
1785358860000000,63527.94000000,63527.94000000,63483.48000000,63483.48000000,9.75224000,1785358919999999,619237.33567760,1759,3.97255000,252245.27403130,0
1785358920000000,63483.48000000,63486.96000000,63475.99000000,63486.95000000,9.33217000,1785358979999999,592403.95098550,1292,4.92510000,312646.38996970,0
1785358980000000,63486.96000000,63489.95000000,63368.42000000,63379.99000000,24.84847000,1785359039999999,1576217.97986570,3857,6.95305000,441016.71189210,0
1785359040000000,63379.99000000,63445.46000000,63309.52000000,63334.45000000,32.16413000,1785359099999999,2038659.04508750,6784,12.53201000,794199.16801670,0
1785359100000000,63334.46000000,63369.74000000,63267.34000000,63369.73000000,30.26110000,1785359159999999,1915817.43960850,6561,18.58661000,1176764.49378330,0
1785359160000000,63369.74000000,63405.99000000,63369.74000000,63374.00000000,12.79610000,1785359219999999,811097.11625170,3247,6.82930000,432890.81329910,0
1785359220000000,63374.00000000,63374.00000000,63304.00000000,63366.62000000,27.62320000,1785359279999999,1749672.46851190,4324,9.51290000,602487.78775000,0
1785359280000000,63366.62000000,63369.99000000,63283.89000000,63313.81000000,23.22482000,1785359339999999,1470384.83085910,3934,6.62162000,419171.20426180,0
1785359340000000,63313.80000000,63350.82000000,63313.80000000,63350.82000000,13.34950000,1785359399999999,845489.17808140,2235,11.24525000,712205.71680270,0
1785359400000000,63350.81000000,63458.51000000,63350.81000000,63444.56000000,14.90513000,1785359459999999,945310.25470010,3996,10.17880000,645469.15958680,0
1785359460000000,63444.58000000,63445.13000000,63420.00000000,63425.99000000,7.64344000,1785359519999999,484875.32909480,1522,2.71535000,172253.19254360,0
1785359520000000,63426.00000000,63461.45000000,63425.99000000,63461.44000000,5.81682000,1785359579999999,369012.88853370,1769,4.73406000,300328.23358870,0
1785359580000000,63461.45000000,63496.00000000,63461.45000000,63478.00000000,14.03671000,1785359639999999,891095.76632550,2408,8.30088000,526939.12196160,0
1785359640000000,63477.99000000,63498.03000000,63477.99000000,63494.01000000,6.10693000,1785359699999999,387727.01124430,1269,3.42910000,217700.63984260,0
1785359700000000,63494.00000000,63494.01000000,63437.65000000,63444.29000000,21.55833000,1785359759999999,1368139.19466490,3300,8.03828000,510053.93969890,0
1785359760000000,63444.29000000,63444.29000000,63415.21000000,63415.22000000,10.02702000,1785359819999999,636006.14969070,2039,5.29835000,336069.05695670,0
1785359820000000,63415.21000000,63415.22000000,63377.45000000,63377.45000000,11.08652000,1785359879999999,702881.32628640,1539,4.13384000,262100.35222110,0
1785359880000000,63377.45000000,63412.00000000,63377.45000000,63408.00000000,14.98789000,1785359939999999,950134.63077100,2163,11.47058000,727139.04562140,0
1785359940000000,63408.00000000,63451.61000000,63407.99000000,63451.60000000,8.73396000,1785359999999999,554030.48570830,1981,3.73027000,236635.41768340,0
1785360000000000,63451.60000000,63517.98000000,63451.60000000,63480.66000000,19.24534000,1785360059999999,1222195.18953480,2471,16.54787000,1050896.80275780,0
1785360060000000,63480.65000000,63487.10000000,63464.00000000,63479.20000000,8.05056000,1785360119999999,510997.35453340,1810,6.51141000,413294.57005160,0
1785360120000000,63479.20000000,63489.84000000,63479.19000000,63489.84000000,3.41050000,1785360179999999,216511.11209320,659,2.72852000,173217.99441690,0
1785360180000000,63489.83000000,63509.38000000,63479.19000000,63509.37000000,9.10003000,1785360239999999,577767.64090020,1639,4.76296000,302415.41236310,0
1785360240000000,63509.37000000,63521.87000000,63492.88000000,63521.87000000,6.51441000,1785360299999999,413723.79840710,1868,4.84718000,307843.46236470,0
1785360300000000,63521.86000000,63521.87000000,63498.00000000,63498.01000000,7.25168000,1785360359999999,460516.35085230,1380,2.54986000,161913.24641320,0
1785360360000000,63498.01000000,63498.01000000,63468.10000000,63490.68000000,8.87156000,1785360419999999,563167.18763400,1834,6.81619000,432679.12306550,0
1785360420000000,63490.68000000,63529.22000000,63490.68000000,63529.21000000,4.74815000,1785360479999999,301567.66277260,1666,3.93766000,250088.52958220,0
1785360480000000,63529.21000000,63558.35000000,63529.21000000,63530.00000000,15.59822000,1785360539999999,991326.87231660,4246,10.34033000,657158.81862590,0
1785360540000000,63530.01000000,63575.60000000,63530.00000000,63575.59000000,10.36032000,1785360599999999,658405.32713280,1378,8.22596000,522760.93921640,0
1785360600000000,63575.58000000,63575.60000000,63556.00000000,63567.31000000,9.48198000,1785360659999999,602763.17600290,1433,5.38864000,342555.19551200,0
1785360660000000,63567.31000000,63568.81000000,63552.30000000,63552.30000000,8.68068000,1785360719999999,551760.06737220,1677,5.68841000,361563.98132380,0
1785360720000000,63552.31000000,63592.00000000,63552.30000000,63592.00000000,7.07012000,1785360779999999,449390.49884590,1966,6.62416000,421043.79070590,0
1785360780000000,63591.99000000,63600.00000000,63582.00000000,63588.00000000,10.33071000,1785360839999999,656971.24277680,2990,6.86619000,436639.20301110,0
1785360840000000,63588.00000000,63588.00000000,63582.56000000,63585.99000000,5.40691000,1785360899999999,343806.31092130,624,3.86358000,245671.06077800,0
1785360900000000,63586.00000000,63587.96000000,63547.54000000,63553.60000000,14.11728000,1785360959999999,897376.95966590,1993,7.77247000,494040.07645050,0
1785360960000000,63553.59000000,63559.20000000,63551.84000000,63559.19000000,5.88447000,1785361019999999,373981.15042770,718,3.59419000,228424.71267710,0
1785361020000000,63559.20000000,63587.96000000,63554.05000000,63577.83000000,16.09746000,1785361079999999,1023360.25371820,1613,8.78481000,558412.39078100,0
1785361080000000,63577.84000000,63634.03000000,63577.83000000,63626.98000000,11.78055000,1785361139999999,749436.72700820,2902,5.62242000,357601.64982050,0
1785361140000000,63626.98000000,63636.04000000,63612.00000000,63616.92000000,10.94909000,1785361199999999,696611.45799620,2077,2.69071000,171188.37835260,0
1785361200000000,63616.91000000,63641.25000000,63608.00000000,63641.25000000,13.59170000,1785361259999999,864706.98307000,2874,8.97632000,571062.86843740,0
1785361260000000,63641.25000000,63641.25000000,63615.65000000,63629.30000000,13.84563000,1785361319999999,880973.54379740,2437,7.24233000,460800.10160560,0
1785361320000000,63629.30000000,63629.31000000,63591.25000000,63591.25000000,9.35012000,1785361379999999,594757.92069980,1932,3.43828000,218705.11505860,0
1785361380000000,63591.25000000,63592.14000000,63558.90000000,63591.58000000,13.21319000,1785361439999999,840056.11206550,3296,7.06313000,449025.76801500,0
1785361440000000,63591.57000000,63591.57000000,63548.00000000,63560.75000000,12.56856000,1785361499999999,798964.20212670,4303,5.81595000,369693.41551660,0
1785361500000000,63560.76000000,63577.05000000,63535.24000000,63553.99000000,6.99656000,1785361559999999,444617.41952090,2749,3.43392000,218201.85289210,0
1785361560000000,63553.99000000,63577.26000000,63553.99000000,63577.26000000,6.67661000,1785361619999999,424364.41691100,1104,4.14740000,263617.58592990,0
1785361620000000,63577.26000000,63577.29000000,63546.50000000,63560.57000000,14.40670000,1785361679999999,915765.73685140,1571,11.14944000,708699.48148850,0
1785361680000000,63560.57000000,63663.42000000,63560.56000000,63663.41000000,17.57437000,1785361739999999,1117989.09802210,3331,13.10790000,833808.65899070,0
1785361740000000,63663.41000000,63666.58000000,63622.17000000,63622.18000000,16.75310000,1785361799999999,1066376.28449190,4167,4.55939000,290164.85928090,0
1785361800000000,63622.18000000,63646.30000000,63618.00000000,63619.71000000,9.04942000,1785361859999999,575854.50431050,2107,6.02728000,383539.93788200,0
1785361860000000,63619.70000000,63641.17000000,63619.70000000,63641.16000000,5.72623000,1785361919999999,364382.50584280,930,3.26477000,207742.70435810,0
1785361920000000,63641.17000000,63778.19000000,63641.16000000,63768.47000000,34.40812000,1785361979999999,2192340.37338850,4893,25.85011000,1646920.88435610,0
1785361980000000,63768.47000000,63790.92000000,63739.29000000,63754.00000000,12.67351000,1785362039999999,808071.43278530,3673,5.42214000,345726.12867120,0
1785362040000000,63754.00000000,63756.00000000,63735.88000000,63739.11000000,8.75962000,1785362099999999,558395.31843330,1268,7.14790000,455651.39056950,0
1785362100000000,63739.12000000,63746.00000000,63710.01000000,63735.28000000,18.26713000,1785362159999999,1164346.36029390,2097,4.39903000,280365.50105840,0
1785362160000000,63735.28000000,63735.28000000,63726.00000000,63732.00000000,4.27126000,1785362219999999,272212.51472820,837,3.32890000,212153.15768160,0
1785362220000000,63732.00000000,63773.99000000,63731.99000000,63773.99000000,8.41223000,1785362279999999,536326.12808550,1654,5.10376000,325348.19398610,0
1785362280000000,63774.00000000,63848.29000000,63774.00000000,63848.29000000,10.08528000,1785362339999999,643480.95966250,3192,8.06813000,514777.54184290,0
1785362340000000,63848.28000000,63860.00000000,63826.70000000,63860.00000000,27.05480000,1785362399999999,1727171.30309080,3591,10.68477000,682161.24362370,0
1785362400000000,63860.00000000,63910.44000000,63859.99000000,63884.33000000,22.91599000,1785362459999999,1464110.01367100,4580,11.44499000,731127.71850850,0
1785362460000000,63884.32000000,64000.00000000,63879.10000000,63905.04000000,40.74742000,1785362519999999,2605285.60894850,6480,29.16466000,1864579.95581160,0
1785362520000000,63905.03000000,63936.00000000,63902.47000000,63935.99000000,12.70158000,1785362579999999,811904.77038180,3846,8.35041000,533767.99691510,0
1785362580000000,63936.00000000,63969.67000000,63914.27000000,63953.63000000,17.64732000,1785362639999999,1128449.84133910,3128,11.69134000,747593.90675250,0
1785362640000000,63953.62000000,63953.63000000,63910.82000000,63913.38000000,27.30442000,1785362699999999,1745505.43894920,1954,17.30704000,1106352.83918080,0
1785362700000000,63913.37000000,64074.00000000,63913.37000000,64053.96000000,81.15435000,1785362759999999,5193875.71654310,8140,46.46894000,2974198.76057900,0
1785362760000000,64053.96000000,64104.00000000,64038.08000000,64038.08000000,22.29458000,1785362819999999,1428404.36915400,4336,15.69232000,1005395.21638830,0
1785362820000000,64038.09000000,64038.09000000,63958.00000000,63959.43000000,15.30923000,1785362879999999,979696.72710080,4623,4.67385000,299070.63543660,0
1785362880000000,63959.43000000,64024.01000000,63959.43000000,64000.00000000,10.69134000,1785362939999999,684326.64600530,2521,7.08605000,453535.11831570,0
1785362940000000,64000.01000000,64024.01000000,63978.61000000,63978.62000000,10.77032000,1785362999999999,689355.18169360,2190,4.35635000,278827.08645510,0
1785363000000000,63978.62000000,64030.87000000,63978.61000000,64030.87000000,7.12505000,1785363059999999,456055.67351040,2331,5.71602000,365861.08627100,0
1785363060000000,64030.87000000,64111.76000000,64030.00000000,64030.01000000,13.30858000,1785363119999999,852745.58147720,4012,8.83968000,566397.53275780,0
1785363120000000,64030.01000000,64080.00000000,64007.40000000,64079.99000000,12.84281000,1785363179999999,822496.20278040,3848,6.64758000,425724.97710620,0
1785363180000000,64080.00000000,64083.20000000,64054.01000000,64054.02000000,12.45819000,1785363239999999,798232.55893940,2105,8.03458000,514790.27487030,0
1785363240000000,64054.02000000,64054.03000000,64002.54000000,64018.45000000,11.55092000,1785363299999999,739596.65258280,2192,6.79210000,434835.52903060,0
1785363300000000,64018.45000000,64027.79000000,63979.89000000,63979.90000000,15.94985000,1785363359999999,1020673.77616500,3298,11.74408000,751492.61589480,0
1785363360000000,63979.89000000,64038.00000000,63978.61000000,64020.00000000,10.76960000,1785363419999999,689316.41527980,2070,8.71420000,557736.22539400,0
1785363420000000,64020.00000000,64099.12000000,64018.00000000,64070.51000000,17.89486000,1785363479999999,1146459.62159590,2601,12.35150000,791249.63854860,0
1785363480000000,64070.50000000,64071.00000000,64054.00000000,64063.98000000,7.22560000,1785363539999999,462904.48305340,1384,4.10181000,262778.34781920,0
1785363540000000,64063.98000000,64131.44000000,64063.98000000,64108.66000000,36.42497000,1785363599999999,2335135.79334380,3555,31.32952000,2008475.06085680,0
1785363600000000,64108.65000000,64108.66000000,64066.73000000,64073.53000000,17.27086000,1785363659999999,1106814.55333910,1387,5.35769000,343365.09600370,0
1785363660000000,64073.53000000,64073.54000000,64055.46000000,64063.99000000,11.80472000,1785363719999999,756224.48772030,1193,9.86706000,632093.91440290,0
1785363720000000,64063.98000000,64083.01000000,64019.11000000,64019.12000000,24.64628000,1785363779999999,1579020.35775420,2656,6.18384000,396135.54921070,0
1785363780000000,64019.12000000,64035.07000000,64019.11000000,64032.45000000,8.71602000,1785363839999999,558067.48811050,1564,6.48398000,415149.16046730,0
1785363840000000,64032.44000000,64032.45000000,64006.00000000,64006.00000000,9.53984000,1785363899999999,610712.78343890,1337,2.68085000,171619.76671050,0
1785363900000000,64006.01000000,64029.99000000,63986.00000000,64029.99000000,15.88035000,1785363959999999,1016458.37038640,2095,11.16696000,714786.52334930,0
1785363960000000,64029.98000000,64036.00000000,64018.88000000,64022.28000000,8.13344000,1785364019999999,520749.22952260,1779,3.89487000,249362.03174750,0
1785364020000000,64022.28000000,64022.28000000,64014.94000000,64019.65000000,7.35427000,1785364079999999,470796.16666720,839,5.80130000,371380.89608340,0
1785364080000000,64019.64000000,64036.41000000,63995.00000000,63995.01000000,12.17083000,1785364139999999,779247.35916940,2142,4.82632000,308980.28197390,0
1785364140000000,63995.01000000,64045.87000000,63995.01000000,64045.86000000,7.19586000,1785364199999999,460746.48532120,2375,5.00348000,320366.76566240,0
1785364200000000,64045.86000000,64055.88000000,63975.33000000,63975.33000000,14.48561000,1785364259999999,927293.00871400,2266,4.24154000,271545.71101730,0
1785364260000000,63975.34000000,63993.61000000,63966.00000000,63977.99000000,6.63690000,1785364319999999,424624.58432900,2723,4.40559000,281871.33076870,0
1785364320000000,63978.00000000,64000.00000000,63978.00000000,63984.84000000,7.12191000,1785364379999999,455708.94046390,1573,5.22941000,334613.26352240,0
1785364380000000,63984.83000000,63984.83000000,63948.80000000,63962.00000000,9.25572000,1785364439999999,592044.64310480,1786,4.42921000,283320.97464470,0
1785364440000000,63962.00000000,63967.68000000,63951.10000000,63952.95000000,6.29417000,1785364499999999,402584.00215550,1306,4.35007000,278233.20584860,0
1785364500000000,63952.96000000,63959.74000000,63932.06000000,63959.74000000,9.27696000,1785364559999999,593201.22206990,1588,6.44152000,411895.43400020,0
1785364560000000,63959.73000000,63959.73000000,63927.89000000,63956.00000000,9.09006000,1785364619999999,581222.54619950,2160,4.50455000,288028.22062950,0
1785364620000000,63955.99000000,63968.00000000,63950.00000000,63960.03000000,8.38547000,1785364679999999,536356.08125650,1496,2.60483000,166608.18899260,0
1785364680000000,63960.03000000,63968.00000000,63949.97000000,63961.13000000,9.80584000,1785364739999999,627161.02981080,1428,7.64700000,489072.37260150,0
1785364740000000,63961.13000000,63965.20000000,63957.57000000,63962.63000000,4.94549000,1785364799999999,316325.72793660,773,3.95462000,252947.14467210,0
1785364800000000,63962.63000000,63962.64000000,63952.82000000,63952.83000000,5.96210000,1785364859999999,381329.33784070,699,3.66758000,234574.53196770,0
1785364860000000,63952.82000000,63960.77000000,63952.45000000,63960.76000000,5.38761000,1785364919999999,344556.61883880,650,4.71652000,301638.49624480,0
1785364920000000,63960.77000000,63995.77000000,63960.76000000,63988.01000000,5.00709000,1785364979999999,320380.20282170,1418,3.68630000,235857.56446780,0
1785364980000000,63988.00000000,64030.00000000,63978.61000000,64021.81000000,7.93954000,1785365039999999,508164.01732690,2105,5.64499000,361275.17703530,0
1785365040000000,64021.81000000,64038.64000000,64015.36000000,64015.37000000,3.73204000,1785365099999999,238965.71274540,1279,1.73251000,110934.35652540,0
1785365100000000,64015.37000000,64027.81000000,64015.36000000,64027.81000000,2.72657000,1785365159999999,174549.19767140,577,1.36024000,87080.37606340,0
1785365160000000,64027.81000000,64027.81000000,63958.00000000,63958.01000000,2.98174000,1785365219999999,190809.05906150,1425,0.60999000,39026.79250890,0
1785365220000000,63958.00000000,63958.01000000,63955.12000000,63957.69000000,1.47501000,1785365279999999,94336.61259280,394,0.43336000,27715.92738890,0
1785365280000000,63957.68000000,63957.68000000,63936.05000000,63936.05000000,6.36104000,1785365339999999,406762.30969220,579,0.28377000,18147.54358650,0
1785365340000000,63936.05000000,63936.06000000,63931.97000000,63931.97000000,2.32780000,1785365399999999,148827.85256160,282,0.15589000,9966.95463640,0
1785365400000000,63931.97000000,63944.52000000,63927.61000000,63932.58000000,22.01014000,1785365459999999,1407218.65684670,1338,1.68806000,107924.13214910,0
1785365460000000,63932.58000000,63949.60000000,63931.61000000,63948.50000000,3.21575000,1785365519999999,205608.27914520,984,2.40799000,153958.09898540,0
1785365520000000,63948.50000000,63948.51000000,63910.52000000,63919.55000000,5.87022000,1785365579999999,375259.36691940,1962,2.15020000,137440.52180090,0
1785365580000000,63919.55000000,63931.02000000,63919.55000000,63931.02000000,1.48900000,1785365639999999,95182.11158180,647,1.03849000,66384.85915510,0
1785365640000000,63931.01000000,63931.02000000,63922.58000000,63931.01000000,2.98771000,1785365699999999,190997.88538400,790,0.89785000,57397.05495950,0
1785365700000000,63931.01000000,63941.50000000,63930.95000000,63941.50000000,1.78198000,1785365759999999,113926.51877520,633,1.12356000,71832.70506040,0
1785365760000000,63941.49000000,63945.05000000,63941.49000000,63941.49000000,5.25941000,1785365819999999,336303.02742000,519,0.36637000,23426.39402280,0
1785365820000000,63941.50000000,63943.59000000,63941.50000000,63943.58000000,0.69893000,1785365879999999,44691.86825820,322,0.50612000,32362.90689290,0
1785365880000000,63943.59000000,63943.59000000,63941.47000000,63942.52000000,1.62021000,1785365939999999,103599.35471390,440,1.15033000,73554.32393010,0
1785365940000000,63942.51000000,63942.52000000,63942.50000000,63942.50000000,0.77740000,1785365999999999,49708.90704110,237,0.19834000,12682.35858830,0
1785366000000000,63942.50000000,63945.05000000,63928.51000000,63928.51000000,4.14536000,1785366059999999,265050.46926000,1030,1.09988000,70327.77938480,0
1785366060000000,63928.52000000,63931.10000000,63922.43000000,63922.43000000,2.32804000,1785366119999999,148826.33727460,700,0.66024000,42208.18120900,0
1785366120000000,63922.43000000,63934.55000000,63922.43000000,63927.57000000,3.96530000,1785366179999999,253504.40874470,866,1.46897000,93908.01554780,0
1785366180000000,63927.56000000,63949.10000000,63927.56000000,63949.09000000,2.65851000,1785366239999999,169976.86926270,1049,2.13002000,136185.96866080,0
1785366240000000,63949.09000000,63949.10000000,63929.62000000,63929.62000000,2.39328000,1785366299999999,153031.36685160,788,0.27999000,17900.23093790,0
1785366300000000,63929.62000000,63930.01000000,63912.01000000,63912.01000000,3.14204000,1785366359999999,200851.82055000,896,1.57807000,100881.16159500,0
1785366360000000,63912.02000000,63949.99000000,63901.99000000,63949.99000000,7.88837000,1785366419999999,504208.84761880,2251,6.50437000,415753.59406190,0
1785366420000000,63949.98000000,63949.99000000,63929.40000000,63932.98000000,2.74764000,1785366479999999,175671.29334140,1012,0.41667000,26638.80999870,0
1785366480000000,63932.97000000,63972.37000000,63922.52000000,63972.37000000,9.32502000,1785366539999999,596195.60187020,2002,3.68118000,235378.43429420,0
1785366540000000,63972.37000000,63988.40000000,63966.73000000,63966.74000000,6.61780000,1785366599999999,423379.87990120,1975,3.32179000,212501.16888870,0
1785366600000000,63966.74000000,63966.74000000,63912.33000000,63924.01000000,3.47900000,1785366659999999,222420.49780120,1604,0.63493000,40584.10665490,0
1785366660000000,63924.01000000,63930.00000000,63902.33000000,63902.33000000,2.32066000,1785366719999999,148339.71756220,1399,1.01950000,65170.80619200,0
1785366720000000,63902.33000000,63912.00000000,63900.00000000,63906.00000000,9.20039000,1785366779999999,587951.54624210,1824,3.27392000,209221.46585840,0
1785366780000000,63906.00000000,63906.00000000,63899.00000000,63899.00000000,5.73182000,1785366839999999,366263.90241460,638,3.15104000,201350.72774440,0
1785366840000000,63899.01000000,63922.35000000,63899.00000000,63922.34000000,8.24993000,1785366899999999,527196.96711970,997,7.89986000,504824.58222940,0
1785366900000000,63922.35000000,63933.20000000,63918.22000000,63923.51000000,10.95556000,1785366959999999,700343.04023880,1561,7.24373000,463064.01776580,0
1785366960000000,63923.52000000,63970.76000000,63923.51000000,63970.76000000,6.71914000,1785367019999999,429654.50219540,1472,4.75329000,303937.77624360,0
1785367020000000,63970.76000000,63996.63000000,63970.75000000,63993.96000000,4.53600000,1785367079999999,290250.22085890,1164,2.26009000,144605.82580860,0
1785367080000000,63993.96000000,64022.00000000,63993.96000000,64022.00000000,4.16545000,1785367139999999,266629.28667070,1254,3.88208000,248491.16987390,0
1785367140000000,64022.00000000,64067.12000000,64021.99000000,64054.05000000,5.41745000,1785367199999999,346976.14856300,2092,3.90125000,249848.26563670,0
1785367200000000,64054.05000000,64054.06000000,64044.00000000,64044.01000000,1.97763000,1785367259999999,126671.96666910,631,1.18661000,76006.13997750,0
1785367260000000,64044.00000000,64044.00000000,64035.08000000,64035.08000000,2.20829000,1785367319999999,141423.52708770,934,0.34116000,21848.55291640,0
1785367320000000,64035.07000000,64038.11000000,64016.05000000,64016.05000000,8.74423000,1785367379999999,559930.41490380,1546,1.40444000,89932.08486700,0
1785367380000000,64016.05000000,64035.08000000,64005.60000000,64032.01000000,10.70700000,1785367439999999,685511.76952850,1984,4.65713000,298155.32586860,0
1785367440000000,64032.01000000,64032.02000000,64012.35000000,64012.36000000,2.87209000,1785367499999999,183858.20721260,941,0.29424000,18835.64924070,0
1785367500000000,64012.35000000,64012.35000000,63982.00000000,63992.33000000,8.14025000,1785367559999999,520976.50631470,2234,3.68149000,235608.56534860,0
1785367560000000,63992.33000000,64010.00000000,63992.33000000,64010.00000000,8.42241000,1785367619999999,539016.49471400,792,7.61817000,487544.17935590,0
1785367620000000,64010.00000000,64032.00000000,64009.99000000,64026.01000000,4.82147000,1785367679999999,308694.07532130,1207,3.28944000,210599.86388590,0
1785367680000000,64026.01000000,64026.01000000,64021.12000000,64021.12000000,1.13083000,1785367739999999,72400.55575340,356,0.36424000,23320.08765760,0
1785367740000000,64021.12000000,64021.13000000,64005.07000000,64005.07000000,1.12375000,1785367799999999,71932.91418070,700,0.25481000,16309.98235760,0
1785367800000000,64005.08000000,64024.12000000,64005.07000000,64016.94000000,4.03696000,1785367859999999,258434.84970160,1047,2.46257000,157638.11444360,0
1785367860000000,64016.95000000,64032.00000000,64016.95000000,64031.99000000,5.78230000,1785367919999999,370215.31828560,882,1.76371000,112925.73280910,0
1785367920000000,64032.00000000,64032.00000000,64031.99000000,64031.99000000,1.16559000,1785367979999999,74635.05463090,182,0.74068000,47427.22176000,0
1785367980000000,64032.00000000,64032.72000000,63950.01000000,63950.33000000,15.22009000,1785368039999999,973891.03248300,4010,5.27323000,337365.19565770,0
1785368040000000,63950.33000000,63966.00000000,63950.00000000,63965.99000000,6.29545000,1785368099999999,402658.32039660,1241,3.12886000,200121.81737410,0
1785368100000000,63966.00000000,63998.00000000,63965.99000000,63998.00000000,4.35380000,1785368159999999,278575.97534710,1371,4.03966000,258479.51629240,0
1785368160000000,63997.99000000,63998.00000000,63983.55000000,63983.55000000,1.53425000,1785368219999999,98176.56716830,739,0.23467000,15015.86106870,0
1785368220000000,63983.56000000,63983.56000000,63950.00000000,63950.01000000,2.58920000,1785368279999999,165622.89666560,1241,0.23276000,14888.22098430,0
1785368280000000,63950.01000000,63950.02000000,63950.00000000,63950.02000000,1.08106000,1785368339999999,69133.80086590,242,0.92280000,59013.07272680,0
1785368340000000,63950.02000000,63972.00000000,63950.01000000,63967.99000000,4.84342000,1785368399999999,309774.32277150,1109,4.33460000,277226.04227500,0
1785368400000000,63967.99000000,63968.00000000,63954.37000000,63954.37000000,2.25980000,1785368459999999,144533.91602970,1034,0.61708000,39467.34158730,0
1785368460000000,63954.38000000,63972.00000000,63929.09000000,63972.00000000,34.85312000,1785368519999999,2228629.87704480,2458,9.63790000,616243.65509470,0
1785368520000000,63972.00000000,63983.80000000,63972.00000000,63983.79000000,3.42334000,1785368579999999,219034.04127660,324,1.35001000,86376.98548540,0
1785368580000000,63983.80000000,63998.00000000,63981.22000000,63998.00000000,10.56218000,1785368639999999,675825.69941910,1315,5.31845000,340302.09155130,0
1785368640000000,63997.99000000,64001.75000000,63997.99000000,64001.74000000,3.09108000,1785368699999999,197824.84849720,542,2.69241000,172310.44558900,0
1785368700000000,64001.74000000,64033.59000000,64001.74000000,64033.59000000,7.50212000,1785368759999999,480266.76935030,2403,3.84734000,246283.93821570,0
1785368760000000,64033.59000000,64060.00000000,64021.53000000,64048.00000000,12.02898000,1785368819999999,770364.53506530,3087,7.97260000,510566.83868630,0
1785368820000000,64047.99000000,64048.69000000,64006.05000000,64006.06000000,5.67194000,1785368879999999,363201.60040820,1887,3.14359000,201306.30806020,0
1785368880000000,64006.06000000,64025.89000000,64006.05000000,64016.01000000,3.89219000,1785368939999999,249158.06466790,1643,2.61362000,167301.45393620,0
1785368940000000,64016.00000000,64016.01000000,63989.98000000,63989.99000000,3.82140000,1785368999999999,244572.52654270,1040,0.37826000,24208.35526470,0
1785369000000000,63989.98000000,64001.05000000,63989.98000000,64001.04000000,4.59011000,1785369059999999,293730.64723610,983,3.99520000,255658.21062480,0
1785369060000000,64001.05000000,64016.00000000,63976.00000000,63978.62000000,4.31457000,1785369119999999,276094.86755630,1874,2.17023000,138872.74020680,0
1785369120000000,63978.61000000,63978.62000000,63948.38000000,63964.36000000,5.75154000,1785369179999999,367865.39086370,1577,2.25075000,143947.44553970,0
1785369180000000,63964.35000000,63990.00000000,63964.35000000,63980.69000000,6.39621000,1785369239999999,409234.10866720,1512,3.98440000,254917.08222310,0
1785369240000000,63980.69000000,64029.69000000,63980.58000000,64029.69000000,5.24800000,1785369299999999,335899.08447170,1724,4.01925000,257238.38020990,0
1785369300000000,64029.68000000,64029.69000000,64008.00000000,64008.00000000,6.88349000,1785369359999999,440670.71423460,1191,3.10269000,198649.33723230,0
1785369360000000,64008.01000000,64008.01000000,63996.68000000,63996.68000000,1.41933000,1785369419999999,90837.10560030,882,0.50625000,32398.74006740,0
1785369420000000,63996.68000000,63996.69000000,63983.00000000,63983.01000000,1.06883000,1785369479999999,68396.54093650,705,0.49105000,31424.38429760,0
1785369480000000,63983.00000000,63989.11000000,63983.00000000,63983.01000000,1.52733000,1785369539999999,97726.60989910,525,1.18851000,76046.83525330,0
1785369540000000,63983.01000000,63989.14000000,63983.00000000,63984.28000000,4.54026000,1785369599999999,290503.08989940,730,3.75494000,240254.15752940,0
