1785110400000000,65400.00000000,65418.81000000,65384.00000000,65384.00000000,8.51394000,1785110459999999,556849.28877680,2277,4.48065000,293032.47974090,0
1785110460000000,65384.01000000,65396.00000000,65357.64000000,65357.64000000,7.54055000,1785110519999999,492980.62212930,3252,3.72076000,243250.61603720,0
1785110520000000,65357.63000000,65381.58000000,65349.07000000,65349.07000000,5.76792000,1785110579999999,377049.87793570,2115,1.90873000,124767.15998930,0
1785110580000000,65348.83000000,65357.90000000,65300.82000000,65304.00000000,10.46340000,1785110639999999,683595.15248570,2693,5.61889000,367113.92124680,0
1785110640000000,65303.99000000,65304.00000000,65286.00000000,65286.00000000,10.45930000,1785110699999999,682997.84191430,1557,4.92539000,321635.58348010,0
1785110700000000,65286.01000000,65288.64000000,65270.00000000,65270.01000000,11.87758000,1785110759999999,775378.59673200,1684,2.27904000,148774.73452250,0
1785110760000000,65270.01000000,65270.01000000,65251.06000000,65257.99000000,10.26825000,1785110819999999,670099.51129820,3182,5.62534000,367098.39722830,0
1785110820000000,65257.99000000,65267.00000000,65208.86000000,65208.99000000,38.47141000,1785110879999999,2509275.78277400,3177,5.78254000,377181.96318870,0
1785110880000000,65209.00000000,65234.61000000,65196.09000000,65209.89000000,25.59387000,1785110939999999,1669081.19955890,2889,5.23692000,341528.15464120,0
1785110940000000,65209.90000000,65227.53000000,65196.00000000,65215.99000000,10.47268000,1785110999999999,682961.77789720,3190,4.40660000,287358.77893460,0
1785111000000000,65215.99000000,65228.00000000,65194.00000000,65196.00000000,5.70217000,1785111059999999,371846.63746590,2588,2.86305000,186706.44584300,0
1785111060000000,65195.99000000,65220.67000000,65188.00000000,65211.72000000,6.93886000,1785111119999999,452441.63806920,2983,3.63346000,236908.51240850,0
1785111120000000,65211.71000000,65218.16000000,65211.71000000,65212.00000000,2.14298000,1785111179999999,139750.14611980,963,1.52793000,99640.60501810,0
1785111180000000,65212.00000000,65243.43000000,65211.69000000,65243.43000000,4.64995000,1785111239999999,303289.49930750,2241,3.59654000,234584.63294660,0
1785111240000000,65243.42000000,65243.43000000,65216.00000000,65227.32000000,6.71720000,1785111299999999,438157.55752270,1924,3.51043000,228959.14575380,0
1785111300000000,65227.33000000,65227.83000000,65209.00000000,65222.01000000,6.45443000,1785111359999999,420911.29327470,1518,5.45536000,355752.93792650,0
1785111360000000,65222.01000000,65226.52000000,65207.08000000,65207.08000000,2.71127000,1785111419999999,176830.10100030,1472,0.57598000,37566.97202970,0
1785111420000000,65207.08000000,65207.09000000,65189.70000000,65189.71000000,3.07094000,1785111479999999,200216.19767070,976,0.76987000,50188.88930900,0
1785111480000000,65189.70000000,65189.71000000,65142.85000000,65154.79000000,7.45544000,1785111539999999,485863.27423210,2319,1.61031000,104922.26160080,0
1785111540000000,65154.79000000,65154.79000000,65108.00000000,65142.00000000,8.34793000,1785111599999999,543676.62024680,2630,2.29981000,149767.73470150,0
1785111600000000,65141.99000000,65149.99000000,65123.10000000,65149.99000000,9.81904000,1785111659999999,639569.61442680,2475,4.84376000,315498.07053660,0
1785111660000000,65149.99000000,65157.03000000,65131.99000000,65131.99000000,5.87390000,1785111719999999,382655.76651720,2253,2.60293000,169575.18749310,0
1785111720000000,65131.99000000,65186.00000000,65129.45000000,65186.00000000,23.14734000,1785111779999999,1508336.51199990,2628,18.59683000,1211772.76300420,0
1785111780000000,65185.99000000,65186.00000000,65134.36000000,65134.36000000,8.78403000,1785111839999999,572482.51794400,1620,0.83008000,54089.10439530,0
1785111840000000,65134.37000000,65157.73000000,65123.00000000,65157.72000000,4.60717000,1785111899999999,300079.11459410,1625,1.91490000,124728.09355220,0
1785111900000000,65157.73000000,65224.00000000,65157.72000000,65223.99000000,8.31791000,1785111959999999,542216.91445520,2989,4.43976000,289442.33831260,0
1785111960000000,65223.99000000,65229.99000000,65203.45000000,65229.99000000,6.12838000,1785112019999999,399677.93433600,2172,2.80890000,183185.97363570,0
1785112020000000,65230.00000000,65263.85000000,65229.99000000,65230.00000000,10.19967000,1785112079999999,665478.82552380,2609,6.77563000,442071.88762520,0
1785112080000000,65230.00000000,65238.36000000,65220.00000000,65236.58000000,2.13175000,1785112139999999,139051.57719490,1646,1.64187000,107097.30447730,0
1785112140000000,65236.57000000,65236.57000000,65199.99000000,65199.99000000,3.41439000,1785112199999999,222658.80896370,2167,1.20921000,78848.01485670,0
1785112200000000,65199.99000000,65199.99000000,65162.00000000,65173.55000000,2.71691000,1785112259999999,177102.36722280,1825,0.83328000,54315.79661450,0
1785112260000000,65173.56000000,65221.99000000,65173.56000000,65221.99000000,2.85789000,1785112319999999,186334.34788350,2060,2.57141000,167657.55818900,0
1785112320000000,65221.99000000,65229.99000000,65209.20000000,65211.02000000,5.38312000,1785112379999999,351091.19246240,1457,2.04000000,133030.33256200,0
1785112380000000,65211.02000000,65222.21000000,65198.00000000,65207.45000000,8.90364000,1785112439999999,580538.44562420,2289,7.04178000,459124.03458030,0
1785112440000000,65207.45000000,65207.46000000,65195.82000000,65195.83000000,0.88199000,1785112499999999,57506.33035020,591,0.26765000,17450.08745510,0
1785112500000000,65195.83000000,65195.83000000,65159.08000000,65181.04000000,8.38219000,1785112559999999,546292.02214090,2175,5.56002000,362350.36395740,0
1785112560000000,65181.04000000,65183.77000000,65134.36000000,65151.41000000,5.50885000,1785112619999999,358951.68816880,2235,2.34056000,152531.18821570,0
1785112620000000,65151.41000000,65151.42000000,65118.00000000,65118.00000000,7.06276000,1785112679999999,459998.29054900,1294,0.26485000,17249.48165420,0
1785112680000000,65118.01000000,65141.60000000,65118.00000000,65141.58000000,3.04235000,1785112739999999,198126.12303660,1604,2.61592000,170354.21309380,0
1785112740000000,65141.58000000,65147.91000000,65136.87000000,65136.87000000,3.14077000,1785112799999999,204601.08203620,1549,0.97573000,63561.00986250,0
1785112800000000,65136.87000000,65152.00000000,65121.48000000,65147.32000000,15.14515000,1785112859999999,986472.66230140,2895,6.34733000,413452.02643260,0
1785112860000000,65147.32000000,65168.98000000,65140.00000000,65150.00000000,8.15268000,1785112919999999,531207.22391340,2085,1.65664000,107928.84606960,0
1785112920000000,65150.01000000,65153.20000000,65143.56000000,65153.19000000,2.33082000,1785112979999999,151849.69198830,895,1.58481000,103247.79217180,0
1785112980000000,65153.19000000,65153.20000000,65139.38000000,65147.99000000,4.78762000,1785113039999999,311878.86756470,1050,1.92663000,125502.56228980,0
1785113040000000,65147.99000000,65162.00000000,65138.00000000,65160.28000000,8.53576000,1785113099999999,556119.36220230,2031,6.70061000,436557.34311280,0
1785113100000000,65160.29000000,65190.27000000,65160.28000000,65187.01000000,3.94760000,1785113159999999,257279.72834360,2382,2.48242000,161784.04439530,0
1785113160000000,65187.00000000,65187.00000000,65174.00000000,65180.69000000,3.29564000,1785113219999999,214807.61017080,1104,1.54640000,100792.89775900,0
1785113220000000,65180.68000000,65190.26000000,65150.00000000,65150.00000000,2.33629000,1785113279999999,152276.05246490,1866,1.01135000,65923.44810270,0
1785113280000000,65150.00000000,65190.22000000,65134.36000000,65181.40000000,20.33543000,1785113339999999,1325439.96714570,2278,19.65567000,1281152.42101370,0
1785113340000000,65181.40000000,65181.40000000,65170.19000000,65170.19000000,4.19815000,1785113399999999,273621.67603470,735,0.27832000,18139.92773720,0
1785113400000000,65170.20000000,65183.21000000,65164.00000000,65174.01000000,2.50174000,1785113459999999,163049.41264540,1535,1.47563000,96171.99298680,0
1785113460000000,65174.01000000,65185.99000000,65174.00000000,65185.99000000,2.94804000,1785113519999999,192145.28005490,1299,1.53890000,100299.34632320,0
1785113520000000,65186.00000000,65191.28000000,65179.16000000,65179.16000000,1.64156000,1785113579999999,107009.10123650,1070,0.58023000,37824.57934110,0
1785113580000000,65179.16000000,65179.16000000,65135.00000000,65135.00000000,2.16113000,1785113639999999,140802.45223070,1441,0.30141000,19637.49815040,0
1785113640000000,65135.00000000,65135.00000000,65100.00000000,65117.99000000,9.34147000,1785113699999999,608237.03679830,2794,6.02691000,392387.30432260,0
1785113700000000,65118.00000000,65118.00000000,65065.46000000,65065.46000000,19.87278000,1785113759999999,1293446.53770280,1928,1.16264000,75682.86574780,0
1785113760000000,65065.47000000,65087.21000000,65065.46000000,65087.20000000,12.42430000,1785113819999999,808488.51866770,1425,6.49735000,422817.22437760,0
1785113820000000,65087.21000000,65119.97000000,65087.21000000,65119.97000000,3.06453000,1785113879999999,199517.32174890,1299,2.60763000,169767.66341180,0
1785113880000000,65119.97000000,65126.00000000,65119.96000000,65119.97000000,6.23047000,1785113939999999,405730.44166370,864,4.49280000,292571.65947260,0
1785113940000000,65119.97000000,65131.96000000,65105.45000000,65131.95000000,8.59859000,1785113999999999,559926.70958750,2620,5.53763000,360596.43811520,0
1785114000000000,65131.96000000,65136.00000000,65120.00000000,65133.99000000,7.93617000,1785114059999999,516864.50275510,2023,4.54311000,295867.05485670,0
1785114060000000,65134.00000000,65164.00000000,65132.00000000,65164.00000000,4.23214000,1785114119999999,275726.82169520,1472,3.62424000,236128.44316070,0
1785114120000000,65163.99000000,65186.00000000,65152.01000000,65181.37000000,5.44432000,1785114179999999,354810.59174310,2397,3.44366000,224439.97056930,0
1785114180000000,65181.36000000,65197.00000000,65178.00000000,65184.00000000,4.29444000,1785114239999999,279951.05167730,1992,3.24572000,211585.94969810,0
1785114240000000,65184.00000000,65191.52000000,65179.43000000,65186.30000000,3.33758000,1785114299999999,217564.84882840,1096,1.92635000,125569.67021450,0
1785114300000000,65186.29000000,65204.00000000,65173.73000000,65204.00000000,8.79905000,1785114359999999,573545.29980130,2033,7.62004000,496694.43722510,0
1785114360000000,65203.99000000,65206.84000000,65190.34000000,65203.98000000,4.79431000,1785114419999999,312597.20453260,1585,1.19699000,78041.96843980,0
1785114420000000,65203.97000000,65203.98000000,65188.01000000,65198.85000000,3.78190000,1785114479999999,246564.74083300,1532,2.01958000,131667.97581770,0
1785114480000000,65198.86000000,65200.00000000,65156.00000000,65159.93000000,5.75004000,1785114539999999,374759.13179450,1816,2.92793000,190804.70733550,0
1785114540000000,65159.93000000,65192.69000000,65158.07000000,65192.69000000,10.72242000,1785114599999999,698755.27169980,1719,9.37033000,610643.56596830,0
1785114600000000,65192.69000000,65192.70000000,65158.00000000,65158.01000000,4.42601000,1785114659999999,288483.25928650,1672,0.79792000,52001.60046510,0
1785114660000000,65158.01000000,65160.76000000,65150.06000000,65150.07000000,3.33156000,1785114719999999,217076.84802610,793,1.71838000,111966.82243500,0
1785114720000000,65150.06000000,65150.06000000,65102.49000000,65112.00000000,8.13129000,1785114779999999,529469.24519550,2307,4.43093000,288494.89220970,0
1785114780000000,65112.00000000,65112.00000000,65056.00000000,65056.22000000,7.14234000,1785114839999999,464781.65975350,2846,1.89590000,123350.20827440,0
1785114840000000,65056.23000000,65057.86000000,65050.04000000,65057.84000000,8.00953000,1785114899999999,521055.81395440,1681,3.46702000,225537.65550330,0
1785114900000000,65057.85000000,65057.85000000,65002.36000000,65009.99000000,14.77423000,1785114959999999,960648.75977010,3631,6.17187000,401280.11144990,0
1785114960000000,65009.99000000,65029.92000000,64992.00000000,65016.82000000,18.62133000,1785115019999999,1210674.79132580,3787,8.52065000,554009.48486910,0
1785115020000000,65016.83000000,65045.10000000,65016.82000000,65045.09000000,7.00207000,1785115079999999,455390.49103370,1409,5.26613000,342485.57550350,0
1785115080000000,65045.10000000,65073.24000000,65045.09000000,65073.00000000,6.70298000,1785115139999999,436122.01097860,1492,3.80545000,247582.26503600,0
1785115140000000,65073.01000000,65084.00000000,65066.33000000,65083.99000000,8.48323000,1785115199999999,552074.11460420,2029,4.12638000,268533.94183110,0
1785115200000000,65084.00000000,65084.00000000,65066.12000000,65066.13000000,1.58780000,1785115259999999,103327.07789110,765,0.26322000,17129.23215590,0
1785115260000000,65066.12000000,65066.12000000,65039.99000000,65057.99000000,6.78409000,1785115319999999,441308.78165470,1974,3.56218000,231707.09961970,0
1785115320000000,65057.99000000,65076.00000000,65048.00000000,65075.99000000,8.59633000,1785115379999999,559280.87500110,2208,6.31714000,411002.65050480,0
1785115380000000,65076.00000000,65079.99000000,65068.62000000,65068.62000000,4.23034000,1785115439999999,275277.29231380,1218,2.45255000,159590.22474700,0
1785115440000000,65068.63000000,65076.00000000,65067.80000000,65068.41000000,2.55753000,1785115499999999,166423.83797290,1154,1.75654000,114301.27556850,0
1785115500000000,65068.40000000,65068.42000000,65038.00000000,65038.00000000,4.08504000,1785115559999999,265746.04099550,1951,1.27174000,82735.84143420,0
1785115560000000,65038.00000000,65045.99000000,65034.78000000,65034.78000000,7.35342000,1785115619999999,478249.36068600,1415,2.32441000,151175.60151610,0
1785115620000000,65034.79000000,65048.00000000,65034.77000000,65048.00000000,2.97626000,1785115679999999,193581.26622110,1331,2.39342000,155673.98074300,0
1785115680000000,65047.99000000,65056.51000000,65034.05000000,65034.05000000,2.15670000,1785115739999999,140287.44617600,1467,0.56866000,36991.67994270,0
1785115740000000,65034.05000000,65034.06000000,65015.26000000,65019.88000000,3.82728000,1785115799999999,248863.38925410,1066,0.33534000,21803.22364710,0
1785115800000000,65019.89000000,65019.89000000,65000.21000000,65002.62000000,6.97019000,1785115859999999,453089.54338540,1660,3.27408000,212820.40934540,0
1785115860000000,65002.63000000,65075.76000000,65002.62000000,65067.77000000,8.22263000,1785115919999999,534929.81469160,2935,6.92113000,450271.10533210,0
1785115920000000,65067.77000000,65088.00000000,65067.77000000,65069.41000000,2.25897000,1785115979999999,147009.96540360,1607,0.75970000,49438.80490560,0
1785115980000000,65069.41000000,65074.75000000,65060.21000000,65065.42000000,2.89384000,1785116039999999,188292.19246980,1340,1.27833000,83170.91521340,0
1785116040000000,65065.43000000,65068.01000000,65050.00000000,65050.00000000,4.35706000,1785116099999999,283462.05236590,1231,0.97089000,63165.33020040,0
1785116100000000,65050.00000000,65050.00000000,64908.00000000,64927.71000000,25.50433000,1785116159999999,1657185.42730360,6359,3.78096000,245464.85574720,0
1785116160000000,64927.72000000,64961.11000000,64892.03000000,64948.01000000,91.23045000,1785116219999999,5923479.26530240,3448,9.03796000,586936.75037350,0
1785116220000000,64948.01000000,64996.72000000,64948.00000000,64996.72000000,9.31935000,1785116279999999,605555.70141030,3358,5.83117000,378864.37134370,0
1785116280000000,64996.72000000,65071.81000000,64996.71000000,65071.80000000,5.44224000,1785116339999999,353895.43941130,3228,4.99361000,324722.49908080,0
1785116340000000,65071.81000000,65092.39000000,65071.80000000,65092.38000000,2.02711000,1785116399999999,131930.88406590,1043,1.47443000,95957.25762280,0
1785116400000000,65092.38000000,65113.99000000,65092.38000000,65108.76000000,7.35293000,1785116459999999,478720.24688640,1291,3.88588000,252974.84089830,0
1785116460000000,65108.77000000,65119.85000000,65108.76000000,65119.84000000,4.92916000,1785116519999999,320962.62983510,1047,1.84449000,120103.44417240,0
1785116520000000,65119.84000000,65119.84000000,65083.72000000,65111.99000000,12.86241000,1785116579999999,837335.99212400,3093,6.76715000,440502.55402800,0
1785116580000000,65111.99000000,65118.59000000,65084.00000000,65087.12000000,8.86134000,1785116639999999,576913.59957390,2334,4.46652000,290799.53661310,0
1785116640000000,65087.11000000,65096.29000000,65084.00000000,65096.28000000,8.34300000,1785116699999999,543067.97598010,1382,4.35942000,283760.67897850,0
1785116700000000,65096.29000000,65096.29000000,65084.00000000,65095.93000000,2.03413000,1785116759999999,132407.74671160,1032,0.94717000,61653.85733130,0
1785116760000000,65095.94000000,65153.95000000,65094.75000000,65153.94000000,11.16427000,1785116819999999,727023.93323310,2971,8.25998000,537917.31296380,0
1785116820000000,65153.95000000,65156.00000000,65146.00000000,65146.01000000,4.70831000,1785116879999999,306755.59087610,1335,1.42239000,92672.72908810,0
1785116880000000,65146.01000000,65160.00000000,65146.00000000,65160.00000000,2.50901000,1785116939999999,163469.76977610,1481,1.69349000,110336.83034650,0
1785116940000000,65160.00000000,65172.79000000,65159.99000000,65172.79000000,5.50402000,1785116999999999,358693.10195070,902,4.53369000,295458.88499490,0
1785117000000000,65172.79000000,65200.00000000,65156.12000000,65156.12000000,11.14217000,1785117059999999,726251.54594070,3071,4.02093000,262115.06767970,0
1785117060000000,65156.13000000,65190.00000000,65152.95000000,65184.01000000,5.12002000,1785117119999999,333705.22459860,1887,2.40360000,156636.83556010,0
1785117120000000,65184.00000000,65184.01000000,65160.00000000,65168.00000000,3.19701000,1785117179999999,208348.90876080,1614,1.29991000,84707.99381640,0
1785117180000000,65168.00000000,65168.00000000,65165.15000000,65165.16000000,1.97324000,1785117239999999,128587.47949930,398,0.50820000,33117.12165680,0
1785117240000000,65165.16000000,65165.16000000,65150.90000000,65157.94000000,2.52126000,1785117299999999,164279.45709300,1299,1.61182000,105019.87546030,0
1785117300000000,65157.94000000,65186.78000000,65157.94000000,65186.78000000,6.10581000,1785117359999999,397990.82885780,1563,5.69891000,371468.78063900,0
1785117360000000,65186.78000000,65218.57000000,65186.78000000,65218.57000000,5.10305000,1785117419999999,332755.87322090,1951,4.16848000,271809.86123700,0
1785117420000000,65218.56000000,65218.57000000,65204.65000000,65204.66000000,2.58989000,1785117479999999,168892.29884410,954,0.41269000,26911.64768870,0
1785117480000000,65204.66000000,65225.75000000,65188.97000000,65214.57000000,12.61775000,1785117539999999,822806.50068610,1811,4.35111000,283769.33898370,0
1785117540000000,65214.57000000,65223.17000000,65202.00000000,65206.21000000,12.05055000,1785117599999999,785819.23052780,1585,3.31957000,216467.41714590,0
1785117600000000,65206.21000000,65220.00000000,65184.00000000,65184.01000000,9.94882000,1785117659999999,648768.25225470,2197,4.09898000,267303.40646770,0
1785117660000000,65184.01000000,65212.62000000,65176.41000000,65212.61000000,3.86657000,1785117719999999,252075.23971690,1929,2.68238000,174880.09667920,0
1785117720000000,65212.62000000,65218.67000000,65190.00000000,65190.00000000,6.63742000,1785117779999999,432802.21663620,1516,3.06100000,199602.76990950,0
1785117780000000,65190.01000000,65190.01000000,65178.46000000,65182.04000000,2.11146000,1785117839999999,137628.56719430,763,0.95988000,62564.81425830,0
1785117840000000,65182.04000000,65197.51000000,65168.00000000,65168.00000000,3.01218000,1785117899999999,196345.48446720,1769,1.00525000,65526.36919170,0
1785117900000000,65168.00000000,65192.89000000,65160.00000000,65192.88000000,4.51894000,1785117959999999,294521.21230770,1592,3.17551000,206950.75742420,0
1785117960000000,65192.88000000,65192.89000000,65165.40000000,65165.74000000,2.53443000,1785118019999999,165192.04020380,1586,0.30241000,19709.12735620,0
1785118020000000,65165.75000000,65192.00000000,65165.74000000,65191.99000000,2.76467000,1785118079999999,180186.31339070,1345,2.12281000,138352.25113170,0
1785118080000000,65192.00000000,65192.00000000,65180.00000000,65180.00000000,2.60480000,1785118139999999,169796.76996090,968,0.29694000,19356.15110390,0
1785118140000000,65180.00000000,65212.00000000,65172.00000000,65212.00000000,3.46459000,1785118199999999,225866.93071130,2020,2.29785000,149809.92540410,0
1785118200000000,65211.99000000,65212.00000000,65182.54000000,65188.67000000,8.14009000,1785118259999999,530662.32976390,1677,4.66351000,303985.65004370,0
1785118260000000,65188.68000000,65220.00000000,65188.67000000,65220.00000000,3.67310000,1785118319999999,239517.37463580,1643,2.30314000,150183.92855120,0
1785118320000000,65220.00000000,65220.00000000,65202.94000000,65202.95000000,4.74766000,1785118379999999,309606.10458270,1217,0.36960000,24103.75802810,0
1785118380000000,65202.94000000,65217.11000000,65190.65000000,65214.73000000,5.44789000,1785118439999999,355235.39719560,1854,2.03484000,132687.78437720,0
1785118440000000,65214.72000000,65214.73000000,65206.00000000,65206.01000000,3.03289000,1785118499999999,197770.52461910,557,0.21262000,13864.59846100,0
1785118500000000,65206.00000000,65206.01000000,65170.26000000,65170.26000000,8.00678000,1785118559999999,521942.24353610,2415,0.34057000,22200.81742670,0
1785118560000000,65170.27000000,65194.00000000,65154.02000000,65154.02000000,10.59441000,1785118619999999,690547.77539350,2618,4.35644000,283938.70779540,0
1785118620000000,65154.03000000,65204.00000000,65154.02000000,65181.85000000,8.99843000,1785118679999999,586578.84464880,2851,3.81279000,248527.03547890,0
1785118680000000,65181.85000000,65203.50000000,65181.43000000,65188.08000000,8.55762000,1785118739999999,557900.58362760,1821,3.52172000,229580.96413850,0
1785118740000000,65188.08000000,65220.00000000,65188.07000000,65220.00000000,2.93173000,1785118799999999,191148.78243510,1448,2.00693000,130847.26120760,0
1785118800000000,65220.00000000,65249.74000000,65205.46000000,65222.87000000,14.82439000,1785118859999999,966930.16382730,2596,7.30549000,476537.55895180,0
1785118860000000,65222.87000000,65222.87000000,65188.13000000,65188.14000000,8.40116000,1785118919999999,547772.97544860,1732,1.49358000,97381.92095950,0
1785118920000000,65188.13000000,65208.00000000,65173.36000000,65199.99000000,25.32552000,1785118979999999,1650956.44702160,2498,4.43675000,289211.38932580,0
1785118980000000,65200.00000000,65200.00000000,65164.48000000,65164.48000000,10.86291000,1785119039999999,708119.59979450,2154,0.82319000,53659.42887960,0
1785119040000000,65164.48000000,65194.89000000,65164.48000000,65178.10000000,20.73236000,1785119099999999,1351370.53087930,2187,8.21014000,535131.25385110,0
1785119100000000,65178.09000000,65200.00000000,65178.00000000,65199.00000000,10.82385000,1785119159999999,705668.78349260,1270,2.02071000,131727.72941000,0
1785119160000000,65198.99000000,65199.00000000,65179.34000000,65192.00000000,10.61202000,1785119219999999,691787.21372240,1729,5.90925000,385204.69717000,0
1785119220000000,65192.00000000,65202.00000000,65191.99000000,65197.61000000,9.42644000,1785119279999999,614590.58271930,875,7.78789000,507757.87054050,0
1785119280000000,65197.62000000,65211.13000000,65197.61000000,65198.01000000,4.43631000,1785119339999999,289267.01556900,967,2.46655000,160826.77162420,0
1785119340000000,65198.00000000,65198.01000000,65186.54000000,65186.54000000,3.34649000,1785119399999999,218171.70979220,730,0.47715000,31107.61834820,0
1785119400000000,65186.54000000,65186.55000000,65141.36000000,65141.43000000,8.89370000,1785119459999999,579477.68042700,2055,3.02489000,197062.29430520,0
1785119460000000,65141.43000000,65141.44000000,65118.08000000,65118.08000000,4.78736000,1785119519999999,311809.68285410,1007,0.90085000,58674.86627030,0
1785119520000000,65118.09000000,65134.38000000,65118.09000000,65134.38000000,5.97113000,1785119579999999,388899.11928930,1011,4.71006000,306760.17458600,0
1785119580000000,65134.38000000,65134.38000000,65120.00000000,65124.72000000,6.04762000,1785119639999999,393882.44490670,1019,1.53688000,100091.96548210,0
1785119640000000,65124.72000000,65145.88000000,65124.72000000,65140.01000000,3.84721000,1785119699999999,250599.94850480,952,2.31370000,150703.75446790,0
1785119700000000,65140.00000000,65143.70000000,65138.00000000,65141.18000000,4.00526000,1785119759999999,260901.67039960,680,2.88618000,188003.64762960,0
1785119760000000,65141.18000000,65225.98000000,65141.17000000,65225.00000000,25.85483000,1785119819999999,1686084.90256310,3285,16.03448000,1045563.59852160,0
1785119820000000,65225.00000000,65235.00000000,65225.00000000,65234.00000000,16.39750000,1785119879999999,1069661.83255890,1529,3.76337000,245488.61445800,0
1785119880000000,65234.00000000,65235.00000000,65230.00000000,65234.99000000,3.94501000,1785119939999999,257342.40333720,606,2.65871000,173434.29335920,0
1785119940000000,65235.00000000,65259.42000000,65234.99000000,65254.16000000,8.32212000,1785119999999999,542987.61510280,1267,5.16545000,336998.13611180,0
1785120000000000,65254.16000000,65254.17000000,65239.43000000,65239.43000000,4.44284000,1785120059999999,289880.55764470,773,0.71088000,46382.76312470,0
1785120060000000,65239.43000000,65258.00000000,65239.43000000,65257.99000000,4.42046000,1785120119999999,288449.34491040,752,3.74183000,244169.59988220,0
1785120120000000,65258.00000000,65266.00000000,65258.00000000,65265.00000000,11.06771000,1785120179999999,722339.65609540,815,4.45275000,290609.24372280,0
1785120180000000,65264.99000000,65281.64000000,65263.90000000,65271.99000000,21.92996000,1785120239999999,1431354.42923970,1639,9.05554000,591054.74075190,0
1785120240000000,65271.99000000,65272.00000000,65239.44000000,65239.45000000,19.93085000,1785120299999999,1300469.03593280,1653,1.02121000,66639.17077820,0
1785120300000000,65239.44000000,65261.00000000,65239.44000000,65255.37000000,29.48847000,1785120359999999,1924277.35505380,1857,22.46869000,1466168.04803870,0
1785120360000000,65255.38000000,65265.64000000,65255.37000000,65265.64000000,2.08891000,1785120419999999,136321.27319960,853,1.69217000,110430.13168520,0
1785120420000000,65265.64000000,65265.64000000,65239.43000000,65239.44000000,6.65556000,1785120479999999,434292.28210940,1419,1.18347000,77218.66331720,0
1785120480000000,65239.44000000,65239.44000000,65220.59000000,65220.60000000,4.51989000,1785120539999999,294830.24740510,1092,0.35633000,23243.80857340,0
1785120540000000,65220.60000000,65225.77000000,65220.59000000,65222.00000000,2.16434000,1785120599999999,141167.72108040,481,0.88692000,57848.55348610,0
1785120600000000,65222.00000000,65222.01000000,65187.19000000,65187.19000000,8.25012000,1785120659999999,537952.17549230,1497,0.42499000,27708.69082210,0
1785120660000000,65187.19000000,65187.20000000,65187.19000000,65187.19000000,1.23170000,1785120719999999,80291.06835610,218,0.64331000,41935.57763200,0
1785120720000000,65187.19000000,65187.20000000,65146.18000000,65146.19000000,7.10272000,1785120779999999,462855.01828330,1927,0.61001000,39745.26554630,0
1785120780000000,65146.19000000,65146.19000000,65126.77000000,65146.00000000,7.99496000,1785120839999999,520784.00251480,1485,1.92434000,125345.52993800,0
1785120840000000,65146.00000000,65166.00000000,65146.00000000,65166.00000000,3.37813000,1785120899999999,220109.93172870,1796,1.65995000,108157.27499440,0
1785120900000000,65166.00000000,65176.58000000,65165.99000000,65176.57000000,1.13051000,1785120959999999,73680.25391270,552,0.60774000,39608.37948260,0
1785120960000000,65176.58000000,65205.51000000,65170.00000000,65170.00000000,5.34296000,1785121019999999,348301.81544330,1972,0.69931000,45589.73746660,0
1785121020000000,65170.00000000,65170.01000000,65170.00000000,65170.01000000,2.90712000,1785121079999999,189457.02049650,264,1.00965000,65798.90059650,0
1785121080000000,65170.01000000,65186.00000000,65170.00000000,65186.00000000,3.78519000,1785121139999999,246703.19807810,853,2.34918000,153101.92693110,0
1785121140000000,65186.00000000,65186.00000000,65170.00000000,65172.00000000,15.52818000,1785121199999999,1012102.40486810,1422,6.66602000,434467.17855430,0
1785121200000000,65172.02000000,65218.00000000,65170.34000000,65218.00000000,16.51599000,1785121259999999,1076493.51594500,2099,3.11640000,203156.79608100,0
1785121260000000,65217.99000000,65239.44000000,65217.99000000,65239.44000000,4.63747000,1785121319999999,302506.65025470,1021,4.17348000,272242.47656540,0
1785121320000000,65239.44000000,65290.00000000,65239.43000000,65248.00000000,16.73812000,1785121379999999,1092397.97545420,2803,9.34904000,610073.36635430,0
1785121380000000,65248.00000000,65248.01000000,65224.00000000,65224.00000000,6.73171000,1785121439999999,439171.43664870,1211,1.58933000,103685.50866160,0
1785121440000000,65224.00000000,65224.01000000,65161.99000000,65162.00000000,97.15440000,1785121499999999,6331587.90014810,2805,58.72778000,3826849.85263520,0
1785121500000000,65162.00000000,65222.80000000,65162.00000000,65219.56000000,109.41069000,1785121559999999,7134515.16146270,4147,94.24471000,6145399.06472150,0
1785121560000000,65219.57000000,65240.00000000,65219.56000000,65233.60000000,7.99183000,1785121619999999,521338.10225330,1218,1.57266000,102582.88158810,0
1785121620000000,65233.59000000,65250.00000000,65214.92000000,65229.99000000,10.73380000,1785121679999999,700247.14864150,2327,1.83401000,119634.79754960,0
1785121680000000,65229.99000000,65232.00000000,65229.99000000,65232.00000000,3.49910000,1785121739999999,228248.29020570,590,1.56931000,102366.98172360,0
1785121740000000,65232.00000000,65232.00000000,65203.03000000,65203.03000000,6.98296000,1785121799999999,455445.39177030,1596,0.75665000,49353.22544870,0
1785121800000000,65203.03000000,65203.04000000,65186.18000000,65186.18000000,4.87545000,1785121859999999,317832.83570570,1264,0.29743000,19388.55567560,0
1785121860000000,65186.19000000,65232.00000000,65186.18000000,65232.00000000,6.36437000,1785121919999999,414923.89488590,1572,5.84822000,381269.21284980,0
1785121920000000,65231.99000000,65235.65000000,65229.38000000,65235.65000000,4.11368000,1785121979999999,268342.67695960,564,0.89126000,58138.65971730,0
1785121980000000,65235.64000000,65259.09000000,65235.64000000,65254.01000000,4.13254000,1785122039999999,269653.68123720,1016,1.36785000,89239.92700740,0
1785122040000000,65254.00000000,65280.00000000,65254.00000000,65279.99000000,4.19840000,1785122099999999,274024.33526180,1134,3.69294000,241037.37857840,0
1785122100000000,65280.00000000,65286.00000000,65280.00000000,65285.99000000,4.24330000,1785122159999999,277021.91429950,736,1.30427000,85146.58995290,0
1785122160000000,65286.00000000,65290.09000000,65285.99000000,65289.99000000,3.42648000,1785122219999999,223712.51390210,506,1.10837000,72363.57242170,0
1785122220000000,65290.00000000,65300.00000000,65289.99000000,65299.99000000,1.37641000,1785122279999999,89874.87160830,485,0.99014000,64651.87747100,0
1785122280000000,65299.99000000,65299.99000000,65287.85000000,65289.99000000,4.71260000,1785122339999999,307704.83623860,1113,0.38073000,24857.63048580,0
1785122340000000,65290.00000000,65290.00000000,65278.00000000,65287.04000000,6.20880000,1785122399999999,405342.74513080,1250,1.81758000,118653.04548430,0
1785122400000000,65287.04000000,65287.05000000,65263.83000000,65272.80000000,6.21466000,1785122459999999,405665.82640040,1461,2.21648000,144678.38282980,0
1785122460000000,65272.80000000,65301.45000000,65272.80000000,65301.44000000,5.50411000,1785122519999999,359347.60415040,856,5.25110000,342829.84307900,0
1785122520000000,65301.45000000,65301.45000000,65284.54000000,65291.99000000,3.69471000,1785122579999999,241234.88587470,1201,0.82453000,53831.49377670,0
1785122580000000,65292.00000000,65341.77000000,65292.00000000,65337.27000000,14.34163000,1785122639999999,936767.83738190,2890,10.04904000,656353.57781540,0
1785122640000000,65337.28000000,65337.28000000,65312.00000000,65312.01000000,8.51407000,1785122699999999,556228.44574940,1574,1.07826000,70445.49354220,0
1785122700000000,65312.01000000,65335.80000000,65306.51000000,65335.80000000,5.67105000,1785122759999999,370451.27421260,1753,2.49119000,162727.74027590,0
1785122760000000,65335.81000000,65336.00000000,65332.79000000,65332.80000000,2.31125000,1785122819999999,151003.69779960,550,0.54807000,35808.24168590,0
1785122820000000,65332.79000000,65332.79000000,65325.98000000,65325.99000000,1.53573000,1785122879999999,100326.11778440,361,0.42086000,27493.09615140,0
1785122880000000,65325.98000000,65329.16000000,65325.98000000,65329.16000000,1.66598000,1785122939999999,108832.56513640,297,1.16749000,76268.21736620,0
1785122940000000,65329.16000000,65329.16000000,65319.99000000,65319.99000000,2.51881000,1785122999999999,164541.86355140,750,0.55576000,36305.96440900,0
1785123000000000,65319.99000000,65320.00000000,65264.41000000,65264.41000000,6.15216000,1785123059999999,401676.07989540,1820,0.30090000,19644.69963190,0
1785123060000000,65264.41000000,65274.00000000,65254.00000000,65274.00000000,3.30753000,1785123119999999,215859.28690040,1264,1.45869000,95198.90008510,0
1785123120000000,65274.00000000,65288.00000000,65274.00000000,65277.20000000,3.74139000,1785123179999999,244244.40835160,1273,0.54016000,35261.32330480,0
1785123180000000,65277.20000000,65277.20000000,65277.19000000,65277.20000000,1.44032000,1785123239999999,94020.04569100,261,0.33902000,22130.27634400,0
1785123240000000,65277.20000000,65277.99000000,65274.79000000,65277.99000000,3.49913000,1785123299999999,228407.93450580,721,1.69859000,110875.38088800,0
1785123300000000,65277.98000000,65292.00000000,65277.98000000,65291.99000000,1.47567000,1785123359999999,96341.77502890,618,0.98483000,64295.72388760,0
1785123360000000,65292.00000000,65298.00000000,65291.99000000,65297.99000000,2.21941000,1785123419999999,144916.19197220,562,1.76453000,115213.79681630,0
1785123420000000,65297.99000000,65298.00000000,65297.99000000,65297.99000000,0.59347000,1785123479999999,38752.40147860,140,0.33533000,21896.37834000,0
1785123480000000,65297.99000000,65315.79000000,65297.99000000,65315.78000000,1.73798000,1785123539999999,113506.83016260,920,1.13569000,74172.80616020,0
1785123540000000,65315.79000000,65315.79000000,65291.99000000,65291.99000000,7.73952000,1785123599999999,505450.03148990,1402,0.22408000,14634.85794900,0
1785123600000000,65291.99000000,65298.46000000,65291.99000000,65298.46000000,5.29548000,1785123659999999,345775.71941150,771,3.14698000,205486.60537380,0
1785123660000000,65298.46000000,65338.66000000,65298.45000000,65338.65000000,6.89001000,1785123719999999,450012.48300910,1820,2.58114000,168598.61763640,0
1785123720000000,65338.66000000,65338.66000000,65332.10000000,65337.34000000,9.37653000,1785123779999999,612612.35634130,841,4.84249000,316372.09347900,0
1785123780000000,65337.34000000,65355.88000000,65337.33000000,65352.57000000,14.81596000,1785123839999999,968201.68078120,1788,9.94861000,650102.69993700,0
1785123840000000,65352.57000000,65359.98000000,65352.57000000,65356.70000000,6.62240000,1785123899999999,432823.21308980,1391,4.02950000,263355.79864780,0
1785123900000000,65356.70000000,65367.73000000,65356.70000000,65363.32000000,3.79894000,1785123959999999,248310.83258140,1006,1.74171000,113841.32888860,0
1785123960000000,65363.32000000,65367.62000000,65363.32000000,65366.47000000,2.58780000,1785124019999999,169156.32451030,528,0.92309000,60339.25423020,0
1785124020000000,65366.46000000,65366.47000000,65346.00000000,65346.00000000,5.97519000,1785124079999999,390534.21667900,1126,0.65769000,42984.59013890,0
1785124080000000,65346.01000000,65346.01000000,65332.00000000,65332.00000000,4.29488000,1785124139999999,280623.86774560,856,0.35266000,23041.77837660,0
1785124140000000,65332.00000000,65332.01000000,65318.00000000,65318.01000000,3.17735000,1785124199999999,207557.07993060,1137,0.57177000,37348.47259090,0
1785124200000000,65318.01000000,65320.64000000,65307.99000000,65307.99000000,3.96725000,1785124259999999,259120.22244930,969,0.72398000,47288.88472600,0
1785124260000000,65308.00000000,65308.00000000,65293.96000000,65293.96000000,3.91211000,1785124319999999,255473.29971730,1037,0.29036000,18959.70053770,0
1785124320000000,65293.96000000,65317.44000000,65293.96000000,65317.44000000,2.17979000,1785124379999999,142354.96684150,1510,1.64216000,107242.13739970,0
1785124380000000,65317.43000000,65317.44000000,65317.43000000,65317.44000000,0.74644000,1785124439999999,48755.54577510,184,0.33259000,21723.92736960,0
1785124440000000,65317.44000000,65317.44000000,65304.84000000,65304.85000000,3.73981000,1785124499999999,244263.31350420,1117,0.40600000,26517.70382210,0
1785124500000000,65304.85000000,65304.85000000,65269.99000000,65278.45000000,7.82659000,1785124559999999,510986.82147740,868,0.78184000,51051.71967780,0
1785124560000000,65278.45000000,65288.88000000,65272.00000000,65272.00000000,8.30428000,1785124619999999,542124.92915450,1330,1.01114000,66009.90062310,0
1785124620000000,65272.01000000,65281.91000000,65272.00000000,65281.90000000,3.14287000,1785124679999999,205151.61710210,560,1.93291000,126171.54313580,0
1785124680000000,65281.91000000,65302.36000000,65281.90000000,65302.36000000,5.83361000,1785124739999999,380873.00853860,1650,3.31434000,216389.85652920,0
1785124740000000,65302.35000000,65302.36000000,65270.00000000,65284.00000000,8.76885000,1785124799999999,572452.20105710,2043,3.05948000,199702.20668050,0
1785124800000000,65284.00000000,65287.89000000,65278.33000000,65283.98000000,3.89365000,1785124859999999,254187.70614780,1086,1.34584000,87856.50141950,0
1785124860000000,65283.99000000,65294.00000000,65283.98000000,65292.01000000,2.89468000,1785124919999999,188996.46079380,786,0.97464000,63632.56256630,0
1785124920000000,65292.01000000,65292.01000000,65289.59000000,65289.59000000,2.77171000,1785124979999999,180969.51184740,665,0.45720000,29851.46404380,0
1785124980000000,65289.60000000,65340.00000000,65289.60000000,65340.00000000,5.18853000,1785125039999999,338853.94172790,1746,4.88861000,319263.67006430,0
1785125040000000,65340.00000000,65340.00000000,65328.00000000,65340.00000000,7.64412000,1785125099999999,499428.51295870,1337,2.49145000,162771.14263720,0
1785125100000000,65339.99000000,65340.00000000,65329.15000000,65331.99000000,6.82821000,1785125159999999,446116.64575910,1076,2.90408000,189736.28267800,0
1785125160000000,65332.00000000,65342.00000000,65331.99000000,65341.99000000,2.24625000,1785125219999999,146768.40504800,852,1.08012000,70571.91890930,0
1785125220000000,65342.00000000,65374.79000000,65342.00000000,65374.40000000,4.48930000,1785125279999999,293448.45554910,1891,2.15250000,140682.62445810,0
1785125280000000,65374.41000000,65374.41000000,65352.89000000,65352.89000000,4.50910000,1785125339999999,294726.12538710,1435,0.64146000,41925.98660880,0
1785125340000000,65352.89000000,65352.89000000,65290.00000000,65290.00000000,10.12372000,1785125399999999,661300.17968410,2412,0.47840000,31236.74704430,0
1785125400000000,65290.01000000,65290.01000000,65274.02000000,65274.02000000,4.28336000,1785125459999999,279631.56199550,961,0.99352000,64859.95338080,0
1785125460000000,65274.03000000,65274.03000000,65242.69000000,65242.69000000,12.61930000,1785125519999999,823602.46588520,1776,0.85710000,55934.76853700,0
1785125520000000,65242.69000000,65274.00000000,65242.69000000,65273.99000000,2.49606000,1785125579999999,162890.62363560,1269,2.27922000,148740.15241340,0
1785125580000000,65274.00000000,65296.00000000,65273.99000000,65296.00000000,2.00793000,1785125639999999,131090.30193980,777,1.43350000,93588.10988630,0
1785125640000000,65295.99000000,65318.52000000,65295.99000000,65318.51000000,1.08708000,1785125699999999,70992.22522700,1068,0.95456000,62338.33317730,0
1785125700000000,65318.51000000,65324.00000000,65318.00000000,65318.00000000,7.74197000,1785125759999999,505710.65436290,1143,1.74830000,114197.83031620,0
1785125760000000,65318.00000000,65346.44000000,65312.56000000,65346.43000000,3.55386000,1785125819999999,232159.23617270,1621,2.37574000,155208.76448640,0
1785125820000000,65346.44000000,65351.25000000,65346.43000000,65351.24000000,4.34674000,1785125879999999,284057.49730700,835,0.86584000,56579.83323890,0
1785125880000000,65351.25000000,65400.00000000,65351.24000000,65399.99000000,13.90006000,1785125939999999,908639.19158290,1801,10.35819000,677162.73392520,0
1785125940000000,65399.99000000,65400.00000000,65379.38000000,65382.01000000,9.88551000,1785125999999999,646434.00782150,1950,1.29902000,84938.38092790,0
1785126000000000,65382.02000000,65425.00000000,65379.37000000,65422.89000000,11.27121000,1785126059999999,737166.24902900,2474,4.04905000,264827.08361190,0
1785126060000000,65422.89000000,65422.89000000,65410.07000000,65410.07000000,3.97568000,1785126119999999,260077.71367660,962,0.76220000,49859.62636480,0
1785126120000000,65410.07000000,65500.00000000,65410.07000000,65460.00000000,23.82526000,1785126179999999,1559622.08434820,5340,14.82519000,970314.73691630,0
1785126180000000,65460.00000000,65480.00000000,65451.74000000,65459.72000000,7.59436000,1785126239999999,497229.78028200,1399,2.37628000,155583.70373960,0
1785126240000000,65459.72000000,65459.73000000,65392.00000000,65392.00000000,12.28964000,1785126299999999,804039.93152040,1795,0.51745000,33848.23838700,0
1785126300000000,65392.01000000,65393.28000000,65392.00000000,65393.28000000,1.63571000,1785126359999999,106963.38531800,394,1.34821000,88162.82137410,0
1785126360000000,65393.27000000,65393.28000000,65350.61000000,65350.61000000,9.31134000,1785126419999999,608715.12989180,1786,0.85706000,56015.47787040,0
1785126420000000,65350.62000000,65350.62000000,65311.99000000,65312.00000000,9.19548000,1785126479999999,600744.83400840,1726,0.38258000,24989.55326880,0
1785126480000000,65311.99000000,65312.00000000,65288.26000000,65294.00000000,6.41324000,1785126539999999,418806.44132700,1497,0.58991000,38519.70811830,0
1785126540000000,65294.00000000,65325.33000000,65293.99000000,65325.33000000,2.02266000,1785126599999999,132095.52276300,1280,1.61088000,105201.44783800,0
1785126600000000,65325.32000000,65325.33000000,65290.03000000,65290.03000000,6.02369000,1785126659999999,393403.94695850,1562,0.24603000,16065.38418760,0
1785126660000000,65290.03000000,65295.55000000,65266.65000000,65266.66000000,5.34721000,1785126719999999,349074.72956860,1492,0.77599000,50657.65666290,0
1785126720000000,65266.66000000,65269.28000000,65252.30000000,65252.30000000,5.27408000,1785126779999999,344210.96644220,1635,0.89137000,58174.95057800,0
1785126780000000,65252.31000000,65298.74000000,65252.30000000,65298.73000000,3.70409000,1785126839999999,241795.84507840,1775,2.44219000,159423.66564370,0
1785126840000000,65298.73000000,65301.78000000,65290.70000000,65301.77000000,3.15071000,1785126899999999,205730.72395330,1105,1.85926000,121403.88037090,0
1785126900000000,65301.78000000,65325.32000000,65301.77000000,65325.32000000,2.47834000,1785126959999999,161872.65861970,830,2.26381000,147860.96725700,0
1785126960000000,65325.32000000,65332.71000000,65325.31000000,65332.70000000,7.18645000,1785127019999999,469473.24614950,971,1.92617000,125829.62411920,0
1785127020000000,65332.70000000,65387.93000000,65325.32000000,65387.92000000,6.11245000,1785127079999999,399440.86344270,2330,3.56208000,232802.21970100,0
1785127080000000,65387.92000000,65388.00000000,65362.00000000,65363.99000000,3.88209000,1785127139999999,253784.24168600,1223,0.24300000,15883.71080620,0
1785127140000000,65364.00000000,65364.00000000,65354.05000000,65356.44000000,5.12020000,1785127199999999,334652.94788600,719,0.57573000,37627.51117530,0
1785127200000000,65356.45000000,65364.00000000,65356.44000000,65363.99000000,1.33949000,1785127259999999,87550.15631200,504,0.36401000,23791.84837360,0
1785127260000000,65364.00000000,65404.00000000,65364.00000000,65403.99000000,2.18342000,1785127319999999,142769.17128160,1437,1.95597000,127896.46411350,0
1785127320000000,65403.99000000,65436.87000000,65400.00000000,65400.01000000,10.03251000,1785127379999999,656304.25836640,2408,2.13402000,139610.33220150,0
1785127380000000,65400.00000000,65400.01000000,65372.48000000,65375.10000000,4.73326000,1785127439999999,309495.89173970,1055,1.14941000,75142.69914080,0
1785127440000000,65375.11000000,65393.82000000,65375.10000000,65393.82000000,5.87454000,1785127499999999,384110.74629010,866,0.63138000,41281.86380040,0
1785127500000000,65393.81000000,65393.82000000,65336.00000000,65336.00000000,11.43014000,1785127559999999,747267.02892070,2513,0.23599000,15426.09006330,0
1785127560000000,65336.01000000,65340.00000000,65336.00000000,65339.99000000,1.49859000,1785127619999999,97912.13989460,386,1.15202000,75268.63994070,0
1785127620000000,65339.99000000,65362.54000000,65339.99000000,65362.54000000,4.73630000,1785127679999999,309532.61748500,1022,2.18548000,142816.43660320,0
1785127680000000,65362.54000000,65362.54000000,65346.71000000,65346.71000000,4.55417000,1785127739999999,297629.83650950,1159,0.24269000,15859.30187420,0
1785127740000000,65346.72000000,65358.35000000,65346.71000000,65358.34000000,1.01436000,1785127799999999,66289.77694400,626,0.89670000,58600.23529600,0
1785127800000000,65358.34000000,65358.35000000,65344.50000000,65344.51000000,4.22908000,1785127859999999,276377.58519510,1182,0.32387000,21166.50461250,0
1785127860000000,65344.51000000,65344.51000000,65324.39000000,65335.99000000,5.31863000,1785127919999999,347479.02569100,1523,2.04332000,133484.64261990,0
1785127920000000,65335.99000000,65335.99000000,65319.89000000,65319.90000000,9.52135000,1785127979999999,622018.26837040,1846,0.46677000,30490.83971610,0
1785127980000000,65319.89000000,65324.00000000,65318.62000000,65324.00000000,1.70375000,1785128039999999,111291.51640140,407,0.39659000,25906.16977650,0
1785128040000000,65323.99000000,65324.85000000,65323.99000000,65324.84000000,0.75277000,1785128099999999,49174.21783450,242,0.51042000,33342.81162550,0
1785128100000000,65324.84000000,65324.85000000,65310.72000000,65310.73000000,2.49758000,1785128159999999,163138.30804270,852,0.12374000,8081.56652140,0
1785128160000000,65310.73000000,65316.00000000,65310.72000000,65316.00000000,1.60026000,1785128219999999,104515.59031280,417,1.35309000,88371.97241950,0
1785128220000000,65316.00000000,65316.00000000,65305.54000000,65305.55000000,3.14412000,1785128279999999,205347.46402600,746,0.39955000,26093.61395350,0
1785128280000000,65305.55000000,65305.55000000,65300.00000000,65300.00000000,1.77422000,1785128339999999,115863.20156640,502,0.23993000,15668.72565410,0
1785128340000000,65300.00000000,65300.00000000,65282.80000000,65282.80000000,5.29624000,1785128399999999,345799.65805070,1078,1.61547000,105474.86113250,0
1785128400000000,65282.81000000,65289.34000000,65282.80000000,65282.80000000,3.94354000,1785128459999999,257461.07314660,856,0.55179000,36024.38894910,0
1785128460000000,65282.80000000,65308.00000000,65282.80000000,65308.00000000,3.55950000,1785128519999999,232400.99408110,979,2.99468000,195517.47427040,0
1785128520000000,65308.00000000,65314.00000000,65307.99000000,65314.00000000,1.24470000,1785128579999999,81292.46631140,421,0.79909000,52188.56786750,0
1785128580000000,65313.99000000,65316.00000000,65294.83000000,65316.00000000,5.84680000,1785128639999999,381805.72828760,2224,2.87356000,187632.99604650,0
1785128640000000,65315.99000000,65316.00000000,65290.01000000,65290.01000000,3.48744000,1785128699999999,227753.81926860,1301,0.17982000,11743.35059000,0
1785128700000000,65290.02000000,65314.94000000,65290.01000000,65309.88000000,3.57762000,1785128759999999,233609.54488720,1381,2.51255000,164051.64029290,0
1785128760000000,65309.88000000,65316.00000000,65306.44000000,65306.44000000,2.52303000,1785128819999999,164780.35039870,836,1.52611000,99669.01074010,0
1785128820000000,65306.44000000,65306.45000000,65306.44000000,65306.44000000,0.83388000,1785128879999999,54457.73999550,151,0.58083000,37931.94535350,0
1785128880000000,65306.45000000,65326.00000000,65297.44000000,65297.45000000,5.20512000,1785128939999999,339967.14345590,2060,2.04610000,133638.68381940,0
1785128940000000,65297.44000000,65318.99000000,65297.44000000,65318.98000000,1.52594000,1785128999999999,99653.16353380,846,1.41608000,92478.80886450,0
1785129000000000,65318.99000000,65360.00000000,65318.98000000,65352.01000000,4.68889000,1785129059999999,306413.54012780,2844,2.93776000,191967.37258500,0
1785129060000000,65352.01000000,65360.00000000,65352.00000000,65360.00000000,3.76966000,1785129119999999,246367.99290450,375,2.99620000,195814.82282800,0
1785129120000000,65360.00000000,65367.99000000,65354.76000000,65367.99000000,3.53889000,1785129179999999,231299.43173740,1018,1.02825000,67205.53607860,0
1785129180000000,65368.00000000,65396.01000000,65367.99000000,65396.01000000,1.97211000,1785129239999999,128928.89700840,1176,1.37233000,89720.30988950,0
1785129240000000,65396.01000000,65396.01000000,65372.48000000,65372.48000000,6.45931000,1785129299999999,422362.90549090,1649,1.08569000,70992.64198280,0
1785129300000000,65372.48000000,65372.48000000,65340.00000000,65348.00000000,6.54100000,1785129359999999,427482.80722950,1640,1.68417000,110057.87172030,0
1785129360000000,65348.00000000,65360.54000000,65347.99000000,65357.98000000,3.63061000,1785129419999999,237272.99643170,1088,1.29994000,84954.18803830,0
1785129420000000,65357.98000000,65377.99000000,65350.00000000,65377.98000000,3.55171000,1785129479999999,232126.12860890,1475,1.82221000,119093.22946970,0
1785129480000000,65377.99000000,65388.00000000,65377.98000000,65388.00000000,1.53129000,1785129539999999,100119.80019910,611,0.97977000,64059.39927800,0
1785129540000000,65387.99000000,65388.00000000,65375.49000000,65375.49000000,4.39578000,1785129599999999,287401.07174510,1247,0.45819000,29957.30896950,0
1785129600000000,65375.36000000,65410.77000000,65375.36000000,65410.77000000,20.78119000,1785129659999999,1359151.75828820,1815,19.87719000,1300030.68089260,0
1785129660000000,65410.76000000,65432.00000000,65410.76000000,65432.00000000,5.92397000,1785129719999999,387521.65272050,1121,3.85136000,251927.14106910,0
1785129720000000,65431.99000000,65438.00000000,65428.19000000,65428.19000000,4.57775000,1785129779999999,299534.91051840,915,0.29617000,19379.25554840,0
1785129780000000,65428.19000000,65428.20000000,65412.00000000,65412.00000000,4.57594000,1785129839999999,299375.35311930,1332,0.92143000,60284.44329160,0
1785129840000000,65412.00000000,65412.00000000,65398.28000000,65406.00000000,3.50096000,1785129899999999,228975.57692970,838,1.49883000,98025.00973960,0
1785129900000000,65406.01000000,65406.01000000,65395.88000000,65395.88000000,5.33274000,1785129959999999,348757.85441890,959,0.55431000,36250.45444870,0
1785129960000000,65395.88000000,65395.89000000,65395.88000000,65395.89000000,1.23484000,1785130019999999,80753.45286170,308,0.44025000,28790.54057250,0
1785130020000000,65395.88000000,65404.00000000,65395.88000000,65404.00000000,6.41545000,1785130079999999,419551.00754240,474,6.19282000,404991.29150680,0
1785130080000000,65404.00000000,65411.99000000,65403.99000000,65411.99000000,1.04487000,1785130139999999,68342.72907060,672,0.77170000,50475.17203850,0
1785130140000000,65412.00000000,65412.00000000,65411.99000000,65411.99000000,1.07893000,1785130199999999,70574.96013440,211,0.17637000,11536.71444000,0
1785130200000000,65411.99000000,65424.01000000,65396.00000000,65400.00000000,7.05288000,1785130259999999,461343.34842950,2118,1.07925000,70595.96812790,0
1785130260000000,65400.00000000,65414.00000000,65399.99000000,65414.00000000,1.84309000,1785130319999999,120548.53467980,793,1.66001000,108572.92350890,0
1785130320000000,65413.99000000,65420.00000000,65403.99000000,65420.00000000,5.19107000,1785130379999999,339558.62393090,1373,1.39726000,91395.60002410,0
1785130380000000,65419.99000000,65424.00000000,65406.00000000,65406.00000000,4.28053000,1785130439999999,280025.76347620,1280,1.33911000,87608.32067100,0
1785130440000000,65406.00000000,65406.01000000,65392.27000000,65400.00000000,7.87839000,1785130499999999,515210.78347390,1198,4.66512000,305064.76052580,0
1785130500000000,65400.00000000,65404.00000000,65396.95000000,65396.96000000,3.70244000,1785130559999999,242145.18442710,791,1.82814000,119562.96995200,0
1785130560000000,65396.96000000,65399.59000000,65393.31000000,65393.31000000,3.20790000,1785130619999999,209786.64046280,953,0.89088000,58259.72743760,0
1785130620000000,65393.31000000,65393.32000000,65371.84000000,65372.31000000,7.54463000,1785130679999999,493281.45941650,880,0.28845000,18860.01629040,0
1785130680000000,65372.31000000,65400.00000000,65372.30000000,65400.00000000,2.75995000,1785130739999999,180460.62996500,1473,2.06838000,135241.43545190,0
1785130740000000,65399.99000000,65423.77000000,65392.00000000,65392.00000000,17.68193000,1785130799999999,1156608.61489210,1788,11.12696000,727844.39863550,0
1785130800000000,65392.00000000,65392.01000000,65370.00000000,65389.99000000,6.18481000,1785130859999999,404353.30390890,1739,1.76584000,115441.07216210,0
1785130860000000,65389.99000000,65396.00000000,65389.99000000,65390.00000000,1.83989000,1785130919999999,120316.39599860,690,0.37506000,24526.39048720,0
1785130920000000,65390.00000000,65392.99000000,65387.36000000,65387.37000000,3.07879000,1785130979999999,201323.96861280,619,0.44799000,29295.08108550,0
1785130980000000,65387.36000000,65400.00000000,65387.36000000,65399.99000000,1.07390000,1785131039999999,70227.24929750,545,0.69862000,45685.93520840,0
1785131040000000,65400.00000000,65400.00000000,65383.99000000,65384.00000000,16.56661000,1785131099999999,1083356.19236000,849,2.36781000,154854.49928000,0
1785131100000000,65384.00000000,65390.00000000,65358.12000000,65358.12000000,6.64237000,1785131159999999,434275.12529940,1696,1.71403000,112071.83234740,0
1785131160000000,65358.12000000,65364.00000000,65358.12000000,65363.99000000,2.50538000,1785131219999999,163747.76058910,345,1.64993000,107836.76123700,0
1785131220000000,65363.99000000,65364.00000000,65351.62000000,65351.63000000,3.98151000,1785131279999999,260221.93721870,845,0.74610000,48760.38439590,0
1785131280000000,65351.63000000,65361.15000000,65351.62000000,65361.14000000,4.45352000,1785131339999999,291048.13309870,535,4.38428000,286522.73713410,0
1785131340000000,65361.14000000,65366.26000000,65354.49000000,65366.26000000,4.02079000,1785131399999999,262800.98689950,1073,1.48991000,97382.46422750,0
1785131400000000,65366.26000000,65368.00000000,65360.00000000,65360.01000000,1.87794000,1785131459999999,122754.67487530,741,0.17739000,11595.51158440,0
1785131460000000,65360.01000000,65378.00000000,65360.00000000,65378.00000000,10.72194000,1785131519999999,700825.29258620,1214,1.37797000,90073.08517500,0
1785131520000000,65378.00000000,65380.00000000,65378.00000000,65379.99000000,2.24126000,1785131579999999,146532.75706960,297,1.66747000,109018.37260750,0
1785131580000000,65380.00000000,65380.00000000,65370.04000000,65380.00000000,3.03334000,1785131639999999,198308.38129590,1029,0.92140000,60233.69378430,0
1785131640000000,65380.00000000,65396.99000000,65379.99000000,65396.98000000,2.46854000,1785131699999999,161402.96986950,588,1.76137000,115167.35999810,0
1785131700000000,65396.98000000,65401.99000000,65390.00000000,65401.99000000,2.59310000,1785131759999999,169575.62274210,943,1.08240000,70783.05243000,0
1785131760000000,65401.99000000,65408.00000000,65401.99000000,65408.00000000,2.85815000,1785131819999999,186929.67021960,403,2.69490000,176252.17037620,0
1785131820000000,65407.99000000,65461.11000000,65407.99000000,65461.11000000,6.42668000,1785131879999999,420542.16573460,2598,5.94812000,389237.72353450,0
1785131880000000,65461.11000000,65493.38000000,65461.10000000,65474.00000000,12.06779000,1785131939999999,790203.96588570,3397,6.20757000,406469.37604230,0
1785131940000000,65474.00000000,65480.00000000,65465.05000000,65468.38000000,2.72114000,1785131999999999,178159.54639630,1083,0.68863000,45087.11856290,0
1785132000000000,65468.38000000,65468.38000000,65459.42000000,65462.01000000,9.67335000,1785132059999999,633239.13974680,1133,5.42099000,354860.15571310,0
1785132060000000,65462.00000000,65481.31000000,65460.00000000,65462.84000000,10.45187000,1785132119999999,684357.47531280,2183,3.88423000,254322.71151720,0
1785132120000000,65462.85000000,65496.58000000,65462.85000000,65492.19000000,4.24231000,1785132179999999,277816.46174760,1895,2.94065000,192564.14123770,0
1785132180000000,65492.19000000,65520.00000000,65492.19000000,65519.99000000,30.57705000,1785132239999999,2002823.37466620,1946,28.95499000,1896578.05524830,0
1785132240000000,65520.00000000,65542.06000000,65519.99000000,65532.00000000,12.57795000,1785132299999999,824266.58112320,2115,5.85805000,383852.09023550,0
1785132300000000,65531.99000000,65532.00000000,65491.46000000,65507.99000000,14.50166000,1785132359999999,949954.74680910,2676,4.45521000,291821.49533050,0
1785132360000000,65507.99000000,65744.60000000,65507.99000000,65685.48000000,125.34440000,1785132419999999,8230390.68333980,14155,76.90327000,5049200.07264300,0
1785132420000000,65685.49000000,65685.49000000,65604.00000000,65612.00000000,22.61894000,1785132479999999,1484599.22219470,4180,4.99438000,327868.75291650,0
1785132480000000,65611.99000000,65612.00000000,65520.00000000,65520.01000000,19.49979000,1785132539999999,1278680.68398590,4805,5.23554000,343362.74645710,0
1785132540000000,65520.01000000,65564.48000000,65500.00000000,65558.01000000,20.00336000,1785132599999999,1310802.86061280,3644,9.92030000,649956.64540670,0
1785132600000000,65558.01000000,65623.18000000,65558.00000000,65602.77000000,20.65945000,1785132659999999,1355129.77560630,3527,6.78739000,445155.54396250,0
1785132660000000,65602.77000000,65614.00000000,65598.00000000,65613.99000000,11.78256000,1785132719999999,773012.95892220,1261,7.51712000,493180.73912970,0
1785132720000000,65614.00000000,65659.71000000,65614.00000000,65640.14000000,20.36860000,1785132779999999,1337118.26762240,3749,8.29048000,544205.31762040,0
1785132780000000,65640.13000000,65640.13000000,65592.00000000,65596.00000000,26.56533000,1785132839999999,1742877.63850400,3628,6.98793000,458447.83632480,0
1785132840000000,65596.01000000,65601.62000000,65584.23000000,65597.41000000,24.87632000,1785132899999999,1631804.54081360,2283,7.93224000,520304.75302950,0
1785132900000000,65597.40000000,65636.00000000,65597.40000000,65629.42000000,7.78270000,1785132959999999,510733.79044200,1575,4.44831000,291886.28926560,0
1785132960000000,65629.42000000,65640.00000000,65614.23000000,65639.99000000,12.88791000,1785133019999999,845785.14387930,1844,4.68504000,307466.73826220,0
1785133020000000,65640.00000000,65640.00000000,65612.01000000,65614.00000000,20.82224000,1785133079999999,1366329.96915550,2909,7.94457000,521285.50034900,0
1785133080000000,65614.01000000,65614.01000000,65562.79000000,65562.79000000,22.99292000,1785133139999999,1507752.92563290,3065,13.48236000,884024.02893690,0
1785133140000000,65562.80000000,65574.00000000,65562.80000000,65571.09000000,8.91366000,1785133199999999,584487.89634860,1147,1.75368000,114987.38384550,0
1785133200000000,65571.09000000,65574.00000000,65529.44000000,65538.99000000,29.49134000,1785133259999999,1933289.17288860,3711,8.76394000,574566.82526500,0
1785133260000000,65538.99000000,65540.56000000,65527.62000000,65529.49000000,12.34644000,1785133319999999,809089.83036510,2588,1.47637000,96749.59836510,0
1785133320000000,65529.50000000,65529.50000000,65512.00000000,65516.36000000,9.34466000,1785133379999999,612225.41631380,1438,2.18739000,143301.34874300,0
1785133380000000,65516.35000000,65543.07000000,65516.35000000,65537.38000000,7.34824000,1785133439999999,481587.21547000,1757,4.00094000,262207.67754020,0
1785133440000000,65537.39000000,65537.39000000,65523.54000000,65536.00000000,13.96197000,1785133499999999,914876.43525590,1402,5.68373000,372433.62319000,0
1785133500000000,65535.99000000,65535.99000000,65514.75000000,65524.00000000,8.23782000,1785133559999999,539769.14765370,2010,3.21734000,210798.56636010,0
1785133560000000,65523.99000000,65524.00000000,65523.99000000,65523.99000000,4.32735000,1785133619999999,283545.24922580,238,1.10993000,72727.05332000,0
1785133620000000,65523.99000000,65523.99000000,65478.48000000,65478.49000000,16.79711000,1785133679999999,1100219.76859170,2299,0.44433000,29101.09551550,0
1785133680000000,65478.49000000,65478.84000000,65462.14000000,65478.83000000,6.83548000,1785133739999999,447510.33825260,1990,2.45017000,160404.55328970,0
1785133740000000,65478.84000000,65492.55000000,65462.14000000,65492.54000000,6.46292000,1785133799999999,423157.90922760,2169,2.94533000,192851.86811040,0
1785133800000000,65492.54000000,65492.54000000,65471.87000000,65472.90000000,5.29337000,1785133859999999,346631.47344690,1281,0.95102000,62270.05089760,0
1785133860000000,65472.91000000,65500.00000000,65472.91000000,65500.00000000,4.98230000,1785133919999999,326292.67846690,1082,4.31477000,282578.62177700,0
1785133920000000,65500.00000000,65520.00000000,65499.99000000,65520.00000000,15.68079000,1785133979999999,1027124.47390350,1101,14.26847000,934596.91825900,0
1785133980000000,65520.00000000,65538.23000000,65514.07000000,65538.22000000,6.68787000,1785134039999999,438193.59665330,1496,5.48332000,359273.25889040,0
1785134040000000,65538.23000000,65550.00000000,65532.42000000,65546.00000000,12.31652000,1785134099999999,807215.69867640,2777,3.74241000,245263.99438740,0
1785134100000000,65546.00000000,65550.00000000,65542.45000000,65545.09000000,9.78867000,1785134159999999,641606.26463670,1085,3.29177000,215760.02130010,0
1785134160000000,65545.09000000,65550.00000000,65520.00000000,65550.00000000,16.99989000,1785134219999999,1114134.47420820,2787,6.40910000,420029.44940040,0
1785134220000000,65550.00000000,65580.00000000,65550.00000000,65561.71000000,16.01311000,1785134279999999,1049999.40085620,3192,4.95423000,324821.24840550,0
1785134280000000,65561.71000000,65561.72000000,65516.30000000,65516.30000000,8.79307000,1785134339999999,576252.19129600,2075,0.41189000,26988.48833230,0
1785134340000000,65516.30000000,65516.31000000,65508.00000000,65508.00000000,3.98670000,1785134399999999,261167.12319140,741,2.03957000,133609.06952770,0
1785134400000000,65508.00000000,65508.01000000,65492.02000000,65503.46000000,20.00875000,1785134459999999,1310520.70495200,1360,14.05385000,920484.15375410,0
1785134460000000,65503.47000000,65507.25000000,65494.28000000,65507.24000000,16.07070000,1785134519999999,1052695.31633400,1245,1.82006000,119208.47846630,0
1785134520000000,65507.24000000,65522.00000000,65507.24000000,65521.99000000,7.41766000,1785134579999999,486007.53955490,927,1.14419000,74960.64603930,0
1785134580000000,65521.99000000,65542.00000000,65514.18000000,65541.99000000,4.61937000,1785134639999999,302680.61273200,1709,1.78593000,117027.46664240,0
1785134640000000,65542.00000000,65542.00000000,65526.11000000,65526.11000000,6.37668000,1785134699999999,417916.72613650,1433,0.60357000,39552.97790160,0
1785134700000000,65526.11000000,65530.00000000,65496.00000000,65496.01000000,4.46427000,1785134759999999,292488.08682200,2108,0.76375000,50041.62903800,0
1785134760000000,65496.00000000,65496.01000000,65490.00000000,65496.00000000,3.59946000,1785134819999999,235735.23836350,919,1.93015000,126406.06058590,0
1785134820000000,65496.00000000,65529.37000000,65495.99000000,65500.40000000,13.13066000,1785134879999999,860176.04373380,2901,3.88840000,254716.77780710,0
1785134880000000,65500.41000000,65500.41000000,65443.04000000,65445.72000000,17.06723000,1785134939999999,1117443.47667040,3084,0.93550000,61234.15026950,0
1785134940000000,65445.72000000,65475.35000000,65445.71000000,65455.26000000,8.75274000,1785134999999999,573006.52226650,2206,2.88418000,188799.99438170,0
1785135000000000,65455.26000000,65455.27000000,65415.44000000,65425.01000000,9.79966000,1785135059999999,641211.07774130,2683,2.65888000,173946.48853570,0
1785135060000000,65425.00000000,65427.77000000,65412.76000000,65422.31000000,12.62276000,1785135119999999,825754.65579290,2067,8.21515000,537400.43810080,0
1785135120000000,65422.32000000,65452.56000000,65421.18000000,65432.00000000,14.51894000,1785135179999999,950134.38750600,2725,4.81150000,314843.22797860,0
1785135180000000,65432.01000000,65439.37000000,65432.00000000,65439.37000000,2.84598000,1785135239999999,186236.92373660,302,2.50427000,163875.67447420,0
1785135240000000,65439.36000000,65439.37000000,65426.00000000,65426.00000000,6.09398000,1785135299999999,398755.30974490,907,1.97048000,128939.54099200,0
1785135300000000,65426.01000000,65426.01000000,65404.90000000,65423.38000000,33.67361000,1785135359999999,2202704.56463600,1924,9.82444000,642643.37810630,0
1785135360000000,65423.38000000,65449.38000000,65423.38000000,65443.48000000,12.56222000,1785135419999999,821996.92664970,1646,4.01119000,262466.09244010,0
1785135420000000,65443.48000000,65448.00000000,65440.00000000,65447.99000000,3.63376000,1785135479999999,237805.58194850,818,2.12846000,139295.39238220,0
1785135480000000,65447.99000000,65449.93000000,65440.00000000,65440.00000000,3.38434000,1785135539999999,221490.11969090,842,1.21731000,79664.19562290,0
1785135540000000,65440.01000000,65440.01000000,65416.76000000,65416.76000000,3.86654000,1785135599999999,252976.72614320,1122,0.70126000,45881.41982690,0
1785135600000000,65416.77000000,65416.77000000,65380.00000000,65401.99000000,10.50406000,1785135659999999,686892.56479400,2584,4.90496000,320742.86817260,0
1785135660000000,65402.00000000,65430.20000000,65401.99000000,65425.21000000,5.14381000,1785135719999999,336518.41562240,1465,2.71176000,177399.36730860,0
1785135720000000,65425.21000000,65429.99000000,65401.38000000,65422.01000000,9.07267000,1785135779999999,593521.89282350,2357,3.81926000,249838.81203390,0
1785135780000000,65422.01000000,65422.01000000,65414.05000000,65419.99000000,3.42183000,1785135839999999,223843.61085880,589,2.24295000,146723.01774610,0
1785135840000000,65420.00000000,65430.00000000,65419.99000000,65430.00000000,2.26458000,1785135899999999,148156.75540470,483,1.67262000,109428.73964320,0
1785135900000000,65430.00000000,65441.63000000,65412.61000000,65441.62000000,11.31795000,1785135959999999,740450.40864480,1970,5.63813000,368877.84456090,0
1785135960000000,65441.62000000,65441.63000000,65408.00000000,65408.01000000,8.07726000,1785136019999999,528510.56124930,1876,2.27918000,149125.42697780,0
1785136020000000,65408.00000000,65408.01000000,65400.15000000,65400.15000000,1.83617000,1785136079999999,120092.48123730,620,0.49761000,32544.07372310,0
1785136080000000,65400.16000000,65400.16000000,65346.52000000,65352.70000000,19.98098000,1785136139999999,1306004.31533570,3926,4.58090000,299375.60975810,0
1785136140000000,65352.69000000,65440.05000000,65352.69000000,65440.00000000,142.14298000,1785136199999999,9298447.23459150,4954,109.13413000,7138608.48017870,0
1785136200000000,65440.01000000,65440.01000000,65380.97000000,65395.58000000,145.82861000,1785136259999999,9537724.81072450,6321,8.06038000,527101.36726000,0
1785136260000000,65395.57000000,65402.00000000,65383.29000000,65402.00000000,7.55727000,1785136319999999,494180.44036180,3163,3.33746000,218240.94530570,0
1785136320000000,65401.99000000,65416.44000000,65401.99000000,65412.01000000,5.21113000,1785136379999999,340864.94708080,1105,2.12790000,139182.75339440,0
1785136380000000,65412.01000000,65416.44000000,65412.00000000,65416.44000000,2.43074000,1785136439999999,159003.54243040,787,1.85077000,121065.76992580,0
1785136440000000,65416.44000000,65428.75000000,65416.43000000,65422.00000000,3.38583000,1785136499999999,221512.17734470,963,1.86637000,122102.10900660,0
1785136500000000,65422.01000000,65425.86000000,65396.34000000,65410.00000000,6.69205000,1785136559999999,437740.13361780,2429,3.54686000,231999.20702320,0
1785136560000000,65410.00000000,65436.75000000,65409.13000000,65409.14000000,5.50925000,1785136619999999,360453.11643790,2272,1.44741000,94696.10693550,0
1785136620000000,65409.13000000,65422.00000000,65409.13000000,65421.99000000,2.01966000,1785136679999999,132112.25777140,1084,1.24214000,81252.32116070,0
1785136680000000,65422.00000000,65428.64000000,65414.00000000,65428.64000000,7.50223000,1785136739999999,490802.60805340,1251,4.26534000,279036.66244190,0
1785136740000000,65428.63000000,65434.00000000,65425.37000000,65431.38000000,4.22469000,1785136799999999,276423.53513460,1316,1.41511000,92590.83654310,0
1785136800000000,65431.38000000,65444.00000000,65431.37000000,65433.68000000,4.67155000,1785136859999999,305699.21697590,1678,2.53986000,166203.31905140,0
1785136860000000,65433.67000000,65433.68000000,65430.81000000,65430.81000000,0.89545000,1785136919999999,58591.50184070,309,0.33722000,22064.68496700,0
1785136920000000,65430.82000000,65447.02000000,65430.81000000,65439.56000000,3.90470000,1785136979999999,255528.06334420,1874,2.13693000,139840.64127320,0
1785136980000000,65439.56000000,65444.89000000,65439.56000000,65444.89000000,1.19869000,1785137039999999,78445.77754670,514,0.72112000,47192.11744060,0
1785137040000000,65444.88000000,65446.20000000,65444.88000000,65446.19000000,1.54073000,1785137099999999,100834.27807690,546,1.01393000,66357.49058200,0
1785137100000000,65446.19000000,65446.20000000,65426.74000000,65434.75000000,6.18568000,1785137159999999,404757.64303460,2188,2.56418000,167778.04941350,0
1785137160000000,65434.75000000,65446.01000000,65428.01000000,65428.01000000,8.86106000,1785137219999999,579870.08399550,1697,2.48821000,162832.68635410,0
1785137220000000,65428.02000000,65428.02000000,65415.19000000,65416.51000000,11.64610000,1785137279999999,761926.68736990,1104,6.04533000,395501.82831520,0
1785137280000000,65416.50000000,65426.67000000,65416.50000000,65426.66000000,6.82512000,1785137339999999,446537.15283930,681,0.85573000,55983.96381650,0
1785137340000000,65426.67000000,65426.67000000,65410.49000000,65410.49000000,4.07010000,1785137399999999,266258.38849400,1137,0.77832000,50918.01274210,0
1785137400000000,65410.50000000,65410.50000000,65323.52000000,65323.53000000,16.39719000,1785137459999999,1071858.15488800,5238,1.93903000,126701.01307230,0
1785137460000000,65323.52000000,65328.00000000,65291.90000000,65291.90000000,16.43188000,1785137519999999,1073085.37576800,4248,4.46656000,291689.17247810,0
1785137520000000,65291.91000000,65322.56000000,65291.90000000,65322.56000000,8.24926000,1785137579999999,538812.39030790,1671,2.93760000,191856.65659800,0
1785137580000000,65322.55000000,65322.56000000,65321.16000000,65321.16000000,7.73115000,1785137639999999,505012.12667790,670,1.67407000,109353.29419160,0
1785137640000000,65321.17000000,65328.00000000,65321.17000000,65328.00000000,12.91806000,1785137699999999,843860.52886000,1368,4.34287000,283687.34885890,0
1785137700000000,65327.99000000,65353.72000000,65327.99000000,65351.78000000,20.86188000,1785137759999999,1363209.20149950,2597,4.64421000,303461.07677410,0
1785137760000000,65351.78000000,65351.79000000,65309.24000000,65309.24000000,13.65015000,1785137819999999,891750.02672050,3083,0.42140000,27529.84046910,0
1785137820000000,65309.25000000,65321.16000000,65271.33000000,65282.61000000,30.63322000,1785137879999999,2000113.49896460,3311,5.21993000,340880.54793890,0
1785137880000000,65282.61000000,65287.86000000,65267.64000000,65267.64000000,13.80780000,1785137939999999,901363.86286890,1877,6.78809000,443128.73690170,0
1785137940000000,65267.64000000,65268.96000000,65241.71000000,65241.72000000,11.76533000,1785137999999999,767798.85411500,2168,1.67407000,109259.89003610,0
1785138000000000,65241.72000000,65252.20000000,65217.16000000,65252.19000000,20.49890000,1785138059999999,1337182.73615630,3910,7.91780000,516484.33267060,0
1785138060000000,65252.19000000,65252.20000000,65240.75000000,65252.15000000,9.82857000,1785138119999999,641287.60096210,1937,3.24157000,211504.57967750,0
1785138120000000,65252.16000000,65270.68000000,65244.94000000,65244.95000000,11.36308000,1785138179999999,741548.94806010,2866,3.37080000,219977.33854220,0
1785138180000000,65244.94000000,65278.00000000,65244.94000000,65276.00000000,12.05185000,1785138239999999,786529.70280450,1987,6.36322000,415268.85948090,0
1785138240000000,65276.00000000,65284.00000000,65276.00000000,65283.99000000,8.66925000,1785138299999999,565930.40430710,779,3.86519000,252320.48261640,0
1785138300000000,65283.99000000,65304.94000000,65283.99000000,65304.93000000,11.26739000,1785138359999999,735724.33070570,1317,5.37356000,350872.22320910,0
1785138360000000,65304.94000000,65304.94000000,65284.12000000,65303.99000000,13.74551000,1785138419999999,897549.82956060,1565,4.41142000,288032.43581800,0
1785138420000000,65304.00000000,65326.00000000,65303.99000000,65325.99000000,9.66793000,1785138479999999,631488.79061480,1117,5.33355000,348377.62483100,0
1785138480000000,65325.99000000,65325.99000000,65298.91000000,65298.91000000,9.69935000,1785138539999999,633496.40549990,1657,0.46007000,30047.65685140,0
1785138540000000,65298.91000000,65303.71000000,65290.01000000,65303.70000000,7.04600000,1785138599999999,460055.11432950,1229,1.87149000,122196.75283860,0
1785138600000000,65303.70000000,65304.00000000,65291.13000000,65291.94000000,8.66186000,1785138659999999,565632.43889430,995,2.41825000,157915.55432940,0
1785138660000000,65291.94000000,65297.99000000,65291.03000000,65291.04000000,7.64961000,1785138719999999,499493.94656840,715,1.90943000,124677.66473880,0
1785138720000000,65291.03000000,65291.04000000,65267.12000000,65276.70000000,13.77745000,1785138779999999,899328.32197310,1474,6.92897000,452252.09988690,0
1785138780000000,65276.69000000,65289.14000000,65275.15000000,65275.15000000,12.67166000,1785138839999999,827219.61059280,1363,5.76343000,376246.71600050,0
1785138840000000,65275.15000000,65315.01000000,65267.35000000,65315.00000000,124.60686000,1785138899999999,8137447.66180870,2198,64.62385000,4219864.61937600,0
1785138900000000,65315.01000000,65324.00000000,65295.51000000,65297.32000000,136.95254000,1785138959999999,8943601.88831520,4003,18.57483000,1212891.52070160,0
1785138960000000,65297.33000000,65297.33000000,65270.79000000,65272.63000000,18.13967000,1785139019999999,1184050.89312860,1491,11.10666000,724951.19466420,0
1785139020000000,65272.63000000,65280.49000000,65267.05000000,65267.06000000,9.49547000,1785139079999999,619808.57935810,1006,3.74162000,244237.29260050,0
1785139080000000,65267.06000000,65267.06000000,65251.99000000,65251.99000000,6.44837000,1785139139999999,420814.08351250,854,1.17792000,76871.59234230,0
1785139140000000,65251.99000000,65252.00000000,65221.99000000,65221.99000000,7.48102000,1785139199999999,488039.89366000,1545,0.79889000,52118.03458150,0
1785139200000000,65221.99000000,65250.00000000,65221.99000000,65242.02000000,15.38013000,1785139259999999,1003338.56555550,1265,13.42693000,875903.24935940,0
1785139260000000,65242.02000000,65242.02000000,65212.00000000,65212.01000000,6.21946000,1785139319999999,405659.59758480,1587,1.24672000,81317.81517820,0
1785139320000000,65212.01000000,65218.24000000,65211.70000000,65214.00000000,3.88866000,1785139379999999,253597.73244580,787,2.08359000,135877.39240780,0
1785139380000000,65214.00000000,65214.00000000,65185.32000000,65204.75000000,38.19834000,1785139439999999,2490535.76659420,2333,19.07609000,1243722.34381610,0
1785139440000000,65204.76000000,65224.00000000,65204.00000000,65223.99000000,32.13509000,1785139499999999,2095697.80608530,3407,15.88436000,1035891.24684070,0
1785139500000000,65224.00000000,65224.00000000,65206.00000000,65208.97000000,22.76630000,1785139559999999,1484600.60673820,3393,9.64902000,629211.37913620,0
1785139560000000,65208.97000000,65225.67000000,65208.96000000,65225.66000000,1.44101000,1785139619999999,93983.74098710,513,1.18405000,77224.61605870,0
1785139620000000,65225.66000000,65248.00000000,65225.66000000,65239.43000000,3.63788000,1785139679999999,237337.85143060,1054,1.08351000,70684.59690460,0
1785139680000000,65239.44000000,65242.00000000,65239.43000000,65241.99000000,2.27696000,1785139739999999,148547.89015070,364,0.87748000,57246.44977460,0
1785139740000000,65242.00000000,65242.00000000,65196.38000000,65196.44000000,7.05221000,1785139799999999,459962.97913640,1548,0.97425000,63531.39412970,0
1785139800000000,65196.44000000,65196.45000000,65166.66000000,65181.47000000,10.03437000,1785139859999999,654020.24059400,2430,3.65499000,238202.38096600,0
1785139860000000,65181.47000000,65181.48000000,65166.66000000,65168.79000000,6.87854000,1785139919999999,448286.89778590,1120,0.75339000,49098.39128840,0
1785139920000000,65168.78000000,65199.25000000,65168.78000000,65199.25000000,4.75793000,1785139979999999,310108.67289270,1378,4.32430000,281845.57592250,0
1785139980000000,65199.24000000,65199.25000000,65199.24000000,65199.25000000,1.39067000,1785140039999999,90670.63192220,154,0.48314000,31500.36564500,0
1785140040000000,65199.24000000,65204.00000000,65189.99000000,65189.99000000,19.35988000,1785140099999999,1262208.13028810,992,1.36861000,89234.83856640,0
1785140100000000,65189.99000000,65203.68000000,65180.00000000,65180.00000000,29.09853000,1785140159999999,1897162.32663220,1663,18.48898000,1205438.51987280,0
1785140160000000,65180.01000000,65202.93000000,65136.00000000,65195.40000000,13.97538000,1785140219999999,910767.19859910,4398,3.55515000,231676.77968790,0
1785140220000000,65195.39000000,65244.29000000,65195.39000000,65244.29000000,7.62426000,1785140279999999,497229.64633660,2534,5.53804000,361184.09296460,0
1785140280000000,65244.28000000,65258.00000000,65244.28000000,65258.00000000,3.96285000,1785140339999999,258575.77291100,1462,2.41361000,157487.80957720,0
1785140340000000,65257.99000000,65258.00000000,65250.00000000,65250.00000000,3.71388000,1785140399999999,242345.97202810,744,0.60970000,39784.35293620,0
1785140400000000,65250.01000000,65250.01000000,65221.62000000,65221.63000000,12.97458000,1785140459999999,846397.86364340,1844,5.34092000,348399.88817630,0
1785140460000000,65221.62000000,65221.63000000,65206.00000000,65207.99000000,7.91167000,1785140519999999,515982.89756250,1114,3.66268000,238873.32698810,0
1785140520000000,65207.99000000,65217.86000000,65192.26000000,65206.00000000,13.06461000,1785140579999999,851920.89092090,2715,7.22116000,470879.09204540,0
1785140580000000,65206.01000000,65238.93000000,65206.00000000,65238.93000000,12.35443000,1785140639999999,805772.76035190,1798,7.66556000,499956.93966460,0
1785140640000000,65238.93000000,65238.93000000,65222.02000000,65222.02000000,10.74555000,1785140699999999,700944.05642940,1742,4.18491000,272984.21836320,0
1785140700000000,65222.02000000,65257.13000000,65220.82000000,65252.26000000,32.78487000,1785140759999999,2138851.12161480,3912,16.70885000,1090058.99282570,0
1785140760000000,65252.27000000,65253.95000000,65247.41000000,65251.99000000,24.08038000,1785140819999999,1571250.17306110,1366,11.46179000,747884.61293440,0
1785140820000000,65252.00000000,65257.65000000,65220.52000000,65220.53000000,13.67215000,1785140879999999,892078.56036580,2211,4.80952000,313826.83755490,0
1785140880000000,65220.52000000,65227.75000000,65211.95000000,65222.00000000,15.87327000,1785140939999999,1035235.32541950,1731,6.68978000,436293.03544140,0
1785140940000000,65222.01000000,65239.58000000,65222.00000000,65239.57000000,22.36126000,1785140999999999,1458754.03572200,2391,11.24464000,733545.56665050,0
1785141000000000,65239.58000000,65239.58000000,65220.00000000,65220.00000000,18.00249000,1785141059999999,1174267.33834250,1331,8.54612000,557436.37018280,0
1785141060000000,65220.01000000,65231.99000000,65214.00000000,65231.98000000,13.20116000,1785141119999999,861000.29350410,1729,7.15845000,466883.97911830,0
1785141120000000,65231.99000000,65235.68000000,65226.00000000,65227.76000000,19.27296000,1785141179999999,1257215.15148720,1450,9.20524000,600478.60130610,0
1785141180000000,65227.75000000,65227.76000000,65191.27000000,65191.27000000,13.53273000,1785141239999999,882370.92261030,1943,5.14022000,335148.71155760,0
1785141240000000,65191.28000000,65191.28000000,65163.40000000,65178.00000000,13.06779000,1785141299999999,851689.74626360,2224,6.42827000,418937.66502890,0
1785141300000000,65178.01000000,65178.01000000,65170.15000000,65177.87000000,11.94647000,1785141359999999,778617.16511450,899,4.80517000,313185.01714100,0
1785141360000000,65177.88000000,65208.01000000,65177.87000000,65202.00000000,20.19996000,1785141419999999,1316874.30777360,2678,10.15261000,661859.76823630,0
1785141420000000,65202.00000000,65202.01000000,65181.35000000,65181.36000000,5.00387000,1785141479999999,326214.59547240,1142,1.25737000,81969.70607700,0
1785141480000000,65181.35000000,65181.36000000,65163.43000000,65166.94000000,20.15044000,1785141539999999,1313126.49842350,1343,8.99822000,586373.42570130,0
1785141540000000,65166.95000000,65166.95000000,65166.94000000,65166.94000000,8.71713000,1785141599999999,568068.73282710,637,4.51449000,294195.54410550,0
1785141600000000,65166.95000000,65166.95000000,65166.94000000,65166.95000000,9.09076000,1785141659999999,592417.05534120,395,4.38668000,285866.55622600,0
1785141660000000,65166.95000000,65167.11000000,65158.87000000,65158.88000000,13.57200000,1785141719999999,884412.31982540,2286,5.69342000,371004.55699980,0
1785141720000000,65158.88000000,65184.00000000,65158.87000000,65163.48000000,12.17576000,1785141779999999,793521.02781710,2020,7.12283000,464202.73921190,0
1785141780000000,65163.48000000,65170.00000000,65163.48000000,65169.99000000,2.95192000,1785141839999999,192365.32014530,960,1.64131000,106958.48824960,0
1785141840000000,65170.00000000,65170.00000000,65163.76000000,65163.76000000,3.15592000,1785141899999999,205667.74658450,590,0.31768000,20703.19712720,0
1785141900000000,65163.76000000,65170.00000000,65163.76000000,65170.00000000,4.84353000,1785141959999999,315639.47093210,308,3.01897000,196736.78346350,0
1785141960000000,65170.00000000,65205.00000000,65169.99000000,65205.00000000,11.48723000,1785142019999999,748905.70903160,1621,6.69773000,436635.68205820,0
1785142020000000,65205.00000000,65205.01000000,65177.24000000,65184.01000000,13.19048000,1785142079999999,859915.79221940,1635,3.01956000,196837.85964580,0
1785142080000000,65184.00000000,65204.00000000,65184.00000000,65204.00000000,8.89656000,1785142139999999,580002.23563150,1340,5.22448000,340603.22597950,0
1785142140000000,65204.00000000,65207.37000000,65204.00000000,65204.90000000,2.76428000,1785142199999999,180250.75596590,456,1.27260000,82982.74796940,0
1785142200000000,65204.90000000,65205.50000000,65171.63000000,65173.60000000,11.13172000,1785142259999999,725609.57455000,1749,4.74270000,309139.55833040,0
1785142260000000,65173.59000000,65173.60000000,65161.71000000,65170.39000000,9.85163000,1785142319999999,642012.56901690,1145,5.06772000,330245.55790680,0
1785142320000000,65170.39000000,65170.39000000,65128.85000000,65140.00000000,24.76122000,1785142379999999,1612931.76603660,2999,9.12496000,594353.61147940,0
1785142380000000,65140.00000000,65147.97000000,65139.99000000,65147.97000000,7.29292000,1785142439999999,475105.10312360,462,3.93414000,256293.61993770,0
1785142440000000,65147.97000000,65176.00000000,65147.96000000,65175.99000000,10.56988000,1785142499999999,688748.99047710,1603,5.24046000,341467.92142000,0
1785142500000000,65175.99000000,65189.20000000,65175.99000000,65189.20000000,8.14784000,1785142559999999,531101.05754910,953,4.02756000,262530.16109890,0
1785142560000000,65189.21000000,65196.00000000,65182.65000000,65182.66000000,7.32657000,1785142619999999,477612.25567200,1120,2.91162000,189807.32217460,0
1785142620000000,65182.66000000,65191.44000000,65182.65000000,65191.43000000,6.24831000,1785142679999999,407301.08899610,516,3.34245000,217880.61307960,0
1785142680000000,65191.44000000,65194.00000000,65174.00000000,65174.01000000,10.63230000,1785142739999999,693081.61976780,1265,3.26174000,212624.59773220,0
1785142740000000,65174.00000000,65174.01000000,65162.98000000,65162.98000000,4.17425000,1785142799999999,272042.36706890,646,0.37128000,24196.53200680,0
1785142800000000,65162.98000000,65162.98000000,65103.16000000,65103.17000000,19.38360000,1785142859999999,1262285.41706020,3160,7.18804000,468052.62716750,0
1785142860000000,65103.17000000,65116.00000000,65100.00000000,65102.00000000,11.61614000,1785142919999999,756304.60577630,1918,4.78925000,311810.13984830,0
1785142920000000,65101.99000000,65114.00000000,65101.99000000,65113.99000000,5.54728000,1785142979999999,361180.58934650,555,3.09456000,201482.12619980,0
1785142980000000,65114.00000000,65118.00000000,65106.38000000,65111.56000000,11.97193000,1785143039999999,779510.73122120,1432,5.09417000,331682.29656040,0
1785143040000000,65111.56000000,65139.52000000,65111.55000000,65139.51000000,19.18793000,1785143099999999,1249635.97827760,2588,10.03721000,653684.96439380,0
1785143100000000,65139.52000000,65139.52000000,65106.69000000,65108.41000000,15.28681000,1785143159999999,995444.26136810,1875,3.35807000,218653.89397140,0
1785143160000000,65108.41000000,65128.93000000,65100.00000000,65128.93000000,20.05445000,1785143219999999,1305856.23265150,2183,9.25980000,602967.17463390,0
1785143220000000,65128.93000000,65141.93000000,65128.93000000,65141.92000000,34.99879000,1785143279999999,2279815.90481500,1854,17.29276000,1126446.00596700,0
1785143280000000,65141.92000000,65141.93000000,65120.00000000,65120.00000000,17.99883000,1785143339999999,1172158.90536930,1953,5.96143000,388219.16702810,0
1785143340000000,65120.00000000,65125.47000000,65112.00000000,65118.01000000,43.41604000,1785143399999999,2827235.01401730,2803,22.07603000,1437562.78107610,0
1785143400000000,65118.01000000,65149.99000000,65118.00000000,65149.99000000,31.88773000,1785143459999999,2077061.41386000,2499,16.21025000,1055881.44422710,0
1785143460000000,65150.00000000,65156.92000000,65149.99000000,65150.34000000,14.88871000,1785143519999999,970071.25441600,1004,6.15914000,401288.90926110,0
1785143520000000,65150.35000000,65150.35000000,65150.34000000,65150.34000000,2.04214000,1785143579999999,133046.13114100,155,1.58134000,103024.85446900,0
1785143580000000,65150.35000000,65161.15000000,65150.34000000,65161.14000000,23.77054000,1785143639999999,1548851.54330670,1178,11.78976000,768200.74160830,0
1785143640000000,65161.15000000,65161.15000000,65122.00000000,65122.01000000,9.83172000,1785143699999999,640403.27399920,1858,2.54537000,165781.34479130,0
1785143700000000,65122.00000000,65122.01000000,65122.00000000,65122.00000000,3.34696000,1785143759999999,217960.74421050,266,1.50905000,98272.36919050,0
1785143760000000,65122.01000000,65124.94000000,65117.25000000,65124.94000000,28.54943000,1785143819999999,1859168.24537410,1253,15.09152000,982775.11943410,0
1785143820000000,65124.94000000,65140.06000000,65124.94000000,65140.05000000,18.23612000,1785143879999999,1187832.19783250,1451,9.44391000,615137.53658160,0
1785143880000000,65140.06000000,65140.06000000,65134.65000000,65134.66000000,7.48900000,1785143939999999,487827.12250300,657,3.01924000,196671.92177580,0
1785143940000000,65134.66000000,65146.50000000,65134.65000000,65142.25000000,24.04198000,1785143999999999,1566168.37493440,2062,13.92538000,907130.41331030,0
1785144000000000,65142.24000000,65151.70000000,65142.24000000,65151.69000000,29.90882000,1785144059999999,1948530.53409320,2167,14.96767000,975127.43216050,0
1785144060000000,65151.70000000,65202.60000000,65151.69000000,65202.60000000,21.05265000,1785144119999999,1371973.77056760,3113,11.19159000,729355.11437180,0
1785144120000000,65202.60000000,65203.14000000,65179.71000000,65179.71000000,17.62641000,1785144179999999,1149254.69693700,1330,7.24073000,472113.07795930,0
1785144180000000,65179.72000000,65200.15000000,65179.71000000,65200.15000000,11.41172000,1785144239999999,743936.36203880,1317,6.14643000,400687.65696590,0
1785144240000000,65200.15000000,65219.57000000,65200.14000000,65219.56000000,12.43104000,1785144299999999,810642.73762630,1109,6.70369000,437155.49877250,0
1785144300000000,65219.57000000,65234.00000000,65219.56000000,65225.22000000,19.21737000,1785144359999999,1253509.84042910,1173,8.38070000,546644.20407230,0
1785144360000000,65225.22000000,65229.06000000,65221.46000000,65221.46000000,15.16926000,1785144419999999,989464.71286820,1066,6.45167000,420831.34330150,0
1785144420000000,65221.46000000,65223.66000000,65221.46000000,65223.65000000,20.83281000,1785144479999999,1358760.45940210,847,11.16529000,728224.22849290,0
1785144480000000,65223.66000000,65226.70000000,65223.38000000,65223.39000000,16.95408000,1785144539999999,1105856.29866660,876,8.97717000,585550.13541920,0
1785144540000000,65223.39000000,65225.68000000,65223.38000000,65225.67000000,13.45976000,1785144599999999,877905.93419470,536,7.18932000,468919.87314030,0
1785144600000000,65225.68000000,65225.68000000,65210.37000000,65221.71000000,14.67366000,1785144659999999,957005.07900010,1622,7.48233000,487983.22059590,0
1785144660000000,65221.70000000,65232.27000000,65213.44000000,65232.26000000,13.55763000,1785144719999999,884260.69705440,2429,7.26890000,474083.12941510,0
1785144720000000,65232.27000000,65239.06000000,65232.26000000,65239.05000000,21.23682000,1785144779999999,1385345.09878650,1120,10.46371000,682582.58662960,0
1785144780000000,65239.06000000,65268.46000000,65239.05000000,65262.16000000,12.66523000,1785144839999999,826436.70565510,1145,9.10464000,594059.93867820,0
1785144840000000,65262.16000000,65270.00000000,65262.15000000,65269.76000000,6.51433000,1785144899999999,425164.12600630,851,3.02902000,197683.86299040,0
1785144900000000,65269.75000000,65348.17000000,65269.75000000,65310.38000000,112.30916000,1785144959999999,7335217.78430670,2414,92.83302000,6063484.42147310,0
1785144960000000,65310.39000000,65310.39000000,65298.05000000,65308.00000000,11.29428000,1785145019999999,737551.45464990,956,2.86307000,186971.27902390,0
1785145020000000,65308.00000000,65336.99000000,65307.99000000,65336.98000000,10.68257000,1785145079999999,697781.62241300,822,8.33160000,544221.37053620,0
1785145080000000,65336.98000000,65343.60000000,65306.32000000,65306.33000000,6.57221000,1785145139999999,429325.28298420,1095,1.00477000,65647.19729720,0
1785145140000000,65306.33000000,65322.00000000,65306.33000000,65322.00000000,15.74017000,1785145199999999,1028085.38671830,647,5.77139000,376945.16012600,0
1785145200000000,65322.00000000,65333.99000000,65312.98000000,65312.99000000,15.07377000,1785145259999999,984730.54235020,976,2.88074000,188187.76490990,0
1785145260000000,65312.98000000,65312.99000000,65295.33000000,65295.34000000,20.72248000,1785145319999999,1353341.09337650,1502,7.12233000,465101.97890040,0
1785145320000000,65295.34000000,65303.25000000,65295.33000000,65303.25000000,12.83193000,1785145379999999,837933.95903160,730,5.56132000,363155.97572150,0
1785145380000000,65303.25000000,65303.25000000,65293.32000000,65293.32000000,21.47047000,1785145439999999,1401965.49119080,1095,9.77899000,638538.78250370,0
1785145440000000,65293.33000000,65304.00000000,65293.31000000,65303.99000000,27.28643000,1785145499999999,1781737.16820020,829,11.94907000,780218.76037560,0
1785145500000000,65303.98000000,65303.99000000,65279.99000000,65280.00000000,13.19021000,1785145559999999,861191.11864560,1605,3.86461000,252315.61567410,0
1785145560000000,65280.00000000,65280.00000000,65276.50000000,65276.50000000,28.18074000,1785145619999999,1839618.92587140,657,13.60743000,888283.02261560,0
1785145620000000,65276.51000000,65308.67000000,65276.50000000,65295.61000000,64.58853000,1785145679999999,4217206.80910350,3481,31.69124000,2069187.31891640,0
1785145680000000,65295.62000000,65301.99000000,65285.15000000,65299.13000000,104.00892000,1785145739999999,6791220.96843430,2109,54.83739000,3580557.66042630,0
1785145740000000,65299.13000000,65304.09000000,65299.13000000,65304.08000000,40.22651000,1785145799999999,2626764.50803700,1293,15.74965000,1028443.74451140,0
1785145800000000,65304.09000000,65305.85000000,65297.93000000,65305.84000000,12.82083000,1785145859999999,837217.56758820,908,3.08829000,201666.68508950,0
1785145860000000,65305.85000000,65305.85000000,65294.23000000,65294.24000000,4.37411000,1785145919999999,285629.69394170,646,1.97427000,128925.86204570,0
1785145920000000,65294.23000000,65294.24000000,65294.23000000,65294.24000000,1.77409000,1785145979999999,115837.84554170,182,0.50410000,32914.82638400,0
1785145980000000,65294.24000000,65294.24000000,65289.99000000,65289.99000000,16.29610000,1785146039999999,1064032.31584140,681,6.44063000,420532.35067340,0
1785146040000000,65290.00000000,65290.00000000,65266.00000000,65266.01000000,22.11561000,1785146099999999,1443675.42966850,1887,5.89336000,384703.50433700,0
1785146100000000,65266.00000000,65274.00000000,65266.00000000,65273.98000000,32.26718000,1785146159999999,2106135.64218690,1021,15.10804000,986116.46131330,0
1785146160000000,65273.99000000,65273.99000000,65266.47000000,65266.47000000,13.24319000,1785146219999999,864428.25954970,705,3.16722000,206736.46688260,0
1785146220000000,65266.47000000,65266.48000000,65262.15000000,65262.16000000,213.64729000,1785146279999999,13943092.03777790,3703,104.94306000,6848815.25561960,0
1785146280000000,65262.16000000,65269.97000000,65262.15000000,65269.97000000,8.81309000,1785146339999999,575219.72462440,439,2.79840000,182641.83861310,0
1785146340000000,65269.96000000,65269.97000000,65262.17000000,65262.17000000,38.37313000,1785146399999999,2504399.40317130,1013,17.56009000,1146044.56963360,0
1785146400000000,65262.18000000,65262.18000000,65250.25000000,65250.26000000,6.13730000,1785146459999999,400472.85398740,600,0.69942000,45637.36549320,0
1785146460000000,65250.26000000,65250.26000000,65250.24000000,65250.25000000,7.04826000,1785146519999999,459900.72825070,235,1.04461000,68161.06641260,0
1785146520000000,65250.25000000,65268.00000000,65250.23000000,65268.00000000,12.05445000,1785146579999999,786559.92168770,773,8.00322000,522215.87660570,0
1785146580000000,65267.99000000,65272.00000000,65267.09000000,65267.60000000,13.69090000,1785146639999999,893588.28337000,853,4.24160000,276845.37141450,0
1785146640000000,65267.59000000,65267.60000000,65250.01000000,65250.01000000,3.76094000,1785146699999999,245436.31402100,1149,1.07443000,70116.31408020,0
1785146700000000,65250.00000000,65250.00000000,65232.57000000,65232.58000000,3.51547000,1785146759999999,229355.44555010,1117,0.76053000,49616.01252370,0
1785146760000000,65232.58000000,65232.58000000,65232.00000000,65232.01000000,1.07546000,1785146819999999,70154.84564070,291,0.53051000,34606.40443090,0
1785146820000000,65232.01000000,65254.00000000,65232.00000000,65253.99000000,17.41111000,1785146879999999,1135981.69245250,925,12.87568000,840027.58155810,0
1785146880000000,65253.98000000,65272.92000000,65253.98000000,65272.92000000,6.43540000,1785146939999999,419967.49433500,737,5.27862000,344482.51843890,0
1785146940000000,65272.92000000,65272.92000000,65264.74000000,65264.75000000,6.93714000,1785146999999999,452793.86249060,671,1.28458000,83846.78480580,0
1785147000000000,65264.75000000,65264.75000000,65238.00000000,65238.01000000,4.09567000,1785147059999999,267242.55870460,1655,0.57171000,37302.56568970,0
1785147060000000,65238.01000000,65238.01000000,65230.01000000,65233.97000000,13.00460000,1785147119999999,848351.60933180,915,4.18666000,273119.18567690,0
1785147120000000,65233.96000000,65233.97000000,65230.47000000,65230.48000000,4.65693000,1785147179999999,303788.55250120,359,3.96235000,258479.09135430,0
1785147180000000,65230.47000000,65238.52000000,65230.47000000,65238.51000000,9.82606000,1785147239999999,641021.06856400,637,3.25605000,212404.35374730,0
1785147240000000,65238.51000000,65248.00000000,65238.50000000,65248.00000000,13.94580000,1785147299999999,909811.71526950,777,8.64648000,564090.33678300,0
1785147300000000,65248.00000000,65248.00000000,65243.42000000,65243.43000000,8.18384000,1785147359999999,533975.90958060,702,1.40736000,91826.14607630,0
1785147360000000,65243.43000000,65269.77000000,65243.04000000,65266.00000000,16.17558000,1785147419999999,1055525.77759690,1532,10.89302000,710799.58671780,0
1785147420000000,65265.99000000,65276.00000000,65261.77000000,65275.99000000,13.39545000,1785147479999999,874313.17949920,920,10.93045000,713424.57664600,0
1785147480000000,65276.00000000,65276.00000000,65263.94000000,65263.95000000,4.81748000,1785147539999999,314419.45566740,1111,0.76317000,49810.73535630,0
1785147540000000,65263.94000000,65271.08000000,65263.93000000,65271.08000000,13.80854000,1785147599999999,901204.27246950,651,7.71798000,503710.24961020,0
1785147600000000,65271.08000000,65303.52000000,65271.07000000,65296.00000000,5.52069000,1785147659999999,360473.98999810,1673,3.74096000,244256.56889550,0
1785147660000000,65296.00000000,65342.00000000,65295.99000000,65338.99000000,19.92236000,1785147719999999,1301144.30149670,2012,18.95891000,1238224.28841990,0
1785147720000000,65338.98000000,65374.12000000,65338.98000000,65363.02000000,17.32473000,1785147779999999,1132224.31698230,2052,14.95670000,977432.12592250,0
1785147780000000,65363.02000000,65363.02000000,65353.08000000,65356.63000000,3.10321000,1785147839999999,202809.40019670,782,2.44141000,159556.50166770,0
1785147840000000,65356.62000000,65390.00000000,65356.62000000,65386.06000000,5.82270000,1785147899999999,380716.86749800,1409,3.38265000,221167.20933320,0
1785147900000000,65386.07000000,65386.07000000,65356.67000000,65356.67000000,3.87422000,1785147959999999,253276.09380930,975,0.42529000,27803.32420300,0
1785147960000000,65356.66000000,65360.00000000,65354.00000000,65360.00000000,4.98821000,1785148019999999,326012.41519680,564,4.75672000,310882.71925540,0
1785148020000000,65359.99000000,65360.00000000,65348.00000000,65348.00000000,2.85349000,1785148079999999,186498.28788360,571,1.10346000,72119.53453340,0
1785148080000000,65348.00000000,65348.01000000,65348.00000000,65348.00000000,1.70642000,1785148139999999,111511.13817600,173,0.40160000,26243.76081600,0
1785148140000000,65348.00000000,65348.01000000,65348.00000000,65348.01000000,5.51114000,1785148199999999,360141.99988270,154,2.31627000,151363.63512270,0
1785148200000000,65348.01000000,65382.00000000,65348.01000000,65361.08000000,11.76072000,1785148259999999,768808.23379060,1881,9.03864000,590847.54118480,0
1785148260000000,65361.07000000,65362.62000000,65353.11000000,65362.62000000,7.39556000,1785148319999999,483350.51000260,1188,6.12754000,400473.96753660,0
1785148320000000,65362.62000000,65379.29000000,65361.32000000,65361.32000000,8.15472000,1785148379999999,533099.63128160,1395,2.49156000,162862.94243330,0
1785148380000000,65361.32000000,65361.33000000,65361.32000000,65361.32000000,3.98355000,1785148439999999,260370.11296020,343,2.66742000,174346.11886860,0
1785148440000000,65361.32000000,65361.33000000,65344.50000000,65344.51000000,2.94671000,1785148499999999,192573.69625870,1001,0.79111000,51703.82923610,0
1785148500000000,65344.51000000,65354.89000000,65344.50000000,65349.88000000,7.20536000,1785148559999999,470859.17211470,1091,4.93367000,322399.05325990,0
1785148560000000,65349.89000000,65349.89000000,65349.88000000,65349.89000000,3.81908000,1785148619999999,249576.45024630,327,3.05359000,199551.77060510,0
1785148620000000,65349.89000000,65356.00000000,65349.88000000,65355.99000000,3.97274000,1785148679999999,259635.83057500,437,3.15771000,206369.30407570,0
1785148680000000,65355.99000000,65361.33000000,65355.99000000,65361.32000000,2.85654000,1785148739999999,186698.34021900,591,2.51153000,164148.50582760,0
1785148740000000,65361.32000000,65402.00000000,65361.32000000,65396.58000000,15.33146000,1785148799999999,1002509.04472610,2314,12.28140000,803043.80640580,0
1785148800000000,65396.58000000,65407.39000000,65386.00000000,65407.39000000,11.32183000,1785148859999999,740389.51812090,1575,9.16918000,599607.58930200,0
1785148860000000,65407.38000000,65412.00000000,65402.13000000,65402.13000000,7.29957000,1785148919999999,477463.66020340,1138,2.61639000,171134.49491790,0
1785148920000000,65402.14000000,65416.44000000,65402.13000000,65410.00000000,4.85600000,1785148979999999,317644.38461250,1309,2.41008000,157643.38456290,0
1785148980000000,65410.01000000,65410.01000000,65410.00000000,65410.00000000,2.66444000,1785149039999999,174281.04322650,234,2.28265000,149308.15932650,0
1785149040000000,65410.00000000,65410.01000000,65410.00000000,65410.00000000,5.45095000,1785149099999999,356546.68724740,477,4.77474000,312315.79114740,0
1785149100000000,65410.00000000,65432.00000000,65410.00000000,65412.01000000,7.51726000,1785149159999999,491780.59697770,1857,5.32566000,348400.94723520,0
1785149160000000,65412.00000000,65412.01000000,65369.11000000,65369.11000000,3.78206000,1785149219999999,247264.04671250,2065,2.32560000,152027.87183860,0
1785149220000000,65369.12000000,65376.08000000,65369.11000000,65376.08000000,4.43572000,1785149279999999,289976.57226560,618,2.73180000,178581.27069520,0
1785149280000000,65376.07000000,65376.08000000,65372.15000000,65372.16000000,1.62352000,1785149339999999,106136.31829600,667,0.57874000,37834.33190020,0
1785149340000000,65372.15000000,65372.16000000,65364.36000000,65364.36000000,1.69027000,1785149399999999,110491.83816420,809,0.32110000,20990.40907650,0
1785149400000000,65364.37000000,65364.37000000,65348.48000000,65348.48000000,3.96578000,1785149459999999,259185.46492290,1220,0.55720000,36415.35740390,0
1785149460000000,65348.49000000,65348.49000000,65344.50000000,65344.50000000,4.79307000,1785149519999999,313201.87762370,455,4.24987000,277706.01766700,0
1785149520000000,65344.51000000,65346.22000000,65344.50000000,65346.21000000,9.51581000,1785149579999999,621813.17510210,473,9.19894000,601107.17827760,0
1785149580000000,65346.22000000,65366.45000000,65346.21000000,65363.39000000,9.53267000,1785149639999999,623044.54944880,1356,4.39790000,287406.16285620,0
1785149640000000,65363.39000000,65363.40000000,65358.56000000,65358.57000000,1.87273000,1785149699999999,122401.02563100,440,0.35153000,22975.75652400,0
1785149700000000,65358.56000000,65358.57000000,65350.00000000,65352.61000000,4.47269000,1785149759999999,292303.66646790,1089,3.46769000,226620.74784150,0
1785149760000000,65352.61000000,65352.61000000,65350.00000000,65350.00000000,0.99048000,1785149819999999,64730.28572390,414,0.33563000,21934.27574630,0
1785149820000000,65350.00000000,65350.01000000,65346.21000000,65346.22000000,1.04723000,1785149879999999,68434.63380440,688,0.28723000,18770.18101770,0
1785149880000000,65346.21000000,65346.22000000,65333.33000000,65333.34000000,1.92266000,1785149939999999,125627.50247790,1898,0.41329000,27002.43447290,0
1785149940000000,65333.34000000,65333.35000000,65333.33000000,65333.35000000,5.51520000,1785149999999999,360326.45460730,267,5.10375000,333445.05276080,0
1785150000000000,65333.35000000,65333.36000000,65304.32000000,65319.69000000,8.75718000,1785150059999999,572064.53158560,1799,4.88812000,319312.62394030,0
1785150060000000,65319.68000000,65319.69000000,65308.97000000,65308.97000000,1.99433000,1785150119999999,130259.44503220,759,0.36339000,23734.36377870,0
1785150120000000,65308.98000000,65308.98000000,65301.60000000,65301.60000000,1.80174000,1785150179999999,117657.84492890,1109,1.07704000,70332.69759560,0
1785150180000000,65301.60000000,65301.60000000,65268.56000000,65270.74000000,2.42668000,1785150239999999,158413.98153560,1997,0.68916000,44982.72870360,0
1785150240000000,65270.74000000,65286.00000000,65270.73000000,65285.99000000,5.98561000,1785150299999999,390720.30116280,1260,2.85222000,186177.77060880,0
1785150300000000,65285.99000000,65286.01000000,65285.99000000,65286.00000000,0.76519000,1785150359999999,49956.19494980,251,0.60338000,39392.26811060,0
1785150360000000,65286.00000000,65300.00000000,65281.99000000,65300.00000000,3.86863000,1785150419999999,252567.22714180,1354,1.93396000,126258.61916440,0
1785150420000000,65300.00000000,65300.00000000,65299.99000000,65299.99000000,1.07791000,1785150479999999,70387.51993370,188,0.77128000,50364.58400000,0
1785150480000000,65299.99000000,65310.44000000,65299.98000000,65310.44000000,15.02082000,1785150539999999,980928.60179130,1480,2.51278000,164093.64304660,0
1785150540000000,65310.44000000,65310.44000000,65310.43000000,65310.43000000,1.02432000,1785150599999999,66898.78475750,161,0.50999000,33307.67129560,0
1785150600000000,65310.43000000,65310.43000000,65288.00000000,65303.52000000,6.87249000,1785150659999999,448761.19664860,1708,3.65053000,238354.65167980,0
1785150660000000,65303.51000000,65303.52000000,65294.07000000,65294.07000000,6.57707000,1785150719999999,429501.68113020,1022,0.31489000,20563.00428380,0
1785150720000000,65294.07000000,65294.07000000,65270.03000000,65275.26000000,10.46733000,1785150779999999,683256.38649860,1397,5.79794000,378433.55327430,0
1785150780000000,65275.27000000,65275.27000000,65258.00000000,65258.00000000,2.11420000,1785150839999999,137992.61386550,873,0.34418000,22466.10957440,0
1785150840000000,65258.00000000,65258.01000000,65242.06000000,65254.70000000,13.81805000,1785150899999999,901607.72788570,731,4.69563000,306370.49561150,0
1785150900000000,65254.69000000,65254.70000000,65242.07000000,65244.31000000,1.86136000,1785150959999999,121445.70798020,579,0.48096000,31380.55660440,0
1785150960000000,65244.32000000,65265.94000000,65244.31000000,65265.93000000,2.44120000,1785151019999999,159289.98346920,1346,2.10873000,137597.11332780,0
1785151020000000,65265.93000000,65265.94000000,65265.93000000,65265.93000000,1.53085000,1785151079999999,99912.35211040,220,0.31699000,20688.65032060,0
1785151080000000,65265.93000000,65265.94000000,65254.00000000,65261.98000000,7.47473000,1785151139999999,487772.85863510,1219,5.66761000,369837.94893950,0
1785151140000000,65261.98000000,65261.99000000,65249.89000000,65249.89000000,0.94317000,1785151199999999,61547.38813050,688,0.43911000,28654.31839990,0
1785151200000000,65249.89000000,65258.98000000,65249.89000000,65258.98000000,2.23835000,1785151259999999,146060.89155640,652,1.54903000,101079.32804090,0
1785151260000000,65258.97000000,65262.20000000,65247.39000000,65247.39000000,3.68866000,1785151319999999,240713.45248130,1270,0.64095000,41825.61567990,0
1785151320000000,65247.39000000,65247.39000000,65216.00000000,65219.98000000,4.30031000,1785151379999999,280522.86954870,1806,0.50905000,33201.55280040,0
1785151380000000,65219.99000000,65219.99000000,65190.18000000,65206.82000000,6.98422000,1785151439999999,455382.42838630,2155,1.32107000,86134.87944120,0
1785151440000000,65206.82000000,65206.82000000,65185.14000000,65185.14000000,3.53026000,1785151499999999,230150.48117520,1284,0.29456000,19203.88704570,0
1785151500000000,65185.15000000,65209.82000000,65185.14000000,65209.81000000,1.59340000,1785151559999999,103887.03425090,1160,1.38359000,90207.04123350,0
1785151560000000,65209.81000000,65209.82000000,65161.99000000,65169.48000000,4.90655000,1785151619999999,319821.48537420,2470,0.92007000,59970.89513390,0
1785151620000000,65169.47000000,65176.95000000,65163.99000000,65172.00000000,5.40737000,1785151679999999,352409.25838590,886,2.15037000,140144.18852630,0
1785151680000000,65171.99000000,65178.21000000,65170.37000000,65176.58000000,1.74411000,1785151739999999,113671.10016830,1174,1.18170000,77015.96236820,0
1785151740000000,65176.59000000,65181.28000000,65128.95000000,65128.95000000,7.62559000,1785151799999999,496838.09809230,2138,0.43566000,28394.75463880,0
1785151800000000,65128.95000000,65189.00000000,65118.08000000,65182.00000000,12.96910000,1785151859999999,845098.80502890,3923,7.39513000,481949.41902780,0
1785151860000000,65182.00000000,65186.84000000,65180.00000000,65186.84000000,1.36033000,1785151919999999,88667.56976670,523,0.64166000,41823.94912110,0
1785151920000000,65186.83000000,65186.84000000,65175.06000000,65175.06000000,3.47601000,1785151979999999,226556.72524740,602,1.99917000,130297.33280020,0
1785151980000000,65175.07000000,65182.36000000,65170.53000000,65182.36000000,8.18672000,1785152039999999,533555.69029310,1086,7.57059000,493399.40597610,0
1785152040000000,65182.37000000,65200.00000000,65182.36000000,65199.99000000,4.54230000,1785152099999999,296111.82972990,890,3.92305000,255745.36524180,0
1785152100000000,65200.00000000,65200.00000000,65199.99000000,65199.99000000,1.66225000,1785152159999999,108378.69010590,226,0.67284000,43869.16800000,0
1785152160000000,65199.99000000,65202.57000000,65199.99000000,65202.57000000,1.91089000,1785152219999999,124590.68203950,362,1.62493000,105945.84440580,0
1785152220000000,65202.57000000,65210.04000000,65200.99000000,65210.04000000,5.18253000,1785152279999999,337932.81967480,926,1.89466000,123539.50324360,0
1785152280000000,65210.03000000,65210.04000000,65200.80000000,65200.80000000,1.69661000,1785152339999999,110623.63397000,742,0.84664000,55201.97576110,0
1785152340000000,65200.80000000,65200.81000000,65191.55000000,65191.56000000,12.52327000,1785152399999999,816456.66133010,820,2.01445000,131331.29244400,0
1785152400000000,65191.55000000,65196.79000000,65191.55000000,65196.78000000,1.68567000,1785152459999999,109895.72705970,511,1.42896000,93159.72416570,0
1785152460000000,65196.78000000,65196.79000000,65166.46000000,65166.47000000,10.84497000,1785152519999999,706907.24800640,1281,0.46330000,30197.32531160,0
1785152520000000,65166.46000000,65177.99000000,65166.46000000,65177.99000000,3.55625000,1785152579999999,231766.35213440,991,2.66113000,173430.11611000,0
1785152580000000,65177.98000000,65183.21000000,65146.00000000,65167.14000000,12.69547000,1785152639999999,827263.04114380,2010,6.95830000,453369.13016580,0
1785152640000000,65167.14000000,65168.97000000,65158.00000000,65158.01000000,1.83740000,1785152699999999,119738.03872880,655,1.07834000,70273.11348400,0
1785152700000000,65158.00000000,65158.00000000,65142.00000000,65142.02000000,2.33933000,1785152759999999,152393.17406550,1017,0.89038000,58001.42107160,0
1785152760000000,65142.02000000,65142.95000000,65140.56000000,65142.95000000,2.15168000,1785152819999999,140164.96457770,518,1.29299000,84228.03502920,0
1785152820000000,65142.95000000,65148.00000000,65134.36000000,65134.37000000,1.94993000,1785152879999999,127026.81411250,933,0.75902000,49445.29979240,0
1785152880000000,65134.37000000,65140.63000000,65126.84000000,65140.62000000,6.92715000,1785152939999999,451172.72158860,1236,4.15615000,270686.73931210,0
1785152940000000,65140.62000000,65147.87000000,65140.62000000,65147.86000000,1.41878000,1785152999999999,92428.15905150,405,0.66375000,43239.82920910,0
1785153000000000,65147.87000000,65147.87000000,65134.36000000,65134.37000000,3.04733000,1785153059999999,198508.92312250,581,0.60090000,39141.11529310,0
1785153060000000,65134.37000000,65134.37000000,65118.08000000,65118.08000000,2.91269000,1785153119999999,189700.17883870,629,0.26250000,17094.74046340,0
1785153120000000,65118.09000000,65125.45000000,65118.08000000,65118.09000000,4.61708000,1785153179999999,300670.39179440,884,1.48240000,96533.56018730,0
1785153180000000,65118.09000000,65118.09000000,65092.00000000,65097.29000000,7.43172000,1785153239999999,483856.26710490,1535,1.91029000,124369.89987600,0
1785153240000000,65097.28000000,65116.00000000,65097.28000000,65116.00000000,6.26417000,1785153299999999,407851.60204480,825,4.36638000,284284.16028810,0
1785153300000000,65116.00000000,65118.76000000,65108.00000000,65108.00000000,3.30318000,1785153359999999,215091.45101530,775,1.43848000,93670.01141340,0
1785153360000000,65108.00000000,65118.00000000,65106.10000000,65114.07000000,8.58801000,1785153419999999,559215.40134970,1068,1.34961000,87874.82842620,0
1785153420000000,65114.07000000,65124.39000000,65114.07000000,65117.49000000,3.05922000,1785153479999999,199221.48377220,959,1.31761000,85802.44768450,0
1785153480000000,65117.48000000,65129.54000000,65104.64000000,65104.65000000,8.32919000,1785153539999999,542394.00796710,1891,4.15165000,270361.18202630,0
1785153540000000,65104.65000000,65104.65000000,65100.79000000,65100.79000000,1.83911000,1785153599999999,119730.42408060,419,1.05234000,68508.87641370,0
1785153600000000,65100.79000000,65132.54000000,65095.56000000,65122.72000000,11.69114000,1785153659999999,761253.49874260,3513,8.24947000,537148.85755010,0
1785153660000000,65122.72000000,65122.73000000,65122.72000000,65122.73000000,2.30737000,1785153719999999,150262.22396250,310,1.35161000,88020.53309530,0
1785153720000000,65122.72000000,65170.66000000,65122.72000000,65170.66000000,12.78471000,1785153779999999,832810.84424870,2396,9.67693000,630352.71125390,0
1785153780000000,65170.65000000,65172.00000000,65154.00000000,65154.01000000,3.24789000,1785153839999999,211651.82546350,1018,0.76864000,50091.33787900,0
1785153840000000,65154.00000000,65209.30000000,65151.67000000,65207.45000000,19.23854000,1785153899999999,1253820.42668970,2225,16.99158000,1107337.68302960,0
1785153900000000,65207.45000000,65207.45000000,65178.29000000,65178.29000000,2.11465000,1785153959999999,137850.84884250,1021,0.27118000,17677.38251440,0
1785153960000000,65178.30000000,65208.00000000,65178.30000000,65208.00000000,13.25920000,1785154019999999,864407.47786910,1515,11.31802000,737840.23641220,0
1785154020000000,65207.99000000,65249.67000000,65207.43000000,65247.06000000,17.32863000,1785154079999999,1130314.50724170,2615,11.79777000,769560.17341520,0
1785154080000000,65247.06000000,65255.76000000,65226.06000000,65244.17000000,11.93307000,1785154139999999,778453.29296230,2402,8.31089000,542141.35471690,0
1785154140000000,65244.18000000,65244.18000000,65229.30000000,65229.30000000,2.88273000,1785154199999999,188060.01963760,656,0.80250000,52349.34335530,0
1785154200000000,65229.31000000,65232.00000000,65212.00000000,65222.17000000,9.15256000,1785154259999999,596920.99517070,1836,5.60711000,365678.86703050,0
1785154260000000,65222.16000000,65222.17000000,65183.48000000,65183.48000000,4.06438000,1785154319999999,265018.58642590,1302,0.29370000,19150.56474600,0
1785154320000000,65183.48000000,65183.49000000,65176.00000000,65176.00000000,1.34055000,1785154379999999,87375.20543920,442,0.28160000,18354.02632680,0
1785154380000000,65176.00000000,65176.01000000,65076.98000000,65106.00000000,15.15199000,1785154439999999,986568.35237980,3594,4.93440000,321217.00289270,0
1785154440000000,65106.00000000,65115.51000000,65086.00000000,65086.01000000,6.36281000,1785154499999999,414244.05551890,1957,1.37772000,89699.72562140,0
1785154500000000,65086.00000000,65116.00000000,65082.00000000,65116.00000000,8.23755000,1785154559999999,536259.55679910,1386,7.79841000,507669.16932680,0
1785154560000000,65116.00000000,65143.50000000,65115.99000000,65143.49000000,4.13265000,1785154619999999,269160.29425360,1214,3.40827000,221981.85820380,0
1785154620000000,65143.50000000,65144.00000000,65106.42000000,65106.42000000,8.94368000,1785154679999999,582573.02430100,1580,0.58516000,38112.91925440,0
1785154680000000,65106.43000000,65110.56000000,65100.00000000,65100.01000000,3.05009000,1785154739999999,198586.48193300,1100,0.94568000,61571.87802120,0
1785154740000000,65100.01000000,65100.01000000,65072.00000000,65072.00000000,2.99662000,1785154799999999,195053.78961300,1685,0.29399000,19136.15804720,0
1785154800000000,65072.00000000,65072.01000000,65045.30000000,65058.00000000,6.73746000,1785154859999999,438300.73538960,2599,3.38870000,220445.14444690,0
1785154860000000,65058.00000000,65066.91000000,65018.00000000,65054.00000000,15.36742000,1785154919999999,999616.85017450,3702,8.26196000,537427.32588510,0
1785154920000000,65054.00000000,65064.00000000,65054.00000000,65063.99000000,2.30874000,1785154979999999,150199.30859380,544,1.68656000,109722.50764140,0
1785154980000000,65063.99000000,65072.43000000,65056.01000000,65056.01000000,8.30102000,1785155039999999,540138.76853800,1154,2.16294000,140736.91464950,0
1785155040000000,65056.00000000,65056.01000000,65056.00000000,65056.00000000,0.79039000,1785155099999999,51419.61414980,201,0.23098000,15026.63718980,0
1785155100000000,65056.00000000,65056.01000000,65024.00000000,65028.00000000,6.42684000,1785155159999999,417974.76130900,2460,2.22789000,144885.62349820,0
1785155160000000,65028.01000000,65031.40000000,65028.00000000,65029.29000000,4.21135000,1785155219999999,273864.23744170,624,2.38024000,154786.80204350,0
1785155220000000,65029.29000000,65039.95000000,65024.13000000,65039.95000000,18.33702000,1785155279999999,1192539.00299910,1168,5.03698000,327562.49079140,0
1785155280000000,65039.94000000,65039.95000000,65020.72000000,65026.00000000,13.23986000,1785155339999999,860952.10872060,1360,1.13107000,73546.13246990,0
1785155340000000,65026.00000000,65026.00000000,65009.28000000,65009.29000000,2.53134000,1785155399999999,164587.56500090,1053,0.65738000,42743.21111380,0
1785155400000000,65009.28000000,65012.87000000,64996.01000000,65002.92000000,17.46377000,1785155459999999,1135169.62470790,3046,6.13474000,398776.43087650,0
1785155460000000,65002.92000000,65011.21000000,64939.72000000,64942.33000000,21.15988000,1785155519999999,1374683.43032200,5098,8.93138000,580217.45525060,0
1785155520000000,64942.32000000,64943.77000000,64893.51000000,64907.79000000,30.80107000,1785155579999999,1999407.03624370,5301,10.92639000,709224.88212200,0
1785155580000000,64907.79000000,64907.80000000,64836.00000000,64843.69000000,31.23590000,1785155639999999,2026424.48381910,5023,7.76447000,503711.77662130,0
1785155640000000,64843.70000000,64876.50000000,64843.69000000,64876.50000000,24.95307000,1785155699999999,1618620.89166040,2777,8.68201000,563143.49233800,0
1785155700000000,64876.49000000,64898.52000000,64875.19000000,64876.29000000,5.51258000,1785155759999999,357692.49248930,2698,3.23190000,209704.59271000,0
1785155760000000,64876.29000000,64916.25000000,64874.00000000,64909.76000000,10.90822000,1785155819999999,707864.77463540,3542,6.21083000,403016.04306850,0
1785155820000000,64909.76000000,64944.18000000,64909.75000000,64938.03000000,12.95777000,1785155879999999,841224.45890050,2417,5.91380000,383946.06418010,0
1785155880000000,64938.03000000,64960.13000000,64938.02000000,64960.13000000,15.21592000,1785155939999999,988188.05463600,1344,11.02146000,715756.86699870,0
1785155940000000,64960.13000000,64981.05000000,64960.12000000,64981.04000000,40.52410000,1785155999999999,2632910.33427350,1684,33.51104000,2177316.89390710,0
1785156000000000,64981.04000000,64996.50000000,64981.04000000,64981.04000000,5.87380000,1785156059999999,381711.61976310,1181,4.16497000,270655.57210470,0
1785156060000000,64981.05000000,65054.00000000,64976.69000000,65053.99000000,25.66881000,1785156119999999,1668451.32072520,4057,17.49883000,1137431.94151420,0
1785156120000000,65053.99000000,65054.37000000,65036.00000000,65047.86000000,5.42183000,1785156179999999,352650.67537260,1645,2.17712000,141597.17701210,0
1785156180000000,65047.85000000,65047.86000000,65036.00000000,65036.52000000,7.85058000,1785156239999999,510628.25207440,1377,1.98258000,128946.07552830,0
1785156240000000,65036.53000000,65052.00000000,65036.52000000,65046.79000000,6.17839000,1785156299999999,401865.60663210,924,5.58911000,363535.54788350,0
1785156300000000,65046.78000000,65110.00000000,65046.77000000,65105.94000000,19.12031000,1785156359999999,1244177.27263100,2528,12.03979000,783466.69257870,0
1785156360000000,65105.94000000,65120.00000000,65090.30000000,65115.18000000,4.54629000,1785156419999999,296000.00383480,2149,2.20235000,143387.44617700,0
1785156420000000,65115.19000000,65134.37000000,65108.67000000,65125.57000000,6.88576000,1785156479999999,448397.29126240,1831,3.00460000,195661.93883260,0
1785156480000000,65125.57000000,65134.37000000,65125.40000000,65132.01000000,7.36791000,1785156539999999,479880.77797610,608,4.88207000,317970.09562640,0
1785156540000000,65132.01000000,65133.98000000,65076.65000000,65076.66000000,5.11989000,1785156599999999,333344.34687210,1889,0.82271000,53570.18568670,0
1785156600000000,65076.66000000,65087.97000000,65076.66000000,65084.12000000,2.14669000,1785156659999999,139711.34215280,939,1.32618000,86308.84454220,0
1785156660000000,65084.13000000,65084.13000000,65015.00000000,65015.01000000,7.04251000,1785156719999999,458183.54230790,2361,0.24735000,16086.85708440,0
1785156720000000,65015.01000000,65055.41000000,65015.00000000,65055.40000000,5.99727000,1785156779999999,390019.79847440,1612,4.66128000,303142.20547100,0
1785156780000000,65055.40000000,65096.77000000,65055.40000000,65084.12000000,5.47223000,1785156839999999,356143.42324250,1869,4.51718000,293981.10061750,0
1785156840000000,65084.12000000,65084.13000000,65078.00000000,65078.01000000,1.37404000,1785156899999999,89423.84427020,502,0.47059000,30625.96361390,0
1785156900000000,65078.00000000,65098.93000000,65078.00000000,65098.92000000,10.80384000,1785156959999999,703158.46979920,1366,9.82357000,639363.01601940,0
1785156960000000,65098.93000000,65108.85000000,65098.72000000,65098.72000000,5.67179000,1785157019999999,369266.84516480,1610,1.47977000,96338.67225520,0
1785157020000000,65098.73000000,65098.73000000,65080.00000000,65080.01000000,1.77374000,1785157079999999,115443.92760830,832,0.63879000,41572.47759350,0
1785157080000000,65080.01000000,65080.01000000,65070.00000000,65072.01000000,1.86810000,1785157139999999,121565.92368150,728,0.52070000,33882.49986560,0
1785157140000000,65072.01000000,65086.00000000,65072.00000000,65086.00000000,2.34400000,1785157199999999,152540.72428890,848,2.04159000,132860.85915480,0
1785157200000000,65086.00000000,65093.96000000,65070.55000000,65070.56000000,5.49864000,1785157259999999,357860.19151430,1717,3.18912000,207548.77005210,0
1785157260000000,65070.55000000,65070.55000000,65036.00000000,65048.00000000,5.87211000,1785157319999999,381952.41919100,1923,3.63895000,236686.56442320,0
1785157320000000,65047.99000000,65112.08000000,65047.99000000,65112.07000000,6.85431000,1785157379999999,446052.86897510,2067,5.97362000,388735.72984450,0
1785157380000000,65112.07000000,65124.00000000,65090.00000000,65090.01000000,6.12468000,1785157439999999,398801.92714240,1504,1.62855000,106039.66547290,0
1785157440000000,65090.01000000,65090.01000000,65090.00000000,65090.01000000,1.24454000,1785157499999999,81007.11700710,260,0.84071000,54721.82230710,0
1785157500000000,65090.00000000,65090.00000000,65065.93000000,65089.99000000,5.56927000,1785157559999999,362454.94880780,2008,2.60676000,169638.94452080,0
1785157560000000,65089.99000000,65090.00000000,65068.00000000,65070.62000000,2.54361000,1785157619999999,165540.15518040,992,0.91735000,59699.52987700,0
1785157620000000,65070.62000000,65074.85000000,65065.93000000,65073.73000000,10.19166000,1785157679999999,663179.74089470,923,3.39709000,221037.88345490,0
1785157680000000,65073.73000000,65078.00000000,65058.00000000,65064.00000000,3.69113000,1785157739999999,240160.70454390,1494,1.77523000,115499.87674190,0
1785157740000000,65063.99000000,65066.00000000,65039.94000000,65052.00000000,3.31731000,1785157799999999,215810.99551790,1696,1.37614000,89523.68734500,0
1785157800000000,65052.00000000,65062.94000000,65029.29000000,65031.90000000,3.67168000,1785157859999999,238806.34391840,1999,1.13077000,73541.51978770,0
1785157860000000,65031.91000000,65065.99000000,65031.91000000,65065.99000000,3.39407000,1785157919999999,220797.36325250,1833,2.77646000,180618.18665700,0
1785157920000000,65066.00000000,65070.00000000,65053.99000000,65055.37000000,2.29154000,1785157979999999,149089.95580090,909,0.70736000,46020.67570010,0
1785157980000000,65055.36000000,65055.37000000,65022.00000000,65022.00000000,8.45106000,1785158039999999,549704.17838460,1457,1.80729000,117565.71880820,0
1785158040000000,65022.00000000,65022.00000000,64968.00000000,64978.22000000,21.24909000,1785158099999999,1380999.97703160,2411,8.32600000,541038.35158760,0
1785158100000000,64978.21000000,65005.24000000,64978.00000000,64987.77000000,3.69282000,1785158159999999,239997.94960100,1623,2.42506000,157604.82137460,0
1785158160000000,64987.76000000,64987.77000000,64962.00000000,64967.99000000,3.92620000,1785158219999999,255084.56252120,1117,1.91707000,124541.82024100,0
1785158220000000,64967.99000000,64996.59000000,64961.93000000,64996.58000000,7.57849000,1785158279999999,492450.71495610,1265,4.24828000,276063.23836080,0
1785158280000000,64996.58000000,65022.00000000,64996.58000000,65015.50000000,5.93071000,1785158339999999,385531.57823250,1069,3.99906000,259966.25095620,0
1785158340000000,65015.49000000,65028.00000000,65015.49000000,65027.07000000,7.61928000,1785158399999999,495411.40546840,1337,5.27846000,343199.90115230,0
1785158400000000,65027.07000000,65055.93000000,65008.73000000,65008.73000000,20.11840000,1785158459999999,1308360.86720640,4516,9.56319000,621923.57663250,0
1785158460000000,65008.74000000,65008.74000000,64972.11000000,64972.12000000,6.49954000,1785158519999999,422436.50615230,1972,1.44628000,94005.22735030,0
1785158520000000,64972.12000000,64984.18000000,64951.08000000,64984.17000000,5.27216000,1785158579999999,342494.08750430,2216,3.78134000,245644.37568850,0
1785158580000000,64984.18000000,64993.25000000,64984.17000000,64988.02000000,2.00198000,1785158639999999,130102.16725970,640,1.42375000,92523.14997910,0
1785158640000000,64988.01000000,64988.01000000,64958.16000000,64958.17000000,3.83577000,1785158699999999,249219.36209060,1373,0.28449000,18485.26474290,0
1785158700000000,64958.17000000,64958.17000000,64913.12000000,64927.99000000,10.89789000,1785158759999999,707640.73618880,2436,2.86631000,186081.22369270,0
1785158760000000,64928.00000000,64940.56000000,64927.99000000,64936.89000000,3.89646000,1785158819999999,253025.59019270,801,2.03124000,131898.38287250,0
1785158820000000,64936.89000000,64964.00000000,64936.89000000,64963.99000000,4.81654000,1785158879999999,312840.01724880,1554,4.00727000,260277.85746400,0
1785158880000000,64964.00000000,64971.98000000,64962.00000000,64962.00000000,5.45220000,1785158939999999,354204.52231790,975,1.87795000,121998.48923340,0
1785158940000000,64962.01000000,64969.94000000,64947.59000000,64947.60000000,20.66519000,1785158999999999,1342335.74292960,2193,5.35353000,347749.89334360,0
1785159000000000,64947.60000000,64994.94000000,64943.66000000,64994.00000000,34.82907000,1785159059999999,2262425.93370360,4809,22.86030000,1484959.56024030,0
1785159060000000,64994.00000000,65022.80000000,64962.00000000,65022.80000000,14.94251000,1785159119999999,971093.52627250,4077,10.31871000,670585.08475150,0
1785159120000000,65022.80000000,65056.00000000,64982.00000000,64999.72000000,13.14896000,1785159179999999,854958.00507000,4675,7.06736000,459542.31586300,0
1785159180000000,64999.73000000,65134.37000000,64999.73000000,65134.36000000,15.88824000,1785159239999999,1034032.00842010,5386,9.97377000,649139.95289830,0
1785159240000000,65134.37000000,65144.00000000,65066.00000000,65087.65000000,29.59852000,1785159299999999,1927340.85929810,4446,9.01508000,587043.81338320,0
1785159300000000,65087.66000000,65232.00000000,65087.66000000,65205.99000000,26.73771000,1785159359999999,1742591.03106890,7799,14.09421000,918564.91369930,0
1785159360000000,65205.99000000,65289.01000000,65205.99000000,65258.00000000,29.21132000,1785159419999999,1905990.93989840,6518,17.83405000,1163595.85667420,0
1785159420000000,65258.00000000,65358.26000000,65258.00000000,65351.86000000,67.57746000,1785159479999999,4413211.64119810,6929,56.73088000,3704817.89492580,0
1785159480000000,65351.85000000,65393.05000000,65318.34000000,65378.00000000,20.86957000,1785159539999999,1363954.46940140,5188,11.13765000,727945.96861390,0
1785159540000000,65378.00000000,65520.32000000,65366.00000000,65434.01000000,55.55591000,1785159599999999,3637196.56960630,10619,38.80883000,2540633.42687780,0
1785159600000000,65434.00000000,65589.99000000,65424.01000000,65561.55000000,35.27002000,1785159659999999,2310690.04600890,9979,26.39701000,1729341.53262950,0
1785159660000000,65561.55000000,65620.00000000,65508.10000000,65619.99000000,42.04977000,1785159719999999,2757254.01905120,9726,28.15201000,1846024.11438330,0
1785159720000000,65619.99000000,65653.62000000,65577.60000000,65613.67000000,45.88866000,1785159779999999,3010998.00065970,8996,25.50708000,1673661.25923870,0
1785159780000000,65613.67000000,65686.68000000,65562.02000000,65629.86000000,34.08609000,1785159839999999,2236630.52105120,10049,19.13798000,1255859.62274480,0
1785159840000000,65629.85000000,65677.37000000,65622.54000000,65668.20000000,27.63874000,1785159899999999,1814656.62423960,8476,15.76448000,1035043.63419680,0
1785159900000000,65668.20000000,65682.00000000,65603.99000000,65639.99000000,42.16870000,1785159959999999,2768482.60705630,10924,16.47434000,1081560.36092550,0
1785159960000000,65639.99000000,65661.90000000,65517.25000000,65517.72000000,21.59007000,1785160019999999,1415595.85625550,6603,7.77079000,509525.94431550,0
1785160020000000,65517.71000000,65559.86000000,65517.71000000,65540.80000000,20.33403000,1785160079999999,1332694.12472270,7409,12.17848000,798172.95840450,0
1785160080000000,65540.80000000,65666.63000000,65530.00000000,65662.01000000,24.87775000,1785160139999999,1631773.04790070,6431,20.42012000,1339360.10510710,0
1785160140000000,65662.00000000,65718.00000000,65612.00000000,65619.14000000,40.91399000,1785160199999999,2687116.71878200,7667,25.58966000,1680677.44908170,0
1785160200000000,65619.14000000,65632.00000000,65546.48000000,65631.99000000,36.63687000,1785160259999999,2403116.92036340,5605,25.19660000,1652913.19324240,0
1785160260000000,65632.00000000,65659.72000000,65604.00000000,65645.48000000,19.97873000,1785160319999999,1311265.30244360,5227,14.05470000,922471.39356140,0
1785160320000000,65645.49000000,65651.99000000,65486.00000000,65486.01000000,24.58677000,1785160379999999,1612526.03872570,7403,5.84374000,383292.23484240,0
1785160380000000,65486.01000000,65489.94000000,65392.00000000,65392.01000000,14.86308000,1785160439999999,972826.19682570,4505,2.57549000,168590.90893120,0
1785160440000000,65392.01000000,65431.80000000,65366.96000000,65431.79000000,17.35195000,1785160499999999,1134652.16476920,5345,8.58857000,561597.92117350,0
1785160500000000,65431.80000000,65454.00000000,65397.99000000,65441.98000000,11.77031000,1785160559999999,770194.29779610,5119,6.81369000,445853.82516310,0
1785160560000000,65441.98000000,65441.99000000,65308.02000000,65347.87000000,19.25550000,1785160619999999,1258607.84655520,7105,4.87989000,318858.51280620,0
1785160620000000,65347.87000000,65360.00000000,65220.83000000,65230.16000000,33.25997000,1785160679999999,2171446.93573340,6677,10.32319000,673731.48657900,0
1785160680000000,65230.16000000,65260.00000000,65184.00000000,65239.44000000,31.15846000,1785160739999999,2031918.32846520,6503,10.69374000,697407.20330390,0
1785160740000000,65239.43000000,65254.00000000,65192.12000000,65217.37000000,22.33436000,1785160799999999,1456756.57499990,5343,8.81058000,574711.09774300,0
1785160800000000,65217.38000000,65286.00000000,65216.17000000,65286.00000000,11.59245000,1785160859999999,756470.05927280,4840,9.42800000,615276.26995200,0
1785160860000000,65285.99000000,65330.40000000,65200.58000000,65312.89000000,40.39419000,1785160919999999,2636602.77079490,6637,10.52621000,687215.62367030,0
1785160920000000,65312.88000000,65374.00000000,65288.51000000,65374.00000000,16.35009000,1785160979999999,1068109.25730490,5392,12.89358000,842354.50735330,0
1785160980000000,65374.00000000,65379.40000000,65244.00000000,65283.99000000,10.83224000,1785161039999999,707493.42425480,6351,2.54929000,166474.71889400,0
1785161040000000,65284.00000000,65351.99000000,65276.77000000,65327.36000000,5.90411000,1785161099999999,385672.42377810,3654,2.67206000,174539.07174940,0
1785161100000000,65327.37000000,65348.00000000,65272.00000000,65272.00000000,8.71678000,1785161159999999,569340.03542740,4798,3.05771000,199719.20431140,0
1785161160000000,65272.00000000,65279.79000000,65134.36000000,65179.99000000,16.13576000,1785161219999999,1051914.21056030,6632,3.82996000,249610.14014680,0
1785161220000000,65179.99000000,65255.99000000,65150.19000000,65243.99000000,10.66686000,1785161279999999,695590.43159770,5415,7.23232000,471618.28541620,0
1785161280000000,65243.99000000,65344.51000000,65243.99000000,65344.50000000,18.39832000,1785161339999999,1201147.95620090,4655,15.02567000,980858.73406090,0
1785161340000000,65344.51000000,65431.90000000,65340.00000000,65394.95000000,18.61043000,1785161399999999,1216950.10673860,4209,12.59399000,823518.10360620,0
1785161400000000,65394.95000000,65394.95000000,65252.26000000,65261.34000000,13.42116000,1785161459999999,876626.20515860,6875,2.72774000,178095.99433830,0
1785161460000000,65261.35000000,65284.00000000,65216.81000000,65276.15000000,9.61425000,1785161519999999,627320.43116450,5045,5.34079000,348518.33703970,0
1785161520000000,65276.16000000,65340.00000000,65269.16000000,65340.00000000,11.37152000,1785161579999999,742497.96769790,3938,4.52543000,295514.38898270,0
1785161580000000,65340.00000000,65372.00000000,65297.62000000,65318.00000000,9.75473000,1785161639999999,637358.14148310,4068,3.95938000,258726.71627710,0
1785161640000000,65318.00000000,65377.67000000,65310.00000000,65367.99000000,6.05608000,1785161699999999,395780.58322020,3341,3.56317000,232864.47310760,0
1785161700000000,65367.99000000,65396.26000000,65306.97000000,65335.10000000,8.16665000,1785161759999999,533766.28291680,5470,2.94816000,192686.71178350,0
1785161760000000,65335.10000000,65368.00000000,65302.76000000,65328.01000000,21.81219000,1785161819999999,1424872.03146080,4498,4.52463000,295666.47137410,0
1785161820000000,65328.01000000,65332.00000000,65268.00000000,65273.20000000,9.75038000,1785161879999999,636591.59716780,4751,3.91708000,255748.73700170,0
1785161880000000,65273.20000000,65273.21000000,65194.00000000,65241.63000000,22.48381000,1785161939999999,1466666.39730070,5731,5.47442000,357138.00684580,0
1785161940000000,65241.63000000,65255.99000000,65198.00000000,65198.00000000,7.10483000,1785161999999999,463461.96138380,3662,1.36011000,88729.24880600,0
1785162000000000,65198.00000000,65198.00000000,65019.99000000,65019.99000000,23.62300000,1785162059999999,1538111.76022960,9071,4.96056000,323164.84946700,0
1785162060000000,65019.92000000,65112.00000000,64964.00000000,65112.00000000,38.21043000,1785162119999999,2484627.74359700,10288,19.89943000,1294206.38430700,0
1785162120000000,65112.00000000,65112.00000000,65036.00000000,65040.00000000,9.66587000,1785162179999999,629029.42808130,5545,2.13177000,138721.65268870,0
1785162180000000,65039.99000000,65098.00000000,64969.50000000,64969.50000000,15.78921000,1785162239999999,1026880.32928960,5384,4.64510000,302094.68459860,0
1785162240000000,64969.51000000,65060.00000000,64950.00000000,65054.00000000,14.14992000,1785162299999999,919831.30052510,5830,8.45366000,549522.30323030,0
1785162300000000,65054.00000000,65054.00000000,65002.66000000,65021.99000000,9.92251000,1785162359999999,645274.14769660,4415,2.39508000,155762.57525660,0
1785162360000000,65022.00000000,65085.74000000,65008.00000000,65054.00000000,13.45599000,1785162419999999,875181.37726390,4711,8.73066000,567767.01273440,0
1785162420000000,65054.00000000,65060.10000000,64962.00000000,64971.50000000,17.06860000,1785162479999999,1109907.71767470,6818,8.14864000,529994.41402150,0
1785162480000000,64971.49000000,64986.00000000,64900.00000000,64950.00000000,20.56331000,1785162539999999,1335568.88117630,7042,5.74180000,372955.08717390,0
1785162540000000,64950.01000000,64955.98000000,64870.68000000,64870.69000000,18.21579000,1785162599999999,1182392.74607300,5749,4.30624000,279554.96762150,0
1785162600000000,64870.69000000,64886.90000000,64599.39000000,64600.84000000,92.80622000,1785162659999999,6007584.09922510,17098,21.67619000,1402892.47070940,0
1785162660000000,64600.83000000,64800.00000000,64600.83000000,64800.00000000,25.72570000,1785162719999999,1664316.33103210,9785,16.06135000,1039048.97098570,0
1785162720000000,64800.00000000,64808.00000000,64712.00000000,64724.00000000,15.68125000,1785162779999999,1015224.11321520,7322,6.81764000,441390.84003610,0
1785162780000000,64724.01000000,64768.00000000,64666.00000000,64681.88000000,18.29256000,1785162839999999,1183856.26720190,7927,4.69088000,303587.97059510,0
1785162840000000,64681.89000000,64718.00000000,64637.54000000,64664.00000000,19.69053000,1785162899999999,1273565.59655420,8970,5.29497000,342487.23262110,0
1785162900000000,64664.01000000,64700.00000000,64598.84000000,64700.00000000,25.63211000,1785162959999999,1656643.40041990,8062,6.04019000,390528.28721280,0
1785162960000000,64700.00000000,64750.35000000,64630.00000000,64630.01000000,27.03765000,1785163019999999,1749189.74460720,7196,7.95446000,514746.73452860,0
1785163020000000,64630.00000000,64630.01000000,64498.00000000,64527.56000000,54.15097000,1785163079999999,3494287.83831780,12300,9.86505000,636752.65930000,0
1785163080000000,64527.56000000,64627.28000000,64518.00000000,64619.40000000,20.49970000,1785163139999999,1323762.54757960,7771,10.15286000,655585.03667760,0
1785163140000000,64619.41000000,64665.89000000,64616.94000000,64665.89000000,8.61674000,1785163199999999,556992.10184340,4671,5.94095000,384005.60445950,0
1785163200000000,64665.99000000,64682.00000000,64602.00000000,64602.00000000,16.48254000,1785163259999999,1065288.62078990,6646,6.59573000,426310.69446300,0
1785163260000000,64602.00000000,64614.00000000,64552.00000000,64614.00000000,22.46792000,1785163319999999,1451103.41469820,6899,13.94014000,900401.36626910,0
1785163320000000,64614.00000000,64665.98000000,64611.99000000,64622.01000000,6.75410000,1785163379999999,436585.63228470,5144,2.79524000,180675.84310210,0
1785163380000000,64622.00000000,64622.01000000,64543.54000000,64566.00000000,14.22606000,1785163439999999,918584.87229480,6322,3.13585000,202432.02726600,0
1785163440000000,64566.00000000,64600.26000000,64459.82000000,64476.00000000,38.83247000,1785163499999999,2504889.57126630,10819,8.20893000,529644.71294080,0
1785163500000000,64476.00000000,64572.82000000,64472.01000000,64558.02000000,39.71963000,1785163559999999,2562564.08149710,8123,19.10414000,1232549.82468650,0
1785163560000000,64558.01000000,64644.86000000,64540.00000000,64636.17000000,33.62686000,1785163619999999,2172596.00311580,6568,23.16372000,1496532.72995760,0
1785163620000000,64636.18000000,64650.00000000,64593.54000000,64609.99000000,17.94151000,1785163679999999,1159432.23328030,4764,8.02023000,518317.96905550,0
1785163680000000,64610.00000000,64627.99000000,64577.86000000,64584.33000000,9.31858000,1785163739999999,601959.04026490,4393,3.65779000,236281.25328780,0
1785163740000000,64584.33000000,64632.00000000,64580.30000000,64612.00000000,17.35902000,1785163799999999,1121408.46794700,4131,11.09423000,716698.37102970,0
1785163800000000,64612.01000000,64710.00000000,64612.00000000,64664.43000000,30.54705000,1785163859999999,1975548.71663140,6561,19.45106000,1257805.42140280,0
1785163860000000,64664.42000000,64698.00000000,64649.38000000,64649.38000000,10.49196000,1785163919999999,678613.33856380,4171,4.78480000,309491.30611690,0
1785163920000000,64649.39000000,64666.98000000,64634.00000000,64649.06000000,8.48627000,1785163979999999,548599.48142940,3498,3.89894000,252060.53838450,0
1785163980000000,64649.05000000,64649.06000000,64584.63000000,64584.64000000,14.92787000,1785164039999999,964416.03897480,3866,6.02010000,388879.07080940,0
1785164040000000,64584.64000000,64594.00000000,64538.40000000,64581.56000000,16.29374000,1785164099999999,1052116.82792660,5381,6.19381000,399998.21597910,0
1785164100000000,64581.56000000,64674.00000000,64581.56000000,64673.99000000,18.88339000,1785164159999999,1220272.69127740,5768,11.05961000,714708.83844290,0
1785164160000000,64674.00000000,64692.00000000,64629.54000000,64657.94000000,14.10044000,1785164219999999,911734.35201160,4669,7.64877000,494550.80287540,0
1785164220000000,64657.94000000,64704.51000000,64657.94000000,64690.01000000,12.86338000,1785164279999999,832139.08386760,2949,8.45650000,547041.92217670,0
1785164280000000,64690.01000000,64692.00000000,64643.99000000,64650.00000000,18.90275000,1785164339999999,1222344.56135980,4198,3.94199000,254908.88228190,0
1785164340000000,64649.99000000,64688.00000000,64649.99000000,64687.45000000,4.31631000,1785164399999999,279135.66092190,2431,3.14817000,203587.93791630,0
1785164400000000,64687.45000000,64757.94000000,64667.76000000,64722.00000000,27.45537000,1785164459999999,1776568.64337630,7022,13.38410000,866152.57407870,0
1785164460000000,64722.00000000,64722.00000000,64673.48000000,64673.49000000,12.94957000,1785164519999999,837758.77449800,4244,4.59026000,296982.17170790,0
1785164520000000,64673.48000000,64698.00000000,64636.00000000,64657.99000000,14.68449000,1785164579999999,949496.11214250,5696,4.94332000,319663.41826420,0
1785164580000000,64657.99000000,64700.00000000,64651.67000000,64658.00000000,8.29416000,1785164639999999,536455.62930060,4257,4.61095000,298213.18277640,0
1785164640000000,64658.00000000,64743.27000000,64657.99000000,64726.00000000,11.38047000,1785164699999999,736512.80288140,3816,7.05133000,456303.02796890,0
1785164700000000,64726.00000000,64770.02000000,64691.48000000,64758.00000000,10.05906000,1785164759999999,651067.05163950,4219,4.90104000,317291.04133280,0
1785164760000000,64758.00000000,64776.00000000,64688.01000000,64688.01000000,10.82970000,1785164819999999,701086.13657220,3552,1.96570000,127260.28101290,0
1785164820000000,64688.01000000,64692.00000000,64656.35000000,64664.30000000,11.66971000,1785164879999999,754704.65917700,3682,3.59044000,232224.24471280,0
1785164880000000,64664.31000000,64676.00000000,64635.02000000,64644.00000000,16.70888000,1785164939999999,1080354.15166850,3309,3.52372000,227834.52873580,0
1785164940000000,64643.99000000,64644.00000000,64600.00000000,64605.99000000,9.82438000,1785164999999999,634808.27850630,2465,1.31558000,85001.91656810,0
1785165000000000,64606.00000000,64670.00000000,64579.22000000,64609.03000000,31.42137000,1785165059999999,2030206.54492640,7335,9.45495000,611001.55919980,0
1785165060000000,64609.02000000,64642.00000000,64583.97000000,64625.18000000,16.13601000,1785165119999999,1042414.16459140,4633,9.15153000,591167.25293690,0
1785165120000000,64625.18000000,64696.00000000,64625.17000000,64683.99000000,7.61759000,1785165179999999,492618.32421300,3373,5.28537000,341756.25046700,0
1785165180000000,64684.00000000,64752.00000000,64683.99000000,64751.99000000,7.20517000,1785165239999999,466378.77327120,2499,6.04486000,391262.97159090,0
1785165240000000,64752.00000000,64764.00000000,64706.00000000,64728.87000000,14.92495000,1785165299999999,966026.75840080,4163,3.38143000,218897.36480480,0
1785165300000000,64728.87000000,64738.85000000,64705.40000000,64707.41000000,4.61067000,1785165359999999,298414.56184730,2622,1.31530000,85127.21094110,0
1785165360000000,64707.40000000,64726.00000000,64686.00000000,64725.99000000,7.96068000,1785165419999999,515101.45458790,3530,2.72623000,176423.31327680,0
1785165420000000,64726.00000000,64726.00000000,64587.43000000,64616.00000000,18.55399000,1785165479999999,1199358.29329160,6438,5.15677000,333187.11721310,0
1785165480000000,64616.00000000,64636.01000000,64596.00000000,64636.01000000,8.21168000,1785165539999999,530611.30725890,3874,3.65515000,236207.26294210,0
1785165540000000,64636.01000000,64705.99000000,64636.00000000,64705.99000000,5.07793000,1785165599999999,328406.20481170,3692,3.87565000,250647.50084380,0
1785165600000000,64706.00000000,64774.00000000,64706.00000000,64759.27000000,7.90078000,1785165659999999,511526.73281670,4202,4.79561000,310490.21813100,0
1785165660000000,64759.26000000,64765.70000000,64705.65000000,64705.65000000,4.26154000,1785165719999999,275901.66783130,2734,1.47398000,95443.49800850,0
1785165720000000,64705.64000000,64748.00000000,64679.99000000,64742.00000000,6.22497000,1785165779999999,402796.92915120,2676,5.05016000,326780.08545990,0
1785165780000000,64742.01000000,64742.01000000,64628.49000000,64646.00000000,8.63119000,1785165839999999,558261.28211920,4486,3.36993000,217892.73130010,0
1785165840000000,64646.00000000,64646.00000000,64600.00000000,64627.25000000,5.05404000,1785165899999999,326594.34373660,2894,2.44850000,158221.41894190,0
1785165900000000,64627.25000000,64642.21000000,64600.00000000,64642.20000000,6.13075000,1785165959999999,396151.27874330,2633,3.19999000,206784.95163130,0
1785165960000000,64642.21000000,64642.21000000,64600.00000000,64600.00000000,7.42248000,1785166019999999,479597.13315390,2269,0.78887000,50973.52106590,0
1785166020000000,64600.00000000,64623.99000000,64582.84000000,64590.58000000,5.66227000,1785166079999999,365778.94765240,2697,2.47964000,160175.05066250,0
1785166080000000,64590.57000000,64598.00000000,64554.51000000,64562.00000000,8.41009000,1785166139999999,543080.14932320,2961,3.76823000,243298.05411630,0
1785166140000000,64562.00000000,64658.01000000,64562.00000000,64658.00000000,14.53242000,1785166199999999,939135.08345520,3304,10.31209000,666350.61545740,0
1785166200000000,64658.00000000,64680.00000000,64631.56000000,64669.77000000,9.06835000,1785166259999999,586307.89258550,2908,2.89864000,187408.01770830,0
1785166260000000,64669.77000000,64700.00000000,64642.00000000,64642.00000000,4.68722000,1785166319999999,303138.26634290,2825,1.44027000,93156.44674730,0
1785166320000000,64642.00000000,64648.00000000,64591.93000000,64591.94000000,14.49704000,1785166379999999,936843.49920820,2978,2.37518000,153486.58667880,0
1785166380000000,64591.93000000,64600.00000000,64558.00000000,64560.92000000,6.40215000,1785166439999999,413469.80741180,2523,1.81025000,116905.82735680,0
1785166440000000,64560.92000000,64598.00000000,64546.00000000,64578.00000000,9.10148000,1785166499999999,587656.72030200,2630,3.84769000,248409.35352900,0
1785166500000000,64577.99000000,64577.99000000,64467.02000000,64517.99000000,24.55798000,1785166559999999,1584142.26875110,4120,7.66309000,494239.14961610,0
1785166560000000,64517.99000000,64558.95000000,64470.00000000,64490.71000000,47.63947000,1785166619999999,3072482.99498420,4547,31.68271000,2043035.71376140,0
1785166620000000,64490.71000000,64526.00000000,64449.00000000,64449.00000000,23.60182000,1785166679999999,1522242.35159870,4353,5.04616000,325509.08007670,0
1785166680000000,64449.01000000,64514.00000000,64418.01000000,64514.00000000,10.62051000,1785166739999999,684522.99003100,3521,5.46272000,352097.78027960,0
1785166740000000,64514.00000000,64560.00000000,64513.99000000,64560.00000000,7.38946000,1785166799999999,476882.79076500,2273,3.86589000,249510.02085850,0
1785166800000000,64560.00000000,64605.99000000,64560.00000000,64581.94000000,8.92975000,1785166859999999,576744.98932390,2984,2.57239000,166128.69530470,0
1785166860000000,64581.94000000,64584.00000000,64560.00000000,64560.18000000,4.45571000,1785166919999999,287723.93207220,1955,2.30808000,149046.36272160,0
1785166920000000,64560.19000000,64600.00000000,64560.19000000,64599.99000000,3.56697000,1785166979999999,230395.37898320,2253,2.65681000,171604.69495680,0
1785166980000000,64599.99000000,64605.38000000,64564.63000000,64574.00000000,6.53731000,1785167039999999,422231.55571750,3113,1.92607000,124383.55950230,0
1785167040000000,64574.00000000,64598.74000000,64573.99000000,64580.79000000,10.75863000,1785167099999999,694827.85948860,2509,7.29964000,471422.07247330,0
1785167100000000,64580.80000000,64580.80000000,64552.00000000,64552.01000000,5.67176000,1785167159999999,366219.18496380,1427,1.32753000,85712.29187800,0
1785167160000000,64552.01000000,64609.03000000,64534.79000000,64590.01000000,11.07345000,1785167219999999,715042.96806140,4088,7.39901000,477806.05592340,0
1785167220000000,64590.01000000,64600.00000000,64570.33000000,64584.00000000,5.70586000,1785167279999999,368520.59493650,1868,0.84134000,54337.79176000,0
1785167280000000,64584.00000000,64622.00000000,64584.00000000,64604.03000000,4.32316000,1785167339999999,279301.41302640,2206,2.02957000,131112.54607310,0
1785167340000000,64604.03000000,64604.03000000,64572.01000000,64577.77000000,4.78572000,1785167399999999,309084.14272900,2573,2.12824000,137445.64909840,0
1785167400000000,64577.78000000,64610.00000000,64577.78000000,64600.01000000,3.75176000,1785167459999999,242326.21889420,2881,2.35405000,152041.68112870,0
1785167460000000,64600.01000000,64628.00000000,64600.01000000,64625.96000000,5.37135000,1785167519999999,347076.96271640,2839,3.19097000,206178.46363590,0
1785167520000000,64625.95000000,64637.79000000,64608.00000000,64608.01000000,4.88334000,1785167579999999,315576.02608300,1846,1.91712000,123886.34778700,0
1785167580000000,64608.01000000,64620.00000000,64594.01000000,64604.00000000,3.40687000,1785167639999999,220107.44626490,2432,1.72395000,111378.70208320,0
1785167640000000,64604.01000000,64604.01000000,64580.07000000,64580.95000000,3.74706000,1785167699999999,242056.57141330,1170,0.57233000,36966.57038910,0
1785167700000000,64580.95000000,64615.05000000,64580.95000000,64612.01000000,2.51234000,1785167759999999,162290.17061610,2181,1.65733000,107059.64800750,0
1785167760000000,64612.01000000,64612.01000000,64580.49000000,64580.49000000,3.10264000,1785167819999999,200417.40360610,1629,0.78327000,50588.40464050,0
1785167820000000,64580.50000000,64596.00000000,64560.40000000,64590.01000000,6.23952000,1785167879999999,402913.50173190,1871,3.68571000,237999.92165290,0
1785167880000000,64590.00000000,64591.99000000,64552.41000000,64559.99000000,4.72702000,1785167939999999,305243.58716310,2786,2.03290000,131273.12289870,0
1785167940000000,64559.99000000,64562.00000000,64554.00000000,64554.01000000,5.36787000,1785167999999999,346532.49660650,1066,4.05253000,261615.99174250,0
1785168000000000,64554.00000000,64572.00000000,64544.01000000,64548.93000000,14.30969000,1785168059999999,923836.13608280,3133,4.66853000,301382.29523610,0
1785168060000000,64548.94000000,64572.55000000,64538.54000000,64538.57000000,11.39105000,1785168119999999,735218.04211070,2885,9.10708000,587791.09334280,0
1785168120000000,64538.58000000,64560.00000000,64538.55000000,64546.56000000,8.08037000,1785168179999999,521552.47524930,2461,5.88956000,380134.44350290,0
1785168180000000,64546.63000000,64616.00000000,64546.63000000,64609.02000000,19.07136000,1785168239999999,1231863.97137670,3264,14.01426000,905158.18709690,0
1785168240000000,64609.03000000,64644.44000000,64609.03000000,64644.43000000,8.34018000,1785168299999999,539048.67037610,1547,7.17004000,463420.84488710,0
1785168300000000,64644.44000000,64665.28000000,64632.00000000,64636.40000000,7.65245000,1785168359999999,494661.76328630,1722,5.03304000,325330.98750280,0
1785168360000000,64636.39000000,64636.40000000,64582.00000000,64612.00000000,5.40505000,1785168419999999,349199.27282640,2511,1.78768000,115480.77234130,0
1785168420000000,64612.00000000,64624.01000000,64602.00000000,64624.00000000,4.69422000,1785168479999999,303299.32508440,1616,1.43633000,92803.99793690,0
1785168480000000,64624.01000000,64652.00000000,64624.00000000,64646.00000000,1.89005000,1785168539999999,122164.96128950,1649,1.54552000,99893.64505930,0
1785168540000000,64646.01000000,64646.01000000,64620.00000000,64634.85000000,2.11453000,1785168599999999,136658.90842200,1375,0.96279000,62220.19097690,0
1785168600000000,64634.85000000,64672.00000000,64630.00000000,64672.00000000,2.46146000,1785168659999999,159131.92918250,2073,2.13886000,138275.60123790,0
1785168660000000,64671.99000000,64677.66000000,64656.00000000,64672.43000000,3.22792000,1785168719999999,208743.89203940,1558,2.27709000,147256.17022920,0
1785168720000000,64672.43000000,64683.53000000,64664.00000000,64679.86000000,2.26665000,1785168779999999,146592.70840510,1827,1.27733000,82610.20708580,0
1785168780000000,64679.85000000,64679.85000000,64624.00000000,64624.00000000,1.63747000,1785168839999999,105866.34862550,1304,0.41420000,26778.50983690,0
1785168840000000,64624.01000000,64632.00000000,64609.08000000,64616.00000000,3.16042000,1785168899999999,204211.24117670,1358,1.50630000,97328.08113360,0
1785168900000000,64616.00000000,64616.75000000,64586.00000000,64586.01000000,2.03915000,1785168959999999,131730.50841270,1061,0.64113000,41415.35818490,0
1785168960000000,64586.01000000,64586.01000000,64517.78000000,64553.99000000,11.85183000,1785169019999999,764875.10961500,3508,4.53466000,292594.34561370,0
1785169020000000,64554.00000000,64562.00000000,64534.00000000,64561.99000000,7.55309000,1785169079999999,487521.45610930,2039,1.75782000,113458.07432770,0
1785169080000000,64562.00000000,64580.00000000,64561.99000000,64574.00000000,6.80624000,1785169139999999,439466.91419780,1433,1.06550000,68797.90887560,0
1785169140000000,64574.00000000,64606.00000000,64554.95000000,64597.40000000,5.92544000,1785169199999999,382643.46544560,3143,4.08674000,263897.37995490,0
1785169200000000,64597.40000000,64619.25000000,64570.00000000,64611.32000000,5.90525000,1785169259999999,381463.62697300,2709,3.52075000,227433.24746480,0
1785169260000000,64611.33000000,64632.25000000,64606.00000000,64606.00000000,5.17982000,1785169319999999,334711.81847930,1616,3.37031000,217792.59451490,0
1785169320000000,64606.00000000,64606.00000000,64566.22000000,64583.99000000,10.50539000,1785169379999999,678575.88458390,1657,3.38833000,218839.91827570,0
1785169380000000,64583.99000000,64588.00000000,64542.01000000,64542.01000000,7.57561000,1785169439999999,489139.15184750,1637,0.82339000,53163.83170360,0
1785169440000000,64542.02000000,64606.00000000,64542.02000000,64605.99000000,18.53178000,1785169499999999,1196540.75536660,2543,9.88087000,637870.36977500,0
1785169500000000,64606.00000000,64763.22000000,64605.99000000,64750.00000000,47.46104000,1785169559999999,3070777.19023770,7846,37.47614000,2424371.58784390,0
1785169560000000,64749.99000000,64767.08000000,64704.61000000,64710.00000000,19.05914000,1785169619999999,1233772.37284390,4712,8.84320000,572494.01266510,0
1785169620000000,64710.00000000,64762.00000000,64709.99000000,64747.88000000,12.65152000,1785169679999999,819022.58991880,2859,5.47429000,354305.55923470,0
1785169680000000,64747.88000000,64796.00000000,64747.87000000,64753.99000000,6.46068000,1785169739999999,418459.81317610,3159,3.78729000,245301.96161020,0
1785169740000000,64753.99000000,64767.41000000,64734.00000000,64734.01000000,8.87161000,1785169799999999,574377.92132120,2178,6.67533000,432184.48389070,0
1785169800000000,64734.00000000,64828.54000000,64734.00000000,64820.00000000,15.22786000,1785169859999999,986761.38848530,4189,12.52432000,811528.64511930,0
1785169860000000,64820.01000000,64828.54000000,64794.00000000,64811.55000000,4.41589000,1785169919999999,286203.73469830,1850,2.45323000,158987.61385130,0
1785169920000000,64811.55000000,64811.57000000,64770.40000000,64774.00000000,7.30404000,1785169979999999,473247.55624660,3129,2.75124000,178264.46215290,0
1785169980000000,64774.00000000,64816.00000000,64754.14000000,64816.00000000,9.95799000,1785170039999999,645038.57410040,2476,5.03135000,325924.48424940,0
1785170040000000,64815.99000000,64884.17000000,64815.99000000,64884.16000000,10.20292000,1785170099999999,661669.33961020,3274,7.39393000,479517.10713240,0
1785170100000000,64884.16000000,64937.50000000,64872.00000000,64912.01000000,10.99862000,1785170159999999,713844.05633790,4410,7.41819000,481474.38101700,0
1785170160000000,64912.00000000,64954.70000000,64886.00000000,64947.70000000,17.58745000,1785170219999999,1142088.42347500,4609,15.87135000,1030690.50915240,0
1785170220000000,64947.70000000,64970.93000000,64916.00000000,64916.00000000,8.31023000,1785170279999999,539781.82577800,3630,2.89009000,187725.00668020,0
1785170280000000,64916.01000000,64938.00000000,64914.00000000,64937.99000000,7.55316000,1785170339999999,490360.72649360,2219,4.20865000,273232.95388630,0
1785170340000000,64937.99000000,64940.00000000,64924.23000000,64935.68000000,3.12744000,1785170399999999,203067.79226410,2420,1.68930000,109688.10684120,0
1785170400000000,64935.69000000,64953.94000000,64935.69000000,64949.19000000,4.08811000,1785170459999999,265523.48458840,2326,3.25514000,211421.53736010,0
1785170460000000,64949.19000000,64949.19000000,64930.63000000,64930.64000000,4.90848000,1785170519999999,318738.19119880,1509,2.51553000,163340.04577390,0
1785170520000000,64930.64000000,64941.43000000,64924.23000000,64940.72000000,3.52007000,1785170579999999,228567.21298770,1129,1.79482000,116540.74159530,0
1785170580000000,64940.72000000,64940.73000000,64920.01000000,64924.23000000,3.01969000,1785170639999999,196066.26861760,1363,0.49034000,31835.32451240,0
1785170640000000,64924.23000000,64926.00000000,64906.22000000,64923.77000000,3.20162000,1785170699999999,207844.06390670,2082,1.38168000,89694.02460150,0
1785170700000000,64923.77000000,64930.00000000,64920.00000000,64930.00000000,2.11647000,1785170759999999,137413.18126200,1117,1.10215000,71558.41533110,0
1785170760000000,64929.99000000,64949.99000000,64895.63000000,64902.00000000,5.15108000,1785170819999999,334428.87856890,3006,2.03122000,131883.44817520,0
1785170820000000,64902.00000000,64939.78000000,64902.00000000,64932.01000000,3.03211000,1785170879999999,196868.14508830,1916,2.01174000,130619.28846240,0
1785170880000000,64932.00000000,64937.80000000,64928.00000000,64937.80000000,4.24878000,1785170939999999,275880.37759920,1689,3.08677000,200429.65329310,0
1785170940000000,64937.79000000,64941.78000000,64924.23000000,64924.23000000,5.05320000,1785170999999999,328136.19210530,1557,1.34011000,87024.25104350,0
1785171000000000,64924.23000000,64924.23000000,64880.00000000,64880.00000000,3.48062000,1785171059999999,225898.66482740,2121,0.82128000,53301.19637530,0
1785171060000000,64880.01000000,64896.00000000,64870.00000000,64870.01000000,6.69954000,1785171119999999,434643.34175670,1449,0.73590000,47747.60111570,0
1785171120000000,64870.01000000,64880.00000000,64854.00000000,64876.00000000,6.52411000,1785171179999999,423219.51934210,2218,2.80385000,181885.37225230,0
1785171180000000,64876.00000000,64876.00000000,64835.45000000,64837.22000000,9.91685000,1785171239999999,643046.38793300,1514,2.51856000,163300.82696950,0
1785171240000000,64837.22000000,64849.05000000,64837.22000000,64840.02000000,4.27613000,1785171299999999,277268.62435010,1273,3.46415000,224616.75555000,0
1785171300000000,64840.01000000,64840.02000000,64811.28000000,64837.98000000,8.91569000,1785171359999999,577945.68148610,2188,5.24057000,339696.60948560,0
1785171360000000,64837.98000000,64861.99000000,64837.98000000,64846.61000000,7.99309000,1785171419999999,518397.92600800,1644,1.37682000,89282.63338320,0
1785171420000000,64846.62000000,64892.53000000,64846.62000000,64892.53000000,3.86816000,1785171479999999,250939.52583810,1694,3.38655000,219694.79691110,0
1785171480000000,64892.53000000,64920.00000000,64892.52000000,64917.33000000,8.25154000,1785171539999999,535626.07611870,1280,7.43143000,482389.34749120,0
1785171540000000,64917.34000000,64917.34000000,64893.31000000,64898.52000000,8.34161000,1785171599999999,541436.86041860,1228,0.45027000,29222.09958000,0
1785171600000000,64898.53000000,64932.00000000,64886.00000000,64931.99000000,4.34962000,1785171659999999,282316.77562440,2484,3.05023000,197979.34025260,0
1785171660000000,64932.00000000,64949.22000000,64896.10000000,64912.11000000,13.36834000,1785171719999999,867940.37225620,4166,5.23368000,339796.04317380,0
1785171720000000,64912.11000000,64912.11000000,64842.50000000,64842.52000000,9.36323000,1785171779999999,607273.28169520,3214,5.99740000,388905.79110700,0
1785171780000000,64842.51000000,64844.95000000,64794.37000000,64826.00000000,18.31727000,1785171839999999,1187263.76532920,3089,8.43037000,546331.59392870,0
1785171840000000,64826.00000000,64842.00000000,64825.99000000,64830.01000000,2.10833000,1785171899999999,136689.74183830,1476,1.33643000,86643.99687920,0
1785171900000000,64830.01000000,64830.01000000,64810.00000000,64825.66000000,16.76690000,1785171959999999,1086775.57741690,1749,10.35677000,671233.82354070,0
1785171960000000,64825.67000000,64830.00000000,64819.16000000,64829.67000000,4.14419000,1785172019999999,268651.62155070,1670,1.75161000,113545.85777970,0
1785172020000000,64829.66000000,64854.00000000,64822.24000000,64854.00000000,7.50326000,1785172079999999,486504.48180820,1691,5.26511000,341405.64513700,0
1785172080000000,64854.00000000,64876.00000000,64838.00000000,64838.01000000,7.83284000,1785172139999999,508019.48840850,2085,3.85569000,250059.12556210,0
1785172140000000,64838.01000000,64858.00000000,64838.00000000,64850.91000000,2.15800000,1785172199999999,139946.50475180,1581,1.22609000,79508.13337400,0
1785172200000000,64850.91000000,64869.71000000,64846.32000000,64864.00000000,4.30377000,1785172259999999,279143.20556390,1919,2.85936000,185452.30094340,0
1785172260000000,64863.99000000,64864.00000000,64854.00000000,64854.00000000,1.76729000,1785172319999999,114622.24265560,797,0.53149000,34472.00870200,0
1785172320000000,64854.01000000,64875.45000000,64854.00000000,64868.33000000,2.83916000,1785172379999999,184161.37091750,1652,2.04601000,132718.87872380,0
1785172380000000,64868.34000000,64891.60000000,64868.33000000,64882.01000000,2.74843000,1785172439999999,178323.94789050,1623,1.91643000,124339.24751110,0
1785172440000000,64882.01000000,64899.33000000,64882.00000000,64897.29000000,2.49432000,1785172499999999,161863.05913340,1627,1.48054000,96074.95324250,0
1785172500000000,64897.29000000,64914.99000000,64884.00000000,64914.99000000,5.84125000,1785172559999999,379070.01259960,2804,3.17309000,205928.44132330,0
1785172560000000,64914.99000000,64937.00000000,64914.98000000,64932.01000000,2.60265000,1785172619999999,168974.23046530,1870,2.05716000,133556.87384550,0
1785172620000000,64932.00000000,64939.97000000,64908.00000000,64930.00000000,11.20122000,1785172679999999,727169.43208300,2622,4.72666000,306824.67433630,0
1785172680000000,64929.99000000,64937.19000000,64929.99000000,64934.00000000,1.17593000,1785172739999999,76358.60630630,563,0.84885000,55119.65312680,0
1785172740000000,64934.01000000,64943.74000000,64934.00000000,64943.73000000,3.33235000,1785172799999999,216393.18115570,686,1.36004000,88320.00420510,0
1785172800000000,64943.73000000,65061.86000000,64943.72000000,65061.81000000,35.13458000,1785172859999999,2284069.45611590,6668,33.19620000,2158043.36646910,0
1785172860000000,65061.81000000,65061.81000000,65055.72000000,65055.72000000,5.64177000,1785172919999999,367032.29865030,474,3.87485000,252081.92364520,0
1785172920000000,65055.72000000,65060.00000000,65020.37000000,65048.02000000,40.25806000,1785172979999999,2618860.86871880,2515,3.28604000,213705.70982980,0
1785172980000000,65048.02000000,65061.81000000,65036.01000000,65036.01000000,3.32036000,1785173039999999,215981.43528120,1389,1.61983000,105367.49833610,0
1785173040000000,65036.01000000,65045.34000000,65035.10000000,65038.76000000,11.50923000,1785173099999999,748564.47664840,1264,2.52294000,164085.96126470,0
1785173100000000,65038.77000000,65046.00000000,65028.69000000,65030.24000000,3.75013000,1785173159999999,243880.58810610,1432,2.05571000,133684.84029470,0
1785173160000000,65030.25000000,65043.44000000,64991.60000000,65032.00000000,9.64297000,1785173219999999,626954.82129930,2548,4.47354000,290823.14032130,0
1785173220000000,65032.00000000,65045.99000000,65017.67000000,65023.48000000,9.63379000,1785173279999999,626499.51503100,2579,1.46798000,95465.79378250,0
1785173280000000,65023.49000000,65027.49000000,65000.00000000,65000.01000000,3.38339000,1785173339999999,219965.20981940,1352,1.01956000,66282.41890340,0
1785173340000000,65000.01000000,65006.27000000,64998.27000000,65002.55000000,3.16414000,1785173399999999,205680.50851960,1468,1.18996000,77350.92740410,0
1785173400000000,65002.55000000,65019.99000000,65002.31000000,65002.32000000,4.73409000,1785173459999999,307770.82408120,1647,1.88303000,122410.90475920,0
1785173460000000,65002.32000000,65032.00000000,65002.31000000,65027.89000000,5.56014000,1785173519999999,361538.72601340,2487,2.38991000,155389.27449300,0
1785173520000000,65027.90000000,65059.02000000,65027.90000000,65059.01000000,3.16679000,1785173579999999,205983.66242610,1573,2.25462000,146655.03668960,0
1785173580000000,65059.02000000,65063.89000000,65054.00000000,65054.01000000,4.35517000,1785173639999999,283342.18793200,1223,2.51788000,163811.02393700,0
1785173640000000,65054.00000000,65073.99000000,65050.00000000,65073.99000000,4.34195000,1785173699999999,282495.85049820,1281,3.86333000,251356.58934590,0
1785173700000000,65073.99000000,65090.00000000,65058.01000000,65058.02000000,7.92674000,1785173759999999,515893.36260230,2200,3.79812000,247179.57719420,0
1785173760000000,65058.02000000,65073.99000000,65046.47000000,65063.21000000,5.26756000,1785173819999999,342707.88883310,1934,2.90797000,189185.33236320,0
1785173820000000,65063.20000000,65073.99000000,65040.01000000,65040.01000000,2.53120000,1785173879999999,164692.45160610,1697,1.15041000,74854.08120090,0
1785173880000000,65040.01000000,65057.81000000,65032.49000000,65057.80000000,3.04249000,1785173939999999,197881.82036800,1143,2.74790000,178721.92061550,0
1785173940000000,65057.81000000,65057.81000000,65038.00000000,65038.02000000,2.68714000,1785173999999999,174799.75004690,1333,0.77579000,50460.46939540,0
1785174000000000,65038.02000000,65057.17000000,65032.01000000,65040.00000000,30.37860000,1785174059999999,1976045.88214280,2175,23.07681000,1501084.09886060,0
1785174060000000,65040.01000000,65060.00000000,65040.00000000,65058.32000000,1.69331000,1785174119999999,110155.38787430,1155,0.92617000,60247.29846780,0
1785174120000000,65058.31000000,65058.32000000,65038.66000000,65038.66000000,1.67151000,1785174179999999,108739.01970860,1103,0.49377000,32122.42053710,0
1785174180000000,65038.67000000,65038.67000000,65010.00000000,65010.00000000,3.12318000,1785174239999999,203080.49449690,1284,0.43628000,28365.74601870,0
1785174240000000,65010.01000000,65020.00000000,64996.00000000,65000.00000000,7.59997000,1785174299999999,494016.89676050,1750,5.53311000,359660.30399490,0
1785174300000000,65000.01000000,65000.01000000,64968.00000000,64968.84000000,2.59013000,1785174359999999,168325.76174900,1713,0.47825000,31076.07887410,0
1785174360000000,64968.85000000,65014.00000000,64968.01000000,64980.00000000,9.13576000,1785174419999999,593682.25940450,3088,3.82238000,248378.50241230,0
1785174420000000,64980.00000000,64991.21000000,64968.24000000,64988.00000000,2.82337000,1785174479999999,183466.22461580,1102,1.80801000,117482.45924280,0
1785174480000000,64987.99000000,64987.99000000,64956.14000000,64956.14000000,2.22441000,1785174539999999,144530.75980490,1427,0.20300000,13190.18662900,0
1785174540000000,64956.13000000,64971.19000000,64956.13000000,64971.18000000,2.74003000,1785174599999999,178001.68836120,559,2.39700000,155714.76560370,0
1785174600000000,64971.19000000,64981.18000000,64964.00000000,64964.00000000,1.95103000,1785174659999999,126762.58542420,1205,0.89541000,58177.35231910,0
1785174660000000,64964.01000000,64966.00000000,64961.06000000,64962.10000000,1.34119000,1785174719999999,87129.24287990,828,0.72063000,46814.46039150,0
1785174720000000,64962.10000000,64973.87000000,64955.43000000,64973.87000000,2.83757000,1785174779999999,184336.12102580,1703,1.95863000,127241.57998190,0
1785174780000000,64973.87000000,64988.00000000,64960.00000000,64960.00000000,2.21686000,1785174839999999,144043.67619620,1607,1.32884000,86343.32828860,0
1785174840000000,64960.00000000,64980.00000000,64960.00000000,64979.99000000,3.91152000,1785174899999999,254147.52100690,1394,2.29562000,149152.85447190,0
1785174900000000,64979.99000000,64989.04000000,64979.99000000,64982.00000000,8.37404000,1785174959999999,544201.29597920,898,3.19861000,207858.62828180,0
1785174960000000,64982.01000000,65027.03000000,64982.00000000,65027.03000000,17.55701000,1785175019999999,1141146.19947730,2039,16.67468000,1083807.78296950,0
1785175020000000,65027.03000000,65031.81000000,65022.00000000,65022.01000000,5.31665000,1785175079999999,345734.72110150,1683,3.01794000,196251.60604620,0
1785175080000000,65022.00000000,65031.48000000,65011.25000000,65011.25000000,2.54943000,1785175139999999,165777.72284700,1425,0.84497000,54945.78634690,0
1785175140000000,65011.25000000,65019.82000000,65011.25000000,65019.81000000,1.18646000,1785175199999999,77139.24079650,424,0.70971000,46141.29242760,0
1785175200000000,65019.81000000,65045.44000000,65019.81000000,65041.96000000,5.70991000,1785175259999999,371365.18599300,2830,2.14034000,139192.71660690,0
1785175260000000,65041.96000000,65058.32000000,65041.95000000,65046.01000000,4.01041000,1785175319999999,260893.88797500,1645,1.59145000,103527.06492300,0
1785175320000000,65046.01000000,65048.83000000,65024.00000000,65024.00000000,2.64583000,1785175379999999,172073.24466270,2492,0.74819000,48660.32780370,0
1785175380000000,65024.01000000,65042.73000000,65018.01000000,65042.73000000,1.60827000,1785175439999999,104587.08428070,1552,1.39177000,90509.28819710,0
1785175440000000,65042.73000000,65047.94000000,65016.16000000,65016.16000000,5.93121000,1785175499999999,385740.72170380,1938,0.32562000,21179.48255050,0
1785175500000000,65016.17000000,65016.17000000,64996.01000000,65013.99000000,1.65426000,1785175559999999,107533.90451980,1740,1.12276000,72982.71706880,0
1785175560000000,65014.00000000,65029.96000000,65000.01000000,65000.01000000,4.30762000,1785175619999999,280080.60206160,2012,2.77516000,180442.85917620,0
1785175620000000,65000.00000000,65007.82000000,65000.00000000,65000.01000000,2.51761000,1785175679999999,163651.84617110,1119,1.57421000,102326.38174000,0
1785175680000000,65000.00000000,65000.01000000,64986.00000000,64986.01000000,1.02204000,1785175739999999,66426.86428480,928,0.23044000,14977.34658370,0
1785175740000000,64986.00000000,65000.00000000,64984.00000000,64984.00000000,6.72862000,1785175799999999,437347.33242020,1246,1.09127000,70926.50259830,0
1785175800000000,64984.01000000,64984.01000000,64970.01000000,64970.02000000,1.84730000,1785175859999999,120037.65160210,1560,0.92182000,59899.92448400,0
1785175860000000,64970.02000000,64982.27000000,64970.02000000,64974.20000000,4.14578000,1785175919999999,269391.60230770,1276,0.88083000,57231.87948940,0
1785175920000000,64974.19000000,64977.85000000,64971.85000000,64977.85000000,3.67877000,1785175979999999,239024.63283630,651,3.06086000,198876.41503870,0
1785175980000000,64977.85000000,64980.00000000,64968.00000000,64968.00000000,3.39554000,1785176039999999,220621.20189360,851,0.33012000,21450.80955620,0
1785176040000000,64968.00000000,64972.94000000,64962.67000000,64962.67000000,2.14223000,1785176099999999,139181.70890890,1012,0.70818000,46010.51103580,0
1785176100000000,64962.66000000,64962.66000000,64868.00000000,64869.99000000,9.85612000,1785176159999999,639699.76477160,4122,1.94378000,126115.70339180,0
1785176160000000,64870.00000000,64880.86000000,64846.00000000,64880.85000000,6.24060000,1785176219999999,404746.20432000,2521,3.60308000,233679.90996340,0
1785176220000000,64880.86000000,64899.36000000,64866.08000000,64892.00000000,6.56376000,1785176279999999,425918.35755090,2868,1.97661000,128253.63751870,0
1785176280000000,64892.01000000,64892.01000000,64878.76000000,64889.99000000,5.79590000,1785176339999999,376047.55329250,1665,3.74746000,243136.62668600,0
1785176340000000,64889.99000000,64904.74000000,64863.51000000,64863.51000000,10.04873000,1785176399999999,652113.69958450,2958,2.77968000,180396.23678740,0
1785176400000000,64863.51000000,64872.00000000,64843.32000000,64853.71000000,7.41924000,1785176459999999,481154.54015040,2861,3.50408000,227246.60199700,0
1785176460000000,64853.71000000,64866.87000000,64853.71000000,64866.87000000,2.00142000,1785176519999999,129809.04893010,686,1.15295000,74779.53952080,0
1785176520000000,64866.87000000,64874.00000000,64858.00000000,64858.00000000,3.77809000,1785176579999999,245066.37296850,1512,0.44449000,28833.48351440,0
1785176580000000,64858.00000000,64875.40000000,64856.54000000,64860.76000000,7.15331000,1785176639999999,463982.86590400,2200,4.03642000,261811.47156290,0
1785176640000000,64860.75000000,64897.09000000,64860.75000000,64892.08000000,3.08464000,1785176699999999,200102.52668300,1588,1.03046000,66851.53368590,0
1785176700000000,64892.07000000,64905.05000000,64892.07000000,64900.60000000,3.09600000,1785176759999999,200934.11160550,1003,1.39377000,90453.40617020,0
1785176760000000,64900.59000000,64910.00000000,64895.13000000,64897.99000000,6.17770000,1785176819999999,400934.19157440,1391,0.94730000,61482.32918060,0
1785176820000000,64898.00000000,64910.00000000,64897.99000000,64909.99000000,3.05940000,1785176879999999,198582.84421070,604,0.77224000,50124.39801870,0
1785176880000000,64909.99000000,64910.00000000,64893.13000000,64905.99000000,4.74273000,1785176939999999,307812.97228180,1911,2.12462000,137890.66194250,0
1785176940000000,64905.99000000,64918.87000000,64905.99000000,64918.87000000,2.82459000,1785176999999999,183351.79921570,704,1.94261000,126100.93659010,0
1785177000000000,64918.87000000,64932.89000000,64907.01000000,64907.01000000,6.50145000,1785177059999999,422052.48610380,2607,1.57092000,101987.67494150,0
1785177060000000,64907.01000000,64911.49000000,64907.01000000,64908.01000000,7.86741000,1785177119999999,510663.57637390,683,1.05342000,68375.71471500,0
1785177120000000,64908.01000000,64908.01000000,64886.00000000,64886.00000000,3.98079000,1785177179999999,258345.54839920,1815,1.33068000,86352.25757290,0
1785177180000000,64886.01000000,64886.01000000,64845.87000000,64846.01000000,2.15685000,1785177239999999,139887.25935890,2111,0.74705000,48446.16372090,0
1785177240000000,64846.01000000,64846.01000000,64811.03000000,64811.04000000,6.57548000,1785177299999999,426285.33983840,1707,0.66247000,42943.13115680,0
1785177300000000,64811.03000000,64825.89000000,64811.03000000,64825.88000000,2.93270000,1785177359999999,190091.32798010,1067,2.74264000,177772.13021710,0
1785177360000000,64825.88000000,64840.00000000,64825.88000000,64839.99000000,1.98253000,1785177419999999,128527.66673560,810,1.63221000,105817.06337530,0
1785177420000000,64840.00000000,64840.00000000,64819.16000000,64819.16000000,6.85997000,1785177479999999,444702.69324300,1622,0.81161000,52615.31985240,0
1785177480000000,64819.17000000,64819.85000000,64808.00000000,64808.10000000,5.11469000,1785177539999999,331505.38267820,1344,2.23740000,145010.74628370,0
1785177540000000,64808.09000000,64808.09000000,64794.00000000,64794.01000000,2.88007000,1785177599999999,186634.97787570,1467,0.38074000,24672.47945060,0
1785177600000000,64794.01000000,64794.01000000,64755.67000000,64758.00000000,5.43877000,1785177659999999,352271.55476880,3693,2.54240000,164670.64299370,0
1785177660000000,64758.01000000,64874.00000000,64758.01000000,64861.99000000,49.43268000,1785177719999999,3203857.70900050,6071,40.70692000,2638282.65411970,0
1785177720000000,64862.00000000,64872.96000000,64848.00000000,64848.00000000,6.04085000,1785177779999999,391851.85179910,1732,0.75870000,49211.82887570,0
1785177780000000,64848.00000000,64858.00000000,64833.52000000,64857.99000000,3.50658000,1785177839999999,227371.07936220,1571,1.63559000,106053.06801130,0
1785177840000000,64857.99000000,64870.00000000,64837.33000000,64837.33000000,7.09991000,1785177899999999,460495.40677470,1826,2.70637000,175525.57642280,0
1785177900000000,64837.33000000,64850.00000000,64830.00000000,64837.48000000,2.40837000,1785177959999999,156158.57368770,1650,1.25799000,81565.79432540,0
1785177960000000,64837.47000000,64837.48000000,64802.00000000,64802.00000000,2.36568000,1785178019999999,153347.10829240,1719,0.32331000,20956.50924680,0
1785178020000000,64802.01000000,64802.01000000,64770.00000000,64776.00000000,3.69551000,1785178079999999,239397.04518080,1515,2.05640000,133203.54779920,0
1785178080000000,64775.99000000,64813.30000000,64775.99000000,64811.99000000,12.45771000,1785178139999999,807334.53194460,2638,5.54646000,359406.22816860,0
1785178140000000,64812.00000000,64820.00000000,64774.00000000,64774.00000000,7.87662000,1785178199999999,510246.81983540,2507,0.61131000,39611.02621700,0
1785178200000000,64774.00000000,64774.01000000,64763.97000000,64766.10000000,1.82987000,1785178259999999,118516.59972700,960,0.80481000,52124.12957060,0
1785178260000000,64766.10000000,64772.00000000,64766.09000000,64770.93000000,2.38086000,1785178319999999,154205.72356640,659,1.47851000,95762.46094510,0
1785178320000000,64770.93000000,64842.00000000,64770.92000000,64842.00000000,7.78938000,1785178379999999,504857.71737800,2800,7.57085000,490695.53032540,0
1785178380000000,64842.00000000,64845.71000000,64832.00000000,64832.01000000,2.73868000,1785178439999999,177580.65536950,611,0.66313000,42998.30380360,0
1785178440000000,64832.01000000,64846.00000000,64832.00000000,64845.99000000,2.20105000,1785178499999999,142705.96710740,661,1.74298000,113005.67659930,0
1785178500000000,64846.00000000,64880.72000000,64845.99000000,64880.72000000,6.39490000,1785178559999999,414832.34694310,1672,5.67081000,367857.56373120,0
1785178560000000,64880.72000000,64880.72000000,64862.00000000,64866.00000000,3.59264000,1785178619999999,233046.36603830,876,0.38054000,24684.66229650,0
1785178620000000,64865.99000000,64868.00000000,64852.00000000,64857.99000000,2.37569000,1785178679999999,154086.45857110,1189,1.21139000,78568.04554310,0
1785178680000000,64857.99000000,64870.27000000,64852.00000000,64868.01000000,9.81112000,1785178739999999,636363.68781440,1614,1.88133000,122023.65471830,0
1785178740000000,64868.00000000,64878.00000000,64868.00000000,64878.00000000,3.78700000,1785178799999999,245670.24940700,1108,2.94633000,191132.01781840,0
1785178800000000,64878.00000000,64890.00000000,64877.99000000,64882.00000000,2.51657000,1785178859999999,163286.57615550,1649,1.18069000,76607.66192250,0
1785178860000000,64882.01000000,64882.01000000,64839.33000000,64853.99000000,2.47765000,1785178919999999,160683.10828340,1933,1.31607000,85339.61601520,0
1785178920000000,64854.00000000,64854.00000000,64833.56000000,64833.56000000,1.43451000,1785178979999999,93023.43340400,1126,0.72370000,46930.54502490,0
1785178980000000,64833.56000000,64837.63000000,64833.55000000,64834.35000000,1.06288000,1785179039999999,68911.43117750,573,0.50820000,32948.94240230,0
1785179040000000,64834.35000000,64835.49000000,64832.00000000,64835.49000000,1.23773000,1785179099999999,80246.24355560,611,0.99527000,64526.61907290,0
1785179100000000,64835.48000000,64837.63000000,64812.00000000,64813.08000000,4.18026000,1785179159999999,270982.93122250,1368,0.62891000,40770.05610970,0
1785179160000000,64813.07000000,64885.81000000,64810.90000000,64885.81000000,7.25666000,1785179219999999,470551.56318520,3133,6.60222000,428118.39216940,0
1785179220000000,64885.81000000,64962.00000000,64885.81000000,64932.69000000,11.17372000,1785179279999999,725540.44625590,4137,8.42522000,547044.03229130,0
1785179280000000,64932.68000000,64952.00000000,64925.10000000,64925.10000000,2.54670000,1785179339999999,165388.36861920,1685,1.02089000,66297.80285570,0
1785179340000000,64925.11000000,64936.50000000,64925.10000000,64936.49000000,2.05468000,1785179399999999,133410.18980890,918,1.63826000,106371.66837070,0
1785179400000000,64936.50000000,65011.20000000,64936.49000000,65000.01000000,8.12985000,1785179459999999,528268.13584830,3865,6.70106000,435405.17911980,0
1785179460000000,65000.01000000,65000.01000000,64990.40000000,64995.70000000,1.78784000,1785179519999999,116197.45361060,939,1.40521000,91328.25455590,0
1785179520000000,64995.70000000,65026.35000000,64995.70000000,65016.01000000,2.95278000,1785179579999999,191971.56114870,1603,2.64526000,171976.12812280,0
1785179580000000,65016.01000000,65016.01000000,64974.54000000,64974.55000000,3.95856000,1785179639999999,257310.70168720,2259,0.83000000,53951.72190350,0
1785179640000000,64974.54000000,64975.84000000,64970.00000000,64974.00000000,3.59866000,1785179699999999,233823.28885540,864,1.46990000,95506.52732140,0
1785179700000000,64974.01000000,64988.51000000,64974.00000000,64974.01000000,4.53015000,1785179759999999,294368.49030760,1281,2.54431000,165323.46126990,0
1785179760000000,64974.01000000,64992.84000000,64952.79000000,64971.53000000,8.03548000,1785179819999999,522158.74685610,3093,3.08437000,200403.08353290,0
1785179820000000,64971.54000000,64979.61000000,64971.53000000,64972.01000000,2.57480000,1785179879999999,167298.97710430,875,1.28734000,83646.23870240,0
1785179880000000,64972.02000000,64972.02000000,64953.21000000,64970.00000000,3.96817000,1785179939999999,257778.35899700,1367,2.25806000,146688.06069210,0
1785179940000000,64970.00000000,64984.02000000,64960.02000000,64984.01000000,15.93215000,1785179999999999,1035183.47803470,1067,14.36402000,933299.40165950,0
1785180000000000,64984.02000000,65020.50000000,64984.01000000,65020.50000000,4.07482000,1785180059999999,264885.22776310,1673,3.51662000,228592.14828650,0
1785180060000000,65020.50000000,65029.30000000,64982.01000000,64982.01000000,17.24416000,1785180119999999,1120897.20664130,2354,4.05876000,263843.73398590,0
1785180120000000,64982.00000000,64982.00000000,64942.00000000,64954.63000000,5.50643000,1785180179999999,357682.06703300,2014,2.23044000,144872.01251110,0
1785180180000000,64954.64000000,64976.00000000,64954.63000000,64962.99000000,3.13147000,1785180239999999,203447.54884060,1379,1.72984000,112379.13701280,0
1785180240000000,64962.99000000,64966.00000000,64955.43000000,64959.47000000,4.09403000,1785180299999999,265943.80227020,715,1.56558000,101702.31959970,0
1785180300000000,64959.47000000,64964.00000000,64940.74000000,64942.87000000,2.57696000,1785180359999999,167386.81879630,1653,1.02903000,66842.32804900,0
1785180360000000,64942.87000000,64943.37000000,64935.51000000,64935.51000000,2.32569000,1785180419999999,151031.84391090,692,1.32960000,86346.27541110,0
1785180420000000,64935.52000000,64950.00000000,64929.88000000,64950.00000000,1.91730000,1785180479999999,124501.73448360,1173,1.41249000,91721.75414620,0
1785180480000000,64949.99000000,64955.22000000,64949.99000000,64955.22000000,1.05740000,1785180539999999,68680.03452360,329,0.77407000,50277.25082870,0
1785180540000000,64955.21000000,64996.01000000,64955.21000000,64996.01000000,3.20370000,1785180599999999,208162.48722560,1617,3.10632000,201835.60630800,0
1785180600000000,64996.01000000,64996.01000000,64972.01000000,64990.00000000,5.04573000,1785180659999999,327895.87147310,1841,2.02484000,131578.16052350,0
1785180660000000,64990.00000000,65016.00000000,64990.00000000,65016.00000000,4.11716000,1785180719999999,267599.26386390,1045,1.68838000,109741.40408410,0
1785180720000000,65016.00000000,65024.00000000,64994.00000000,65004.00000000,4.09169000,1785180779999999,266003.32076590,1487,2.19274000,142556.77236610,0
1785180780000000,65004.00000000,65045.33000000,64994.00000000,65045.32000000,4.40705000,1785180839999999,286527.36441680,2058,3.30494000,214888.31188600,0
1785180840000000,65045.33000000,65055.62000000,65034.00000000,65036.67000000,8.10326000,1785180899999999,527082.10062650,2514,3.35135000,217987.49916520,0
1785180900000000,65036.67000000,65070.00000000,65022.00000000,65069.99000000,10.56046000,1785180959999999,686831.14908510,2089,7.68363000,499740.94263310,0
1785180960000000,65070.00000000,65078.00000000,65030.43000000,65030.43000000,5.76499000,1785181019999999,375063.68181640,2017,1.86732000,121505.26351210,0
1785181020000000,65030.43000000,65030.43000000,65022.00000000,65026.72000000,12.84914000,1785181079999999,835541.46527690,1184,5.84037000,379762.90374330,0
1785181080000000,65026.72000000,65030.00000000,65006.00000000,65010.00000000,6.82725000,1785181139999999,443871.79007050,1841,4.85871000,315884.90421790,0
1785181140000000,65010.01000000,65012.00000000,64996.00000000,65006.01000000,2.38436000,1785181199999999,154993.80135290,980,1.20413000,78270.43880770,0
1785181200000000,65006.01000000,65028.00000000,65006.01000000,65022.01000000,7.45827000,1785181259999999,484933.61183220,1751,1.85464000,120584.44707020,0
1785181260000000,65022.01000000,65022.02000000,65008.00000000,65008.00000000,1.87819000,1785181319999999,122117.41314390,706,0.33210000,21593.35121790,0
1785181320000000,65008.00000000,65008.01000000,64982.01000000,64982.01000000,1.54171000,1785181379999999,100206.00037930,1385,0.49820000,32382.29487590,0
1785181380000000,64982.01000000,64982.01000000,64974.01000000,64974.01000000,1.17520000,1785181439999999,76363.65238610,529,0.52152000,33888.36399520,0
1785181440000000,64974.01000000,64988.00000000,64972.77000000,64978.00000000,3.65699000,1785181499999999,237627.23184880,1237,2.54988000,165688.02448300,0
1785181500000000,64978.00000000,64978.00000000,64958.80000000,64965.73000000,10.83622000,1785181559999999,704006.04318750,1568,1.83828000,119414.05543840,0
1785181560000000,64965.73000000,64976.58000000,64958.81000000,64958.81000000,4.37295000,1785181619999999,284125.25941520,1278,1.10487000,71783.22559090,0
1785181620000000,64958.82000000,64970.00000000,64958.81000000,64970.00000000,2.01995000,1785181679999999,131219.48657030,599,1.48450000,96434.49795620,0
1785181680000000,64969.99000000,64970.00000000,64946.00000000,64958.70000000,4.81963000,1785181739999999,313060.32730370,1523,1.63888000,106447.21253220,0
1785181740000000,64958.70000000,64967.57000000,64952.00000000,64954.60000000,1.26811000,1785181799999999,82377.26809250,1163,0.71591000,46505.41612800,0
1785181800000000,64954.61000000,64966.90000000,64920.50000000,64934.52000000,11.43536000,1785181859999999,742707.66477250,2223,6.63773000,431136.35829280,0
1785181860000000,64935.50000000,64935.50000000,64920.55000000,64925.75000000,2.03347000,1785181919999999,132024.23459540,907,0.72251000,46909.60448230,0
1785181920000000,64925.76000000,64944.00000000,64925.75000000,64944.00000000,1.97319000,1785181979999999,128131.22011240,1109,1.38077000,89661.85517510,0
1785181980000000,64944.00000000,64952.84000000,64943.99000000,64952.84000000,1.11101000,1785182039999999,72158.58228730,553,1.02933000,66853.42447810,0
1785182040000000,64952.84000000,64965.38000000,64952.83000000,64954.43000000,2.47451000,1785182099999999,160735.69298810,1014,1.98826000,129148.92742800,0
1785182100000000,64954.43000000,64970.00000000,64952.00000000,64969.99000000,4.71265000,1785182159999999,306118.75652660,906,2.00224000,130065.77110770,0
1785182160000000,64969.99000000,64970.75000000,64969.99000000,64970.00000000,0.84163000,1785182219999999,54681.07410030,218,0.49902000,32421.57269110,0
1785182220000000,64970.00000000,64970.00000000,64954.00000000,64956.47000000,2.12542000,1785182279999999,138068.57821570,761,0.72221000,46911.74044850,0
1785182280000000,64956.47000000,64969.19000000,64956.00000000,64969.19000000,2.04895000,1785182339999999,133100.17461760,1077,1.74069000,113075.71166730,0
1785182340000000,64969.18000000,64984.00000000,64960.00000000,64984.00000000,23.34808000,1785182399999999,1516902.61731490,1871,12.39035000,804989.04317530,0
1785182400000000,64983.99000000,65047.88000000,64983.99000000,65047.88000000,16.95103000,1785182459999999,1101957.52977700,2386,14.54308000,945397.53743230,0
1785182460000000,65047.87000000,65049.99000000,65029.28000000,65046.01000000,7.12428000,1785182519999999,463387.83706490,1381,1.17119000,76171.30408620,0
1785182520000000,65046.01000000,65056.00000000,65046.00000000,65050.01000000,4.64148000,1785182579999999,301936.73986740,716,0.64275000,41810.65581500,0
1785182580000000,65050.00000000,65050.01000000,65032.00000000,65032.00000000,2.20722000,1785182639999999,143563.90507680,716,0.27453000,17856.20784530,0
1785182640000000,65032.01000000,65032.01000000,65010.22000000,65010.23000000,2.13393000,1785182699999999,138757.29630930,618,0.46657000,30333.72590470,0
1785182700000000,65010.22000000,65010.22000000,64990.48000000,64990.48000000,0.72454000,1785182759999999,47097.39792890,569,0.14370000,9340.63512420,0
1785182760000000,64990.48000000,64996.00000000,64978.00000000,64978.01000000,1.74555000,1785182819999999,113443.37116200,1032,0.66903000,43478.20785160,0
1785182820000000,64978.00000000,64981.64000000,64960.00000000,64960.01000000,1.65001000,1785182879999999,107202.89484030,1537,0.66824000,43415.53791830,0
1785182880000000,64960.01000000,64960.01000000,64954.00000000,64954.01000000,1.79631000,1785182939999999,116682.00186790,361,0.31422000,20410.31430220,0
1785182940000000,64954.00000000,64954.01000000,64952.00000000,64952.01000000,0.57082000,1785182999999999,37076.22316360,222,0.38708000,25141.72824680,0
1785183000000000,64952.01000000,64954.60000000,64946.00000000,64952.01000000,1.55532000,1785183059999999,101019.59945170,688,0.88867000,57719.07863660,0
1785183060000000,64952.01000000,64955.40000000,64950.00000000,64955.40000000,1.34140000,1785183119999999,87125.50082590,405,1.06845000,69396.67442740,0
1785183120000000,64955.40000000,64963.14000000,64950.01000000,64950.01000000,1.58501000,1785183179999999,102957.85180790,1162,0.65531000,42567.93799510,0
1785183180000000,64950.01000000,64950.01000000,64944.00000000,64944.01000000,0.50287000,1785183239999999,32658.94828020,344,0.33612000,21828.98149240,0
1785183240000000,64944.00000000,64956.28000000,64944.00000000,64956.28000000,1.97806000,1785183299999999,128470.39660150,596,1.74866000,113571.18089560,0
1785183300000000,64956.27000000,64956.28000000,64936.00000000,64936.01000000,1.46188000,1785183359999999,94945.41962950,841,0.16411000,10657.49434260,0
1785183360000000,64936.00000000,64936.01000000,64924.23000000,64924.24000000,1.25760000,1785183419999999,81657.69966500,697,0.21698000,14088.08749610,0
1785183420000000,64924.24000000,64950.00000000,64924.23000000,64940.01000000,1.35027000,1785183479999999,87684.26790660,1041,0.87593000,56877.74098760,0
1785183480000000,64940.01000000,64940.01000000,64908.01000000,64908.02000000,2.77838000,1785183539999999,180376.81727160,1183,0.33475000,21733.25422450,0
1785183540000000,64908.02000000,64919.71000000,64908.01000000,64919.70000000,1.08666000,1785183599999999,70540.00454880,462,0.69597000,45176.88193990,0
1785183600000000,64919.71000000,64934.00000000,64919.70000000,64933.99000000,1.20151000,1785183659999999,78011.50870210,623,1.09479000,71082.19125730,0
1785183660000000,64933.99000000,64934.00000000,64924.23000000,64924.24000000,1.33943000,1785183719999999,86971.65003290,638,0.12758000,8284.23804480,0
1785183720000000,64924.24000000,64928.94000000,64924.23000000,64928.94000000,0.47675000,1785183779999999,30954.35538010,274,0.32308000,20976.74302540,0
1785183780000000,64928.94000000,64949.99000000,64928.93000000,64949.99000000,3.09092000,1785183839999999,200720.47864230,727,2.33626000,151708.27924580,0
1785183840000000,64950.00000000,64966.00000000,64949.99000000,64965.99000000,2.19484000,1785183899999999,142558.87725640,486,0.41569000,27000.85284790,0
1785183900000000,64965.99000000,64991.37000000,64965.99000000,64987.69000000,2.28611000,1785183959999999,148559.21643980,1120,1.09123000,70906.49321210,0
1785183960000000,64987.69000000,64987.70000000,64986.00000000,64986.00000000,1.52274000,1785184019999999,98958.09417590,146,0.84543000,54942.21190970,0
1785184020000000,64986.00000000,64986.01000000,64986.00000000,64986.01000000,0.42142000,1785184079999999,27386.40133820,94,0.12182000,7916.59573820,0
1785184080000000,64986.01000000,64996.29000000,64983.40000000,64996.29000000,4.88439000,1785184139999999,317421.22637650,558,1.48854000,96738.42009860,0
1785184140000000,64996.28000000,65015.24000000,64996.28000000,65015.24000000,1.20238000,1785184199999999,78161.61369200,482,0.97457000,63351.82600740,0
1785184200000000,65015.24000000,65019.86000000,64986.00000000,64986.00000000,4.52300000,1785184259999999,294021.35157840,1404,0.36483000,23713.91378670,0
1785184260000000,64986.01000000,65000.00000000,64986.01000000,65000.00000000,0.64524000,1785184319999999,41937.33586540,557,0.40344000,26220.79434210,0
1785184320000000,64999.99000000,65000.00000000,64999.99000000,64999.99000000,3.14138000,1785184379999999,204189.68811440,1048,1.95282000,126933.30000000,0
1785184380000000,64999.99000000,65012.00000000,64999.99000000,65011.99000000,1.51294000,1785184439999999,98344.49757730,1213,0.52584000,34181.73076840,0
1785184440000000,65012.00000000,65012.00000000,65000.00000000,65000.00000000,1.54136000,1785184499999999,100198.42398320,542,0.56266000,36575.13564820,0
1785184500000000,65000.01000000,65019.07000000,65000.00000000,65019.07000000,1.65120000,1785184559999999,107341.99644130,753,1.08063000,70250.82101590,0
1785184560000000,65019.06000000,65021.03000000,65019.06000000,65021.02000000,1.06005000,1785184619999999,68925.09731240,300,0.54422000,35385.45068180,0
1785184620000000,65021.03000000,65026.16000000,65002.91000000,65002.92000000,2.49113000,1785184679999999,161967.38170560,1105,0.63056000,40997.89972970,0
1785184680000000,65002.91000000,65002.92000000,64968.00000000,64968.01000000,6.68308000,1785184739999999,434325.34174880,1133,0.27520000,17885.01650770,0
1785184740000000,64968.00000000,64968.01000000,64968.00000000,64968.00000000,0.71125000,1785184799999999,46208.49346910,64,0.34691000,22538.05234910,0
1785184800000000,64968.00000000,64968.01000000,64950.00000000,64950.00000000,1.19882000,1785184859999999,77872.36336840,719,0.53537000,34774.93380630,0
1785184860000000,64950.01000000,64959.70000000,64950.00000000,64957.09000000,3.50661000,1785184919999999,227765.85924750,624,2.83864000,184376.36997710,0
1785184920000000,64957.09000000,64958.01000000,64957.09000000,64958.00000000,0.94894000,1785184979999999,61640.77360890,219,0.68263000,44341.94592060,0
1785184980000000,64958.00000000,64958.01000000,64958.00000000,64958.01000000,4.70172000,1785185039999999,305414.33257380,115,0.48138000,31269.48685380,0
1785185040000000,64958.01000000,64958.01000000,64950.01000000,64950.02000000,0.84559000,1785185099999999,54924.86204600,550,0.10010000,6501.59352120,0
1785185100000000,64950.01000000,64950.01000000,64908.23000000,64939.66000000,58.56445000,1785185159999999,3802439.84697120,941,2.92700000,190040.12958020,0
1785185160000000,64939.66000000,64939.66000000,64925.89000000,64925.89000000,0.94555000,1785185219999999,61395.65140040,476,0.36008000,23380.85579950,0
1785185220000000,64925.90000000,64935.75000000,64924.75000000,64935.75000000,4.13584000,1785185279999999,268531.65550460,527,1.74585000,113354.86532320,0
1785185280000000,64935.74000000,64935.74000000,64914.00000000,64914.01000000,4.93260000,1785185339999999,320231.34567980,958,1.85141000,120200.63461610,0
1785185340000000,64914.01000000,64937.71000000,64908.01000000,64932.00000000,5.36258000,1785185399999999,348136.98468590,1210,3.54431000,230081.31944440,0
1785185400000000,64932.01000000,64932.01000000,64924.23000000,64924.23000000,0.80953000,1785185459999999,52559.70149950,255,0.40681000,26411.83613500,0
1785185460000000,64924.23000000,64929.97000000,64924.23000000,64927.88000000,1.41486000,1785185519999999,91862.22850980,706,0.28341000,18400.43026030,0
1785185520000000,64927.87000000,64933.66000000,64926.16000000,64933.65000000,1.77225000,1785185579999999,115066.24425990,485,0.43911000,28510.29067810,0
1785185580000000,64933.66000000,64938.51000000,64933.65000000,64933.65000000,0.82556000,1785185639999999,53607.96638820,321,0.24957000,16205.87967070,0
1785185640000000,64933.65000000,64937.07000000,64927.68000000,64937.07000000,3.96359000,1785185699999999,257358.70437170,649,1.59008000,103243.59604880,0
1785185700000000,64937.08000000,64949.99000000,64937.08000000,64949.99000000,1.00653000,1785185759999999,65368.82185060,504,0.61966000,40243.19716950,0
1785185760000000,64949.99000000,64964.01000000,64949.98000000,64964.01000000,1.37149000,1785185819999999,89086.88791050,499,1.09924000,71402.63171900,0
1785185820000000,64964.00000000,64964.01000000,64964.00000000,64964.00000000,0.61423000,1785185879999999,39902.83919960,117,0.14796000,9612.07491960,0
1785185880000000,64964.00000000,64964.01000000,64959.20000000,64959.21000000,3.22630000,1785185939999999,209584.12719650,682,0.16182000,10511.96165270,0
1785185940000000,64959.20000000,64960.65000000,64959.20000000,64960.65000000,0.52881000,1785185999999999,34351.24901490,248,0.21295000,13833.15812690,0
1785186000000000,64960.64000000,64960.65000000,64955.79000000,64955.79000000,21.00202000,1785186059999999,1364206.68036560,450,0.24890000,16167.97895970,0
1785186060000000,64955.79000000,64955.80000000,64940.19000000,64940.19000000,2.27716000,1785186119999999,147899.63443640,756,0.34028000,22101.54161570,0
1785186120000000,64940.19000000,64946.48000000,64911.55000000,64946.47000000,12.87117000,1785186179999999,835686.72532030,2134,3.08635000,200375.66709080,0
1785186180000000,64946.47000000,64952.54000000,64940.00000000,64940.00000000,3.21705000,1785186239999999,208949.71295880,928,0.63941000,41529.65500260,0
1785186240000000,64940.01000000,64940.01000000,64908.92000000,64908.93000000,1.79797000,1785186299999999,116733.46860060,1008,0.21845000,14181.69316860,0
1785186300000000,64908.92000000,64908.93000000,64908.91000000,64908.92000000,0.28759000,1785186359999999,18667.15577040,108,0.17346000,11259.10136870,0
1785186360000000,64908.91000000,64912.34000000,64908.91000000,64912.34000000,2.89911000,1785186419999999,188178.35178350,364,1.99174000,129281.93683950,0
1785186420000000,64912.33000000,64933.89000000,64912.33000000,64933.89000000,2.38122000,1785186479999999,154598.00477850,632,0.62547000,40606.75846730,0
1785186480000000,64933.88000000,64933.89000000,64931.28000000,64931.28000000,1.02974000,1785186539999999,66864.41884240,223,0.13177000,8556.11050930,0
1785186540000000,64931.28000000,64931.29000000,64931.28000000,64931.29000000,0.38226000,1785186599999999,24820.63238610,70,0.12933000,8397.56373570,0
1785186600000000,64931.29000000,64934.00000000,64929.65000000,64933.99000000,3.02938000,1785186659999999,196697.43334560,450,2.60216000,168957.55761290,0
1785186660000000,64934.00000000,64940.96000000,64930.82000000,64930.82000000,0.95781000,1785186719999999,62198.86149480,657,0.29381000,19079.39089260,0
1785186720000000,64930.82000000,64930.82000000,64914.00000000,64914.01000000,1.71376000,1785186779999999,111265.04558050,720,0.25459000,16529.33398910,0
1785186780000000,64914.01000000,64914.01000000,64900.00000000,64900.79000000,4.45516000,1785186839999999,289167.51385100,1027,0.70148000,45528.81178950,0
1785186840000000,64900.80000000,64903.43000000,64900.79000000,64903.43000000,1.34027000,1785186899999999,86984.93090590,352,1.09628000,71149.77822580,0
1785186900000000,64903.44000000,64903.44000000,64903.43000000,64903.44000000,1.42780000,1785186959999999,92669.11914180,145,0.17878000,11603.43700320,0
1785186960000000,64903.43000000,64903.44000000,64900.00000000,64900.00000000,2.40634000,1785187019999999,156179.15528150,258,0.19337000,12550.31089620,0
1785187020000000,64900.01000000,64900.01000000,64857.44000000,64857.45000000,4.87470000,1785187079999999,316254.64953120,1434,0.40710000,26404.16492720,0
1785187080000000,64857.45000000,64874.99000000,64857.44000000,64874.99000000,2.76332000,1785187139999999,179245.06788560,669,2.54179000,164873.73556800,0
1785187140000000,64874.98000000,64880.46000000,64874.98000000,64880.46000000,1.73279000,1785187199999999,112419.00998430,232,1.58285000,102691.34682390,0
1785187200000000,64880.46000000,64883.02000000,64880.45000000,64883.02000000,5.09713000,1785187259999999,330711.20628800,247,2.38480000,154727.32470350,0
1785187260000000,64883.01000000,64883.02000000,64872.28000000,64872.28000000,1.13441000,1785187319999999,73600.03588850,484,0.06261000,4061.89743330,0
1785187320000000,64872.29000000,64874.95000000,64872.28000000,64874.94000000,2.64974000,1785187379999999,171898.25710130,414,2.48940000,161496.38004560,0
1785187380000000,64874.95000000,64877.30000000,64874.94000000,64877.30000000,0.65590000,1785187439999999,42552.07719630,310,0.41995000,27244.62615540,0
1785187440000000,64877.30000000,64878.00000000,64877.29000000,64877.99000000,0.58128000,1785187499999999,37712.13552210,179,0.20207000,13109.84701440,0
1785187500000000,64877.99000000,64877.99000000,64859.17000000,64863.62000000,27.02464000,1785187559999999,1752980.19117430,1138,13.23322000,858369.33031420,0
1785187560000000,64863.62000000,64863.62000000,64863.61000000,64863.61000000,3.16014000,1785187619999999,204978.10859580,129,2.00904000,130313.60712480,0
1785187620000000,64863.62000000,64863.62000000,64859.56000000,64859.57000000,1.60313000,1785187679999999,103983.67371900,366,0.16365000,10614.64446630,0
1785187680000000,64859.56000000,64859.57000000,64854.57000000,64854.58000000,1.78460000,1785187739999999,115745.44027510,372,0.21472000,13926.22716150,0
1785187740000000,64854.58000000,64854.58000000,64819.16000000,64828.38000000,13.11766000,1785187799999999,850368.55129770,1722,8.20840000,532085.97247950,0
1785187800000000,64828.37000000,64853.51000000,64828.37000000,64853.50000000,2.94149000,1785187859999999,190731.05913550,895,2.29260000,148654.51647220,0
1785187860000000,64853.51000000,64853.51000000,64841.40000000,64841.40000000,5.15708000,1785187919999999,334449.92855560,610,0.16915000,10969.88391610,0
1785187920000000,64841.41000000,64860.00000000,64841.40000000,64860.00000000,4.73586000,1785187979999999,307108.33547470,869,4.07321000,264138.21339840,0
1785187980000000,64860.00000000,64878.00000000,64859.99000000,64877.99000000,1.84004000,1785188039999999,119362.23406800,527,1.50381000,97550.80616190,0
1785188040000000,64878.00000000,64880.00000000,64872.93000000,64872.94000000,3.60049000,1785188099999999,233596.33604560,605,0.53396000,34641.94285430,0
1785188100000000,64872.93000000,64872.94000000,64842.00000000,64842.03000000,4.58797000,1785188159999999,297519.36208130,1255,2.92108000,189410.12693980,0
1785188160000000,64842.03000000,64842.03000000,64842.02000000,64842.03000000,0.45630000,1785188219999999,29587.41798880,73,0.42628000,27640.86054840,0
1785188220000000,64842.03000000,64862.13000000,64842.02000000,64862.13000000,6.47326000,1785188279999999,419806.80038720,866,5.15273000,334178.11281520,0
1785188280000000,64862.12000000,64862.13000000,64852.13000000,64852.13000000,2.42204000,1785188339999999,157087.68754660,546,0.42903000,27825.87673310,0
1785188340000000,64852.12000000,64852.13000000,64812.05000000,64812.06000000,3.60626000,1785188399999999,233798.38953730,1410,0.35508000,23024.19378350,0
1785188400000000,64812.06000000,64818.00000000,64812.05000000,64818.00000000,4.28892000,1785188459999999,277979.45365610,579,3.48417000,225818.84855120,0
1785188460000000,64818.00000000,64818.00000000,64803.80000000,64803.80000000,2.02841000,1785188519999999,131464.15048410,1176,0.65847000,42676.22018270,0
1785188520000000,64803.79000000,64809.31000000,64803.79000000,64809.31000000,0.77191000,1785188579999999,50025.23400060,342,0.60543000,39235.92170060,0
1785188580000000,64809.31000000,64810.44000000,64796.60000000,64807.17000000,4.48112000,1785188639999999,290411.34106820,1289,2.37692000,154041.60076590,0
1785188640000000,64807.17000000,64832.67000000,64790.28000000,64819.20000000,10.34006000,1785188699999999,670166.05082870,2418,6.03661000,391255.28293090,0
1785188700000000,64819.21000000,64819.21000000,64808.47000000,64808.48000000,2.68610000,1785188759999999,174105.74020130,422,1.30251000,84425.49358640,0
1785188760000000,64808.48000000,64814.60000000,64800.00000000,64800.03000000,6.85769000,1785188819999999,444426.89207860,2686,2.97533000,192814.95354510,0
1785188820000000,64800.86000000,64824.00000000,64800.86000000,64806.36000000,2.68452000,1785188879999999,173997.28162680,1238,1.27165000,82419.27203780,0
1785188880000000,64806.36000000,64829.83000000,64806.35000000,64819.16000000,1.37492000,1785188939999999,89117.56170480,1087,0.96299000,62414.64942540,0
1785188940000000,64819.16000000,64827.74000000,64809.29000000,64827.74000000,3.90182000,1785188999999999,252891.36790400,1144,2.72459000,176586.90478550,0
1785189000000000,64827.74000000,64827.74000000,64811.81000000,64811.83000000,1.89066000,1785189059999999,122544.51621400,708,0.95271000,61747.34286510,0
1785189060000000,64811.83000000,64851.98000000,64811.83000000,64851.98000000,2.42294000,1785189119999999,157070.84286260,1343,2.31066000,149791.39204540,0
1785189120000000,64851.97000000,64855.42000000,64851.97000000,64855.40000000,3.20425000,1785189179999999,207811.06273590,275,2.99451000,194208.33711770,0
1785189180000000,64855.40000000,64855.41000000,64824.01000000,64834.00000000,2.61716000,1785189239999999,169700.71971970,2104,0.67285000,43623.77757490,0
1785189240000000,64834.01000000,64869.91000000,64834.01000000,64845.85000000,10.61664000,1785189299999999,688586.62126010,2024,2.51578000,163140.44322570,0
1785189300000000,64845.86000000,64852.73000000,64834.42000000,64852.73000000,2.99549000,1785189359999999,194221.06544370,980,2.65488000,172135.03464690,0
1785189360000000,64852.72000000,64852.72000000,64842.00000000,64842.01000000,2.54933000,1785189419999999,165317.70636040,580,0.25815000,16739.03642990,0
1785189420000000,64842.00000000,64842.01000000,64837.60000000,64837.61000000,0.64560000,1785189479999999,41861.01198900,366,0.17089000,11080.63352520,0
1785189480000000,64837.60000000,64837.61000000,64826.93000000,64826.93000000,0.72971000,1785189539999999,47310.13417580,619,0.18974000,12301.96637860,0
1785189540000000,64826.94000000,64834.00000000,64811.81000000,64821.25000000,5.51074000,1785189599999999,357233.58067190,1743,4.07488000,264157.73235220,0
1785189600000000,64821.26000000,64821.26000000,64770.00000000,64780.44000000,4.31606000,1785189659999999,279656.95840350,2034,0.69691000,45149.01429560,0
1785189660000000,64780.43000000,64780.44000000,64676.38000000,64685.11000000,15.58548000,1785189719999999,1008582.58266130,4388,2.62989000,170168.40660850,0
1785189720000000,64685.11000000,64710.00000000,64671.07000000,64671.08000000,10.23940000,1785189779999999,662410.71681710,2106,1.90069000,122963.39663620,0
1785189780000000,64671.07000000,64710.00000000,64671.07000000,64696.36000000,6.38063000,1785189839999999,412805.47878220,2596,4.11470000,266187.78805180,0
1785189840000000,64696.36000000,64710.00000000,64691.79000000,64710.00000000,9.18371000,1785189899999999,594190.27387250,2632,5.93068000,383702.27851040,0
1785189900000000,64709.99000000,64715.14000000,64697.17000000,64699.03000000,9.48109000,1785189959999999,613496.86448650,2913,5.03040000,325493.36253670,0
1785189960000000,64699.02000000,64720.00000000,64693.09000000,64719.99000000,4.50071000,1785190019999999,291220.34795310,1296,1.78992000,115816.45754610,0
1785190020000000,64720.00000000,64731.98000000,64714.09000000,64714.10000000,18.62459000,1785190079999999,1205497.99551670,1312,16.80882000,1087973.47008610,0
1785190080000000,64714.10000000,64734.00000000,64714.09000000,64714.36000000,5.66249000,1785190139999999,366502.85779090,1780,2.38908000,154622.26792510,0
1785190140000000,64714.35000000,64738.00000000,64714.09000000,64737.99000000,2.46681000,1785190199999999,159678.47950280,917,1.26874000,82122.56950360,0
1785190200000000,64738.00000000,64741.85000000,64728.35000000,64733.88000000,9.85479000,1785190259999999,637948.87129460,1771,5.76824000,373395.34223630,0
1785190260000000,64733.88000000,64733.89000000,64721.23000000,64721.24000000,1.57276000,1785190319999999,101798.85298970,710,0.29139000,18860.83539730,0
1785190320000000,64721.23000000,64722.81000000,64704.84000000,64722.81000000,8.49926000,1785190379999999,550018.57945240,2036,4.36536000,282485.84384170,0
1785190380000000,64722.82000000,64726.15000000,64717.66000000,64722.90000000,3.96614000,1785190439999999,256704.80814190,778,1.88898000,122262.13545640,0
1785190440000000,64722.91000000,64726.01000000,64710.75000000,64726.01000000,3.21911000,1785190499999999,208328.00189380,1209,1.50862000,97632.15069170,0
1785190500000000,64726.01000000,64744.39000000,64720.46000000,64728.39000000,6.72760000,1785190559999999,435508.29207460,2127,3.02476000,195790.17336150,0
1785190560000000,64728.39000000,64738.00000000,64728.00000000,64738.00000000,4.67021000,1785190619999999,302311.73210390,1321,2.77630000,179711.39094110,0
1785190620000000,64738.00000000,64750.00000000,64738.00000000,64744.54000000,1.39256000,1785190679999999,90164.48917100,954,0.80231000,51946.81971350,0
1785190680000000,64744.54000000,64757.93000000,64744.54000000,64757.93000000,5.53031000,1785190739999999,358090.81700060,736,3.19128000,206637.26587710,0
1785190740000000,64757.92000000,64757.93000000,64742.09000000,64742.09000000,11.73751000,1785190799999999,760027.88947310,870,4.17318000,270216.86662810,0
1785190800000000,64742.10000000,64751.88000000,64729.37000000,64729.38000000,7.83552000,1785190859999999,507299.72387690,1651,2.70356000,175044.38173820,0
1785190860000000,64729.38000000,64729.38000000,64710.45000000,64714.00000000,6.09273000,1785190919999999,394320.00281890,1302,2.09357000,135496.41517200,0
1785190920000000,64714.00000000,64728.00000000,64713.99000000,64728.00000000,4.02352000,1785190979999999,260406.99054470,612,2.48444000,160789.30684170,0
1785190980000000,64728.00000000,64728.00000000,64700.94000000,64700.95000000,7.36397000,1785191039999999,476543.47172280,1706,0.84066000,54394.57298180,0
1785191040000000,64700.94000000,64700.95000000,64676.13000000,64676.14000000,4.01207000,1785191099999999,259528.53988460,1343,0.74087000,47917.70562300,0
1785191100000000,64676.14000000,64679.52000000,64591.63000000,64593.54000000,11.41528000,1785191159999999,737845.10608630,3353,1.93160000,124889.14719040,0
1785191160000000,64593.54000000,64630.03000000,64577.06000000,64624.85000000,8.56489000,1785191219999999,553327.22481430,2970,3.92030000,253289.97704970,0
1785191220000000,64624.85000000,64624.85000000,64602.76000000,64606.00000000,3.69712000,1785191279999999,238864.21641060,995,1.14258000,73816.29343220,0
1785191280000000,64606.00000000,64610.23000000,64595.52000000,64610.22000000,8.86197000,1785191339999999,572493.64425610,1199,4.17907000,269972.17132870,0
1785191340000000,64610.22000000,64610.23000000,64602.70000000,64602.71000000,2.90424000,1785191399999999,187633.73952950,403,0.94444000,61013.77082290,0
1785191400000000,64602.70000000,64602.71000000,64567.36000000,64576.01000000,7.41501000,1785191459999999,478839.17762120,1977,3.46906000,224006.46612490,0
1785191460000000,64576.00000000,64576.01000000,64555.01000000,64555.01000000,2.39299000,1785191519999999,154513.24553510,769,0.77670000,50155.04091820,0
1785191520000000,64555.02000000,64582.51000000,64555.01000000,64582.50000000,6.38118000,1785191579999999,412007.38840870,1264,6.24736000,403366.07279340,0
1785191580000000,64582.51000000,64594.08000000,64582.51000000,64594.07000000,4.24684000,1785191639999999,274292.71861740,668,3.47226000,224259.45824300,0
1785191640000000,64594.07000000,64601.99000000,64520.54000000,64533.99000000,11.47862000,1785191699999999,740957.47044980,3589,2.16877000,139979.63398890,0
1785191700000000,64534.00000000,64547.68000000,64532.19000000,64536.01000000,6.86053000,1785191759999999,442768.17127890,1335,2.60992000,168435.63447470,0
1785191760000000,64536.01000000,64566.00000000,64536.00000000,64565.99000000,3.27157000,1785191819999999,211188.66621980,1281,1.87173000,120818.59582960,0
1785191820000000,64565.99000000,64565.99000000,64515.00000000,64526.00000000,6.17050000,1785191879999999,398178.42172560,2392,1.21478000,78381.65661470,0
1785191880000000,64525.99000000,64535.31000000,64516.01000000,64530.00000000,2.81859000,1785191939999999,181871.76610930,1312,1.52398000,98337.30708940,0
1785191940000000,64530.00000000,64534.00000000,64530.00000000,64534.00000000,0.93015000,1785191999999999,60025.59495650,320,0.64386000,41550.37745180,0
1785192000000000,64533.99000000,64534.00000000,64150.00000000,64229.91000000,224.27500000,1785192059999999,14415590.46580530,17501,72.30772000,4644106.43990130,0
1785192060000000,64229.91000000,64280.42000000,64208.55000000,64244.85000000,20.27915000,1785192119999999,1302948.16268030,5433,9.86098000,633524.70079360,0
1785192120000000,64244.84000000,64244.84000000,64165.58000000,64181.68000000,23.18722000,1785192179999999,1488694.57849330,4919,10.46184000,671622.88703700,0
1785192180000000,64181.67000000,64242.22000000,64171.38000000,64242.22000000,18.44488000,1785192239999999,1184229.46841990,2536,12.08973000,776197.04449960,0
1785192240000000,64242.23000000,64243.74000000,64165.58000000,64213.99000000,32.95768000,1785192299999999,2116293.75734630,3511,3.04962000,195761.04128040,0
1785192300000000,64213.99000000,64225.82000000,64150.00000000,64150.01000000,16.01291000,1785192359999999,1027805.42934200,4549,4.81812000,309291.14284910,0
1785192360000000,64150.00000000,64150.05000000,64069.10000000,64133.53000000,128.12101000,1785192419999999,8214143.96440970,7389,19.58160000,1255601.15155830,0
1785192420000000,64133.54000000,64142.07000000,64095.00000000,64095.00000000,7.11270000,1785192479999999,456041.11339770,3392,2.68382000,172066.79806490,0
1785192480000000,64095.01000000,64145.48000000,64068.76000000,64138.73000000,36.38865000,1785192539999999,2332604.60301650,4717,6.63655000,425510.09395850,0
1785192540000000,64138.73000000,64187.44000000,64124.00000000,64124.00000000,11.28812000,1785192599999999,724247.59150490,3554,4.54594000,291669.75085290,0
1785192600000000,64124.01000000,64124.01000000,64014.00000000,64068.29000000,37.87249000,1785192659999999,2425306.76216810,7965,14.80309000,947999.22774270,0
1785192660000000,64068.30000000,64071.35000000,63996.86000000,64061.97000000,33.71683000,1785192719999999,2158297.50347150,7201,5.35071000,342619.24603250,0
1785192720000000,64061.98000000,64061.98000000,63998.00000000,64022.16000000,21.76335000,1785192779999999,1393238.34472660,3842,6.16709000,394747.05333340,0
1785192780000000,64022.16000000,64022.62000000,63978.62000000,63989.70000000,14.24208000,1785192839999999,911440.73215670,4414,6.55366000,419393.80490490,0
1785192840000000,63989.71000000,64008.00000000,63986.19000000,63998.31000000,15.46462000,1785192899999999,989752.57465080,3122,8.45856000,541333.38847200,0
1785192900000000,63998.30000000,64054.55000000,63998.30000000,64048.72000000,14.11791000,1785192959999999,903991.17730930,2799,11.00707000,704793.74664110,0
1785192960000000,64048.72000000,64056.00000000,64010.42000000,64035.56000000,14.05072000,1785193019999999,899745.26019860,2363,7.60847000,487188.06993170,0
1785193020000000,64035.56000000,64037.20000000,63825.90000000,63830.00000000,101.45334000,1785193079999999,6481762.27835730,10154,23.65538000,1511242.85323950,0
1785193080000000,63830.00000000,63886.00000000,63800.04000000,63886.00000000,52.36910000,1785193139999999,3342738.22776180,5677,14.51534000,926730.70133060,0
1785193140000000,63886.00000000,63886.00000000,63792.00000000,63792.00000000,47.08029000,1785193199999999,3004954.87067230,5160,10.22216000,652420.31717300,0
1785193200000000,63792.01000000,63832.78000000,63666.79000000,63758.54000000,145.12065000,1785193259999999,9248006.66999870,19823,57.15790000,3642093.06574850,0
1785193260000000,63758.55000000,63772.12000000,63680.00000000,63689.99000000,33.87697000,1785193319999999,2158522.98410830,9874,8.34072000,531437.25808240,0
1785193320000000,63690.00000000,63750.00000000,63650.02000000,63683.11000000,35.65800000,1785193379999999,2271167.09341120,7902,18.73817000,1193417.18916520,0
1785193380000000,63683.11000000,63732.76000000,63616.13000000,63672.01000000,24.23416000,1785193439999999,1542949.49385860,8821,11.53822000,734694.70212080,0
1785193440000000,63672.01000000,63695.23000000,63605.56000000,63692.98000000,30.27198000,1785193499999999,1926692.02202500,8800,14.68481000,934732.69561420,0
1785193500000000,63692.97000000,63797.52000000,63670.68000000,63776.00000000,26.52335000,1785193559999999,1690813.78015960,8804,13.75728000,876950.14085060,0
1785193560000000,63776.00000000,63845.90000000,63776.00000000,63834.00000000,14.90714000,1785193619999999,951477.18075080,4859,10.41819000,664920.35344990,0
1785193620000000,63833.99000000,63845.90000000,63790.52000000,63790.53000000,24.14176000,1785193679999999,1540669.23057520,5401,9.82966000,627273.78193820,0
1785193680000000,63790.53000000,63792.69000000,63670.10000000,63698.01000000,32.66265000,1785193739999999,2081309.16505610,9348,12.39317000,789564.26036830,0
1785193740000000,63698.01000000,63698.01000000,63663.41000000,63666.18000000,7.62285000,1785193799999999,485432.45096500,3619,3.09694000,197207.31597890,0
1785193800000000,63666.19000000,63674.00000000,63630.00000000,63673.99000000,26.04195000,1785193859999999,1657743.25541580,5371,15.68186000,998245.91074770,0
1785193860000000,63673.99000000,63746.00000000,63673.99000000,63731.87000000,13.81601000,1785193919999999,880226.43343770,5050,11.39717000,726108.74470820,0
1785193920000000,63732.00000000,63774.00000000,63731.99000000,63771.99000000,15.70416000,1785193979999999,1001187.04577230,3029,11.60071000,739584.43430980,0
1785193980000000,63772.00000000,63858.97000000,63772.00000000,63818.15000000,24.53793000,1785194039999999,1566039.27740510,4688,21.60575000,1378840.92485780,0
1785194040000000,63818.16000000,63822.01000000,63786.00000000,63800.01000000,5.17280000,1785194099999999,330074.71498300,1994,2.30961000,147377.47786730,0
1785194100000000,63800.01000000,63804.00000000,63760.98000000,63776.01000000,10.87099000,1785194159999999,693467.14736940,2720,4.07347000,259846.16771690,0
1785194160000000,63776.00000000,63776.01000000,63726.00000000,63732.01000000,11.50787000,1785194219999999,733502.24851560,2258,5.22764000,333164.48977170,0
1785194220000000,63732.01000000,63800.00000000,63732.01000000,63785.02000000,12.01187000,1785194279999999,765900.42917630,3614,10.29155000,656171.82297420,0
1785194280000000,63785.03000000,63880.00000000,63785.03000000,63880.00000000,31.72132000,1785194339999999,2024851.13605060,4237,27.64965000,1764891.37858790,0
1785194340000000,63879.99000000,63906.21000000,63876.00000000,63906.21000000,28.99296000,1785194399999999,1852379.37808830,3272,23.40291000,1495202.65480090,0
1785194400000000,63906.21000000,63939.77000000,63903.95000000,63906.00000000,14.32292000,1785194459999999,915523.49549160,4338,8.01216000,512154.47268690,0
1785194460000000,63906.01000000,63919.69000000,63892.03000000,63916.93000000,8.77960000,1785194519999999,561092.41177840,2464,6.48032000,414158.60087470,0
1785194520000000,63916.92000000,63916.92000000,63896.93000000,63896.95000000,7.00535000,1785194579999999,447676.63672660,1838,2.46306000,157393.74654620,0
1785194580000000,63896.95000000,63906.00000000,63858.00000000,63864.91000000,16.41862000,1785194639999999,1048837.06751890,4167,4.88391000,311949.81374180,0
1785194640000000,63864.90000000,63864.91000000,63850.32000000,63850.32000000,6.42087000,1785194699999999,410034.05107600,1600,2.02686000,129435.83344310,0
1785194700000000,63850.33000000,63928.00000000,63850.32000000,63926.70000000,19.70986000,1785194759999999,1259399.10464310,3212,15.70964000,1003735.53465510,0
1785194760000000,63926.70000000,63940.27000000,63906.01000000,63906.01000000,21.09392000,1785194819999999,1348424.29735430,3948,13.28869000,849459.78797140,0
1785194820000000,63906.01000000,63906.01000000,63856.01000000,63856.01000000,7.88775000,1785194879999999,503882.55748230,2826,3.16051000,201888.02814960,0
1785194880000000,63856.01000000,63906.00000000,63856.01000000,63900.00000000,12.70847000,1785194939999999,811842.87340830,2359,10.62003000,678401.34496250,0
1785194940000000,63900.00000000,63900.01000000,63882.56000000,63882.56000000,4.90998000,1785194999999999,313707.74384630,1048,1.45096000,92702.66224890,0
1785195000000000,63882.38000000,63916.00000000,63882.00000000,63912.01000000,6.20104000,1785195059999999,396227.73972380,2073,3.87763000,247761.76442080,0
1785195060000000,63912.01000000,63922.00000000,63878.77000000,63878.78000000,11.03283000,1785195119999999,705025.87395550,1826,6.86574000,438728.31971740,0
1785195120000000,63878.77000000,63892.00000000,63868.00000000,63874.01000000,9.08718000,1785195179999999,580538.12432640,1754,2.89214000,184758.24931580,0
1785195180000000,63874.01000000,63874.01000000,63858.00000000,63858.01000000,2.35404000,1785195239999999,150340.36767110,572,1.25926000,80419.16901510,0
1785195240000000,63858.00000000,63858.01000000,63830.06000000,63830.07000000,7.42188000,1785195299999999,473888.57502320,760,1.76779000,112881.53883670,0
1785195300000000,63830.06000000,63848.00000000,63800.00000000,63800.01000000,17.76201000,1785195359999999,1133805.71842700,3286,5.49961000,351021.73970650,0
1785195360000000,63800.00000000,63803.54000000,63764.00000000,63803.54000000,20.76232000,1785195419999999,1324304.46709410,3708,5.60018000,357211.50950790,0
1785195420000000,63803.53000000,63803.54000000,63762.01000000,63768.48000000,7.46651000,1785195479999999,476184.77405130,2575,2.59503000,165493.33654650,0
1785195480000000,63768.47000000,63768.47000000,63758.33000000,63768.47000000,3.86947000,1785195539999999,246737.33451200,993,3.17343000,202353.65315390,0
1785195540000000,63768.47000000,63768.47000000,63742.17000000,63765.82000000,5.52774000,1785195599999999,352433.91709610,1747,3.70842000,236434.68789180,0
1785195600000000,63765.82000000,63765.82000000,63754.00000000,63754.00000000,5.19037000,1785195659999999,330942.74537200,1315,2.75663000,175763.78336660,0
1785195660000000,63754.00000000,63756.00000000,63690.43000000,63690.43000000,35.16202000,1785195719999999,2240643.91612140,5613,10.58685000,674768.31110180,0
1785195720000000,63690.43000000,63690.43000000,63634.00000000,63662.05000000,23.30460000,1785195779999999,1483496.59270550,4154,8.56078000,544884.20399040,0
1785195780000000,63662.04000000,63702.00000000,63662.04000000,63680.01000000,4.34430000,1785195839999999,276656.39471510,2806,2.71586000,172943.99625130,0
1785195840000000,63680.00000000,63685.99000000,63673.58000000,63685.96000000,2.93882000,1785195899999999,187144.95529410,1328,2.13762000,136124.75717670,0
1785195900000000,63685.95000000,63706.00000000,63663.47000000,63703.48000000,10.73141000,1785195959999999,683455.87299000,3614,5.53310000,352385.91379690,0
1785195960000000,63703.48000000,63712.71000000,63688.00000000,63688.01000000,5.75981000,1785196019999999,366941.40428450,1391,2.95801000,188453.89247420,0
1785196020000000,63688.01000000,63718.43000000,63684.00000000,63718.43000000,14.63668000,1785196079999999,932390.05199290,2171,12.43640000,792225.28611090,0
1785196080000000,63718.43000000,63756.00000000,63712.00000000,63712.00000000,7.71242000,1785196139999999,491524.96853520,2660,4.18615000,266792.31005860,0
1785196140000000,63712.01000000,63712.01000000,63670.00000000,63697.71000000,5.59147000,1785196199999999,356131.12101010,2246,4.03111000,256743.88208560,0
1785196200000000,63697.71000000,63733.57000000,63695.16000000,63704.00000000,6.04613000,1785196259999999,385203.99466480,2371,4.12581000,262851.00612390,0
1785196260000000,63704.01000000,63756.00000000,63704.00000000,63756.00000000,13.66528000,1785196319999999,870805.74719670,2114,9.36384000,596682.78690610,0
1785196320000000,63755.99000000,63768.47000000,63748.67000000,63762.69000000,6.08375000,1785196379999999,387867.99690940,2290,4.98623000,317890.08028600,0
1785196380000000,63762.68000000,63776.00000000,63759.73000000,63775.59000000,6.76283000,1785196439999999,431240.18486230,1318,6.45719000,411749.49747260,0
1785196440000000,63775.65000000,63775.65000000,63758.00000000,63758.01000000,6.22971000,1785196499999999,397245.98564520,877,2.65222000,169102.76231950,0
1785196500000000,63758.02000000,63764.00000000,63745.22000000,63745.23000000,4.17755000,1785196559999999,266354.08975170,1163,2.56601000,163608.74164700,0
1785196560000000,63745.23000000,63772.00000000,63745.22000000,63772.00000000,7.33237000,1785196619999999,467465.05263510,1895,4.96078000,316266.24898930,0
1785196620000000,63771.99000000,63789.63000000,63771.99000000,63776.58000000,8.82638000,1785196679999999,562953.12367520,1618,5.68761000,362748.57336390,0
1785196680000000,63776.59000000,63790.00000000,63768.47000000,63768.47000000,5.03033000,1785196739999999,320855.70568950,1354,2.21823000,141486.29194150,0
1785196740000000,63768.48000000,63768.48000000,63755.85000000,63755.86000000,1.98599000,1785196799999999,126632.85722010,378,0.64270000,40981.38280740,0
